{
  "type": "FeatureCollection",
  "features": [
    {
      "type": "Feature",
      "properties": {
        "building_id": "OSM_BLD_371719223",
        "type": "yes",
        "name": "Edamana Sreekrishna Swami Temple"
      },
      "geometry": {
        "type": "Polygon",
        "coordinates": [
          [
            [
              76.4731711,
              9.6911746
            ],
            [
              76.4731694,
              9.6910551
            ],
            [
              76.4733378,
              9.6910527
            ],
            [
              76.4733383,
              9.691089
            ],
            [
              76.473393,
              9.6910882
            ],
            [
              76.4733935,
              9.6911238
            ],
            [
              76.4733423,
              9.6911245
            ],
            [
              76.473343,
              9.6911722
            ],
            [
              76.4731711,
              9.6911746
            ]
          ]
        ]
      }
    },
    {
      "type": "Feature",
      "properties": {
        "building_id": "OSM_BLD_371719344",
        "type": "yes",
        "name": "Chennoth Sree Dharma Shastha Temple"
      },
      "geometry": {
        "type": "Polygon",
        "coordinates": [
          [
            [
              76.4742207,
              9.6868598
            ],
            [
              76.4741938,
              9.6866959
            ],
            [
              76.4744657,
              9.6866958
            ],
            [
              76.4744564,
              9.6868419
            ],
            [
              76.4742207,
              9.6868598
            ]
          ]
        ]
      }
    },
    {
      "type": "Feature",
      "properties": {
        "building_id": "OSM_BLD_563853577",
        "type": "school",
        "name": "Building"
      },
      "geometry": {
        "type": "Polygon",
        "coordinates": [
          [
            [
              76.4770833,
              9.6994565
            ],
            [
              76.4770886,
              9.6993718
            ],
            [
              76.4772628,
              9.6993824
            ],
            [
              76.4772832,
              9.6990554
            ],
            [
              76.4771105,
              9.6990449
            ],
            [
              76.4771154,
              9.6989657
            ],
            [
              76.477363,
              9.6989808
            ],
            [
              76.4773322,
              9.6994717
            ],
            [
              76.4770833,
              9.6994565
            ]
          ]
        ]
      }
    },
    {
      "type": "Feature",
      "properties": {
        "building_id": "OSM_BLD_618837606",
        "type": "yes",
        "name": "Building"
      },
      "geometry": {
        "type": "Polygon",
        "coordinates": [
          [
            [
              76.420771,
              9.669148
            ],
            [
              76.4208263,
              9.6691304
            ],
            [
              76.4207995,
              9.6690484
            ],
            [
              76.4207442,
              9.669066
            ],
            [
              76.420771,
              9.669148
            ]
          ]
        ]
      }
    },
    {
      "type": "Feature",
      "properties": {
        "building_id": "OSM_BLD_618837632",
        "type": "yes",
        "name": "Building"
      },
      "geometry": {
        "type": "Polygon",
        "coordinates": [
          [
            [
              76.4207925,
              9.6711456
            ],
            [
              76.4208703,
              9.671172
            ],
            [
              76.4208877,
              9.6711223
            ],
            [
              76.4208099,
              9.6710958
            ],
            [
              76.4207925,
              9.6711456
            ]
          ]
        ]
      }
    },
    {
      "type": "Feature",
      "properties": {
        "building_id": "OSM_BLD_618837633",
        "type": "yes",
        "name": "Building"
      },
      "geometry": {
        "type": "Polygon",
        "coordinates": [
          [
            [
              76.4203875,
              9.6711773
            ],
            [
              76.4204277,
              9.6711046
            ],
            [
              76.4203613,
              9.6710689
            ],
            [
              76.420321,
              9.6711416
            ],
            [
              76.4203875,
              9.6711773
            ]
          ]
        ]
      }
    },
    {
      "type": "Feature",
      "properties": {
        "building_id": "OSM_BLD_618837634",
        "type": "yes",
        "name": "Building"
      },
      "geometry": {
        "type": "Polygon",
        "coordinates": [
          [
            [
              76.4206906,
              9.6705018
            ],
            [
              76.4207156,
              9.670446
            ],
            [
              76.4206458,
              9.6704156
            ],
            [
              76.4206208,
              9.6704714
            ],
            [
              76.4206906,
              9.6705018
            ]
          ]
        ]
      }
    },
    {
      "type": "Feature",
      "properties": {
        "building_id": "OSM_BLD_618837635",
        "type": "yes",
        "name": "Building"
      },
      "geometry": {
        "type": "Polygon",
        "coordinates": [
          [
            [
              76.4201018,
              9.6707186
            ],
            [
              76.4201172,
              9.6706706
            ],
            [
              76.4200368,
              9.6706455
            ],
            [
              76.4200214,
              9.6706935
            ],
            [
              76.4201018,
              9.6707186
            ]
          ]
        ]
      }
    },
    {
      "type": "Feature",
      "properties": {
        "building_id": "OSM_BLD_618837641",
        "type": "yes",
        "name": "Building"
      },
      "geometry": {
        "type": "Polygon",
        "coordinates": [
          [
            [
              76.4208743,
              9.669189
            ],
            [
              76.4209257,
              9.66919
            ],
            [
              76.4209271,
              9.6691239
            ],
            [
              76.4208756,
              9.6691229
            ],
            [
              76.4208743,
              9.669189
            ]
          ]
        ]
      }
    },
    {
      "type": "Feature",
      "properties": {
        "building_id": "OSM_BLD_618837642",
        "type": "yes",
        "name": "Building"
      },
      "geometry": {
        "type": "Polygon",
        "coordinates": [
          [
            [
              76.4206369,
              9.6685742
            ],
            [
              76.420645,
              9.668495
            ],
            [
              76.4205645,
              9.6684871
            ],
            [
              76.4205565,
              9.6685663
            ],
            [
              76.4206369,
              9.6685742
            ]
          ]
        ]
      }
    },
    {
      "type": "Feature",
      "properties": {
        "building_id": "OSM_BLD_618837643",
        "type": "yes",
        "name": "Building"
      },
      "geometry": {
        "type": "Polygon",
        "coordinates": [
          [
            [
              76.4203995,
              9.6686932
            ],
            [
              76.4204765,
              9.6686946
            ],
            [
              76.4204778,
              9.6686205
            ],
            [
              76.4204009,
              9.6686192
            ],
            [
              76.4203995,
              9.6686932
            ]
          ]
        ]
      }
    },
    {
      "type": "Feature",
      "properties": {
        "building_id": "OSM_BLD_618837644",
        "type": "yes",
        "name": "Building"
      },
      "geometry": {
        "type": "Polygon",
        "coordinates": [
          [
            [
              76.4202319,
              9.6688228
            ],
            [
              76.4203086,
              9.6688242
            ],
            [
              76.42031,
              9.6687555
            ],
            [
              76.4202332,
              9.668754
            ],
            [
              76.4202319,
              9.6688228
            ]
          ]
        ]
      }
    },
    {
      "type": "Feature",
      "properties": {
        "building_id": "OSM_BLD_618837648",
        "type": "yes",
        "name": "Building"
      },
      "geometry": {
        "type": "Polygon",
        "coordinates": [
          [
            [
              76.4201769,
              9.6686839
            ],
            [
              76.4201809,
              9.6685848
            ],
            [
              76.4200951,
              9.6685814
            ],
            [
              76.4200911,
              9.6686806
            ],
            [
              76.4201769,
              9.6686839
            ]
          ]
        ]
      }
    },
    {
      "type": "Feature",
      "properties": {
        "building_id": "OSM_BLD_618837651",
        "type": "yes",
        "name": "Building"
      },
      "geometry": {
        "type": "Polygon",
        "coordinates": [
          [
            [
              76.4203285,
              9.6681445
            ],
            [
              76.4203497,
              9.6680732
            ],
            [
              76.4202263,
              9.6680375
            ],
            [
              76.4202051,
              9.6681089
            ],
            [
              76.4203285,
              9.6681445
            ]
          ]
        ]
      }
    },
    {
      "type": "Feature",
      "properties": {
        "building_id": "OSM_BLD_618837655",
        "type": "yes",
        "name": "Building"
      },
      "geometry": {
        "type": "Polygon",
        "coordinates": [
          [
            [
              76.4201997,
              9.6677678
            ],
            [
              76.42024,
              9.6676461
            ],
            [
              76.4201354,
              9.6676125
            ],
            [
              76.4200951,
              9.6677341
            ],
            [
              76.4201997,
              9.6677678
            ]
          ]
        ]
      }
    },
    {
      "type": "Feature",
      "properties": {
        "building_id": "OSM_BLD_618837656",
        "type": "yes",
        "name": "Building"
      },
      "geometry": {
        "type": "Polygon",
        "coordinates": [
          [
            [
              76.4204478,
              9.6671768
            ],
            [
              76.4204881,
              9.6670552
            ],
            [
              76.4203875,
              9.6670228
            ],
            [
              76.4203473,
              9.6671445
            ],
            [
              76.4204478,
              9.6671768
            ]
          ]
        ]
      }
    },
    {
      "type": "Feature",
      "properties": {
        "building_id": "OSM_BLD_618837657",
        "type": "yes",
        "name": "Building"
      },
      "geometry": {
        "type": "Polygon",
        "coordinates": [
          [
            [
              76.420767,
              9.666915
            ],
            [
              76.4207762,
              9.6668508
            ],
            [
              76.4206716,
              9.6668363
            ],
            [
              76.4206624,
              9.6669005
            ],
            [
              76.420767,
              9.666915
            ]
          ]
        ]
      }
    },
    {
      "type": "Feature",
      "properties": {
        "building_id": "OSM_BLD_618837658",
        "type": "yes",
        "name": "Building"
      },
      "geometry": {
        "type": "Polygon",
        "coordinates": [
          [
            [
              76.420763,
              9.6665832
            ],
            [
              76.4207804,
              9.6664933
            ],
            [
              76.4207124,
              9.6664805
            ],
            [
              76.420695,
              9.6665704
            ],
            [
              76.420763,
              9.6665832
            ]
          ]
        ]
      }
    },
    {
      "type": "Feature",
      "properties": {
        "building_id": "OSM_BLD_618837659",
        "type": "yes",
        "name": "Building"
      },
      "geometry": {
        "type": "Polygon",
        "coordinates": [
          [
            [
              76.4208314,
              9.6665382
            ],
            [
              76.420892,
              9.6665532
            ],
            [
              76.4209148,
              9.6664633
            ],
            [
              76.4208542,
              9.6664483
            ],
            [
              76.4208314,
              9.6665382
            ]
          ]
        ]
      }
    },
    {
      "type": "Feature",
      "properties": {
        "building_id": "OSM_BLD_619431232",
        "type": "yes",
        "name": "Building"
      },
      "geometry": {
        "type": "Polygon",
        "coordinates": [
          [
            [
              76.4202608,
              9.6575344
            ],
            [
              76.4204268,
              9.6576686
            ],
            [
              76.420402,
              9.6576985
            ],
            [
              76.4202359,
              9.6575643
            ],
            [
              76.4202608,
              9.6575344
            ]
          ]
        ]
      }
    },
    {
      "type": "Feature",
      "properties": {
        "building_id": "OSM_BLD_619431233",
        "type": "yes",
        "name": "Building"
      },
      "geometry": {
        "type": "Polygon",
        "coordinates": [
          [
            [
              76.4203026,
              9.6577148
            ],
            [
              76.4201558,
              9.6575816
            ],
            [
              76.4201864,
              9.6575489
            ],
            [
              76.4203332,
              9.6576821
            ],
            [
              76.4203026,
              9.6577148
            ]
          ]
        ]
      }
    },
    {
      "type": "Feature",
      "properties": {
        "building_id": "OSM_BLD_619431234",
        "type": "yes",
        "name": "Building"
      },
      "geometry": {
        "type": "Polygon",
        "coordinates": [
          [
            [
              76.4202288,
              9.6577205
            ],
            [
              76.4201052,
              9.6576158
            ],
            [
              76.4201333,
              9.6575835
            ],
            [
              76.4202569,
              9.6576882
            ],
            [
              76.4202288,
              9.6577205
            ]
          ]
        ]
      }
    },
    {
      "type": "Feature",
      "properties": {
        "building_id": "OSM_BLD_619431235",
        "type": "yes",
        "name": "Building"
      },
      "geometry": {
        "type": "Polygon",
        "coordinates": [
          [
            [
              76.4204569,
              9.6577999
            ],
            [
              76.4204213,
              9.6577742
            ],
            [
              76.4204549,
              9.6577289
            ],
            [
              76.4204905,
              9.6577546
            ],
            [
              76.4204569,
              9.6577999
            ]
          ]
        ]
      }
    },
    {
      "type": "Feature",
      "properties": {
        "building_id": "OSM_BLD_619431236",
        "type": "yes",
        "name": "Building"
      },
      "geometry": {
        "type": "Polygon",
        "coordinates": [
          [
            [
              76.4206977,
              9.6581129
            ],
            [
              76.4207199,
              9.6579715
            ],
            [
              76.4207997,
              9.6579837
            ],
            [
              76.4207775,
              9.6581251
            ],
            [
              76.4206977,
              9.6581129
            ]
          ]
        ]
      }
    },
    {
      "type": "Feature",
      "properties": {
        "building_id": "OSM_BLD_619431237",
        "type": "yes",
        "name": "Building"
      },
      "geometry": {
        "type": "Polygon",
        "coordinates": [
          [
            [
              76.4203642,
              9.6581432
            ],
            [
              76.4202816,
              9.6580672
            ],
            [
              76.4203435,
              9.6580018
            ],
            [
              76.4204261,
              9.6580777
            ],
            [
              76.4203642,
              9.6581432
            ]
          ]
        ]
      }
    },
    {
      "type": "Feature",
      "properties": {
        "building_id": "OSM_BLD_619431238",
        "type": "yes",
        "name": "Building"
      },
      "geometry": {
        "type": "Polygon",
        "coordinates": [
          [
            [
              76.4203231,
              9.6579079
            ],
            [
              76.42026,
              9.6578772
            ],
            [
              76.4202974,
              9.6578025
            ],
            [
              76.4203605,
              9.6578331
            ],
            [
              76.4203231,
              9.6579079
            ]
          ]
        ]
      }
    },
    {
      "type": "Feature",
      "properties": {
        "building_id": "OSM_BLD_619431239",
        "type": "yes",
        "name": "Building"
      },
      "geometry": {
        "type": "Polygon",
        "coordinates": [
          [
            [
              76.4200784,
              9.6577944
            ],
            [
              76.4200583,
              9.6576918
            ],
            [
              76.4201331,
              9.6576775
            ],
            [
              76.4201532,
              9.6577801
            ],
            [
              76.4200784,
              9.6577944
            ]
          ]
        ]
      }
    },
    {
      "type": "Feature",
      "properties": {
        "building_id": "OSM_BLD_619431240",
        "type": "yes",
        "name": "Building"
      },
      "geometry": {
        "type": "Polygon",
        "coordinates": [
          [
            [
              76.4201012,
              9.6579364
            ],
            [
              76.4200947,
              9.6578211
            ],
            [
              76.4202165,
              9.6578144
            ],
            [
              76.4202229,
              9.6579298
            ],
            [
              76.4201012,
              9.6579364
            ]
          ]
        ]
      }
    },
    {
      "type": "Feature",
      "properties": {
        "building_id": "OSM_BLD_619431244",
        "type": "yes",
        "name": "Building"
      },
      "geometry": {
        "type": "Polygon",
        "coordinates": [
          [
            [
              76.4208264,
              9.6584995
            ],
            [
              76.4208377,
              9.6583865
            ],
            [
              76.4209597,
              9.6583984
            ],
            [
              76.4209484,
              9.6585113
            ],
            [
              76.4208264,
              9.6584995
            ]
          ]
        ]
      }
    },
    {
      "type": "Feature",
      "properties": {
        "building_id": "OSM_BLD_619431245",
        "type": "yes",
        "name": "Building"
      },
      "geometry": {
        "type": "Polygon",
        "coordinates": [
          [
            [
              76.4205339,
              9.6585408
            ],
            [
              76.4205616,
              9.658411
            ],
            [
              76.4206373,
              9.6584266
            ],
            [
              76.4206096,
              9.6585564
            ],
            [
              76.4205339,
              9.6585408
            ]
          ]
        ]
      }
    },
    {
      "type": "Feature",
      "properties": {
        "building_id": "OSM_BLD_619431246",
        "type": "yes",
        "name": "Building"
      },
      "geometry": {
        "type": "Polygon",
        "coordinates": [
          [
            [
              76.4203091,
              9.658742
            ],
            [
              76.4203359,
              9.6586024
            ],
            [
              76.4204299,
              9.65862
            ],
            [
              76.420403,
              9.6587596
            ],
            [
              76.4203091,
              9.658742
            ]
          ]
        ]
      }
    },
    {
      "type": "Feature",
      "properties": {
        "building_id": "OSM_BLD_619431252",
        "type": "yes",
        "name": "Building"
      },
      "geometry": {
        "type": "Polygon",
        "coordinates": [
          [
            [
              76.4200807,
              9.6589902
            ],
            [
              76.4200887,
              9.658919
            ],
            [
              76.4201627,
              9.6589271
            ],
            [
              76.4201547,
              9.6589983
            ],
            [
              76.4200807,
              9.6589902
            ]
          ]
        ]
      }
    },
    {
      "type": "Feature",
      "properties": {
        "building_id": "OSM_BLD_619431253",
        "type": "yes",
        "name": "Building"
      },
      "geometry": {
        "type": "Polygon",
        "coordinates": [
          [
            [
              76.4201895,
              9.6581273
            ],
            [
              76.4202297,
              9.6580676
            ],
            [
              76.420319,
              9.6581259
            ],
            [
              76.4202789,
              9.6581856
            ],
            [
              76.4201895,
              9.6581273
            ]
          ]
        ]
      }
    },
    {
      "type": "Feature",
      "properties": {
        "building_id": "OSM_BLD_619431254",
        "type": "yes",
        "name": "Building"
      },
      "geometry": {
        "type": "Polygon",
        "coordinates": [
          [
            [
              76.4207719,
              9.659216
            ],
            [
              76.4208085,
              9.6590376
            ],
            [
              76.4209525,
              9.6590632
            ],
            [
              76.4209003,
              9.6591957
            ],
            [
              76.4208789,
              9.6591918
            ],
            [
              76.4208834,
              9.6591722
            ],
            [
              76.4208596,
              9.659168
            ],
            [
              76.4208459,
              9.6592364
            ],
            [
              76.4207719,
              9.659216
            ]
          ]
        ]
      }
    },
    {
      "type": "Feature",
      "properties": {
        "building_id": "OSM_BLD_619431255",
        "type": "yes",
        "name": "Building"
      },
      "geometry": {
        "type": "Polygon",
        "coordinates": [
          [
            [
              76.4204836,
              9.6591857
            ],
            [
              76.4204848,
              9.6591338
            ],
            [
              76.4205911,
              9.6591364
            ],
            [
              76.4205888,
              9.6592316
            ],
            [
              76.4205323,
              9.6592303
            ],
            [
              76.4205333,
              9.6591869
            ],
            [
              76.4204836,
              9.6591857
            ]
          ]
        ]
      }
    },
    {
      "type": "Feature",
      "properties": {
        "building_id": "OSM_BLD_619431259",
        "type": "yes",
        "name": "Building"
      },
      "geometry": {
        "type": "Polygon",
        "coordinates": [
          [
            [
              76.4204895,
              9.6589716
            ],
            [
              76.4204918,
              9.6589164
            ],
            [
              76.4206056,
              9.6589211
            ],
            [
              76.4206032,
              9.6589763
            ],
            [
              76.4204895,
              9.6589716
            ]
          ]
        ]
      }
    },
    {
      "type": "Feature",
      "properties": {
        "building_id": "OSM_BLD_619431272",
        "type": "yes",
        "name": "Building"
      },
      "geometry": {
        "type": "Polygon",
        "coordinates": [
          [
            [
              76.4203256,
              9.6601664
            ],
            [
              76.4203331,
              9.6600726
            ],
            [
              76.42043,
              9.6600802
            ],
            [
              76.4204225,
              9.660174
            ],
            [
              76.4203256,
              9.6601664
            ]
          ]
        ]
      }
    },
    {
      "type": "Feature",
      "properties": {
        "building_id": "OSM_BLD_619431273",
        "type": "yes",
        "name": "Building"
      },
      "geometry": {
        "type": "Polygon",
        "coordinates": [
          [
            [
              76.4201209,
              9.6601385
            ],
            [
              76.4201229,
              9.6600255
            ],
            [
              76.4202438,
              9.6600275
            ],
            [
              76.4202418,
              9.6601405
            ],
            [
              76.4201209,
              9.6601385
            ]
          ]
        ]
      }
    },
    {
      "type": "Feature",
      "properties": {
        "building_id": "OSM_BLD_619431275",
        "type": "yes",
        "name": "Building"
      },
      "geometry": {
        "type": "Polygon",
        "coordinates": [
          [
            [
              76.4206037,
              9.6601464
            ],
            [
              76.420602,
              9.6600652
            ],
            [
              76.4207107,
              9.6600629
            ],
            [
              76.4207124,
              9.6601441
            ],
            [
              76.4206037,
              9.6601464
            ]
          ]
        ]
      }
    },
    {
      "type": "Feature",
      "properties": {
        "building_id": "OSM_BLD_619431276",
        "type": "yes",
        "name": "Building"
      },
      "geometry": {
        "type": "Polygon",
        "coordinates": [
          [
            [
              76.4204926,
              9.6603667
            ],
            [
              76.4205032,
              9.660291
            ],
            [
              76.4206397,
              9.6603097
            ],
            [
              76.4206291,
              9.6603853
            ],
            [
              76.4204926,
              9.6603667
            ]
          ]
        ]
      }
    },
    {
      "type": "Feature",
      "properties": {
        "building_id": "OSM_BLD_619431277",
        "type": "yes",
        "name": "Building"
      },
      "geometry": {
        "type": "Polygon",
        "coordinates": [
          [
            [
              76.4201883,
              9.6598346
            ],
            [
              76.4202019,
              9.6597227
            ],
            [
              76.4203008,
              9.6597344
            ],
            [
              76.4202872,
              9.6598462
            ],
            [
              76.4201883,
              9.6598346
            ]
          ]
        ]
      }
    },
    {
      "type": "Feature",
      "properties": {
        "building_id": "OSM_BLD_619431278",
        "type": "yes",
        "name": "Vakkayil Dharmashastha Temple"
      },
      "geometry": {
        "type": "Polygon",
        "coordinates": [
          [
            [
              76.4209039,
              9.6597008
            ],
            [
              76.4209111,
              9.6596438
            ],
            [
              76.4210187,
              9.659657
            ],
            [
              76.4210115,
              9.659714
            ],
            [
              76.4209039,
              9.6597008
            ]
          ]
        ]
      }
    },
    {
      "type": "Feature",
      "properties": {
        "building_id": "OSM_BLD_619431280",
        "type": "yes",
        "name": "Building"
      },
      "geometry": {
        "type": "Polygon",
        "coordinates": [
          [
            [
              76.4209366,
              9.660105
            ],
            [
              76.420937,
              9.66003
            ],
            [
              76.4210366,
              9.6600305
            ],
            [
              76.4210361,
              9.6601056
            ],
            [
              76.4209366,
              9.660105
            ]
          ]
        ]
      }
    },
    {
      "type": "Feature",
      "properties": {
        "building_id": "OSM_BLD_619586486",
        "type": "yes",
        "name": "Building"
      },
      "geometry": {
        "type": "Polygon",
        "coordinates": [
          [
            [
              76.4201735,
              9.6734741
            ],
            [
              76.4203009,
              9.6734929
            ],
            [
              76.4203133,
              9.673411
            ],
            [
              76.4201859,
              9.6733923
            ],
            [
              76.4201735,
              9.6734741
            ]
          ]
        ]
      }
    },
    {
      "type": "Feature",
      "properties": {
        "building_id": "OSM_BLD_619586489",
        "type": "yes",
        "name": "Building"
      },
      "geometry": {
        "type": "Polygon",
        "coordinates": [
          [
            [
              76.4202315,
              9.6755564
            ],
            [
              76.4203235,
              9.6755662
            ],
            [
              76.4203376,
              9.6754385
            ],
            [
              76.4202455,
              9.6754286
            ],
            [
              76.4202315,
              9.6755564
            ]
          ]
        ]
      }
    },
    {
      "type": "Feature",
      "properties": {
        "building_id": "OSM_BLD_619586490",
        "type": "yes",
        "name": "Building"
      },
      "geometry": {
        "type": "Polygon",
        "coordinates": [
          [
            [
              76.4205919,
              9.6763444
            ],
            [
              76.4206632,
              9.6763451
            ],
            [
              76.4206645,
              9.6762044
            ],
            [
              76.4205932,
              9.6762038
            ],
            [
              76.4205919,
              9.6763444
            ]
          ]
        ]
      }
    },
    {
      "type": "Feature",
      "properties": {
        "building_id": "OSM_BLD_619586492",
        "type": "yes",
        "name": "Building"
      },
      "geometry": {
        "type": "Polygon",
        "coordinates": [
          [
            [
              76.4207741,
              9.6734978
            ],
            [
              76.4208808,
              9.6734992
            ],
            [
              76.4208826,
              9.6733593
            ],
            [
              76.420776,
              9.6733579
            ],
            [
              76.4207741,
              9.6734978
            ]
          ]
        ]
      }
    },
    {
      "type": "Feature",
      "properties": {
        "building_id": "OSM_BLD_619586495",
        "type": "yes",
        "name": "Building"
      },
      "geometry": {
        "type": "Polygon",
        "coordinates": [
          [
            [
              76.4201427,
              9.67629
            ],
            [
              76.4202333,
              9.6763009
            ],
            [
              76.420246,
              9.6761987
            ],
            [
              76.4201554,
              9.6761877
            ],
            [
              76.4201427,
              9.67629
            ]
          ]
        ]
      }
    },
    {
      "type": "Feature",
      "properties": {
        "building_id": "OSM_BLD_619586496",
        "type": "yes",
        "name": "Building"
      },
      "geometry": {
        "type": "Polygon",
        "coordinates": [
          [
            [
              76.4207698,
              9.6740311
            ],
            [
              76.420855,
              9.6740362
            ],
            [
              76.4208657,
              9.6738627
            ],
            [
              76.4207805,
              9.6738576
            ],
            [
              76.4207698,
              9.6740311
            ]
          ]
        ]
      }
    },
    {
      "type": "Feature",
      "properties": {
        "building_id": "OSM_BLD_619586511",
        "type": "yes",
        "name": "Building"
      },
      "geometry": {
        "type": "Polygon",
        "coordinates": [
          [
            [
              76.4207825,
              9.6759468
            ],
            [
              76.4208678,
              9.675948
            ],
            [
              76.4208694,
              9.6758426
            ],
            [
              76.4207841,
              9.6758413
            ],
            [
              76.4207825,
              9.6759468
            ]
          ]
        ]
      }
    },
    {
      "type": "Feature",
      "properties": {
        "building_id": "OSM_BLD_619601388",
        "type": "yes",
        "name": "Building"
      },
      "geometry": {
        "type": "Polygon",
        "coordinates": [
          [
            [
              76.4237543,
              9.6619269
            ],
            [
              76.4238697,
              9.6619342
            ],
            [
              76.4238784,
              9.6618006
            ],
            [
              76.423763,
              9.6617933
            ],
            [
              76.4237543,
              9.6619269
            ]
          ]
        ]
      }
    },
    {
      "type": "Feature",
      "properties": {
        "building_id": "OSM_BLD_619601389",
        "type": "yes",
        "name": "Building"
      },
      "geometry": {
        "type": "Polygon",
        "coordinates": [
          [
            [
              76.4240715,
              9.6624696
            ],
            [
              76.4241795,
              9.6624764
            ],
            [
              76.4241868,
              9.6623638
            ],
            [
              76.4240788,
              9.662357
            ],
            [
              76.4240715,
              9.6624696
            ]
          ]
        ]
      }
    },
    {
      "type": "Feature",
      "properties": {
        "building_id": "OSM_BLD_619601390",
        "type": "yes",
        "name": "Building"
      },
      "geometry": {
        "type": "Polygon",
        "coordinates": [
          [
            [
              76.4230422,
              9.6624478
            ],
            [
              76.4231187,
              9.6624526
            ],
            [
              76.423122,
              9.6624015
            ],
            [
              76.4230455,
              9.6623966
            ],
            [
              76.4230422,
              9.6624478
            ]
          ]
        ]
      }
    },
    {
      "type": "Feature",
      "properties": {
        "building_id": "OSM_BLD_619601391",
        "type": "yes",
        "name": "Building"
      },
      "geometry": {
        "type": "Polygon",
        "coordinates": [
          [
            [
              76.4230489,
              9.662385
            ],
            [
              76.4231384,
              9.6623906
            ],
            [
              76.4231434,
              9.6623129
            ],
            [
              76.423054,
              9.6623072
            ],
            [
              76.4230489,
              9.662385
            ]
          ]
        ]
      }
    },
    {
      "type": "Feature",
      "properties": {
        "building_id": "OSM_BLD_619601392",
        "type": "yes",
        "name": "Building"
      },
      "geometry": {
        "type": "Polygon",
        "coordinates": [
          [
            [
              76.4233332,
              9.6623724
            ],
            [
              76.4234821,
              9.6623818
            ],
            [
              76.4234881,
              9.6622898
            ],
            [
              76.4233392,
              9.6622803
            ],
            [
              76.4233332,
              9.6623724
            ]
          ]
        ]
      }
    },
    {
      "type": "Feature",
      "properties": {
        "building_id": "OSM_BLD_619601393",
        "type": "yes",
        "name": "Building"
      },
      "geometry": {
        "type": "Polygon",
        "coordinates": [
          [
            [
              76.4233775,
              9.6621992
            ],
            [
              76.4234847,
              9.662206
            ],
            [
              76.4234895,
              9.6621328
            ],
            [
              76.4233822,
              9.662126
            ],
            [
              76.4233775,
              9.6621992
            ]
          ]
        ]
      }
    },
    {
      "type": "Feature",
      "properties": {
        "building_id": "OSM_BLD_619601394",
        "type": "yes",
        "name": "Building"
      },
      "geometry": {
        "type": "Polygon",
        "coordinates": [
          [
            [
              76.4232165,
              9.662148
            ],
            [
              76.4233276,
              9.662155
            ],
            [
              76.4233329,
              9.6620739
            ],
            [
              76.4232218,
              9.6620669
            ],
            [
              76.4232165,
              9.662148
            ]
          ]
        ]
      }
    },
    {
      "type": "Feature",
      "properties": {
        "building_id": "OSM_BLD_619601395",
        "type": "yes",
        "name": "Building"
      },
      "geometry": {
        "type": "Polygon",
        "coordinates": [
          [
            [
              76.4237878,
              9.662457
            ],
            [
              76.4239525,
              9.6624675
            ],
            [
              76.4239622,
              9.6623189
            ],
            [
              76.4237975,
              9.6623084
            ],
            [
              76.4237878,
              9.662457
            ]
          ]
        ]
      }
    },
    {
      "type": "Feature",
      "properties": {
        "building_id": "OSM_BLD_619601396",
        "type": "yes",
        "name": "SNDP Auditorium, Kudavechoor"
      },
      "geometry": {
        "type": "Polygon",
        "coordinates": [
          [
            [
              76.4236955,
              9.662535
            ],
            [
              76.42371,
              9.6623139
            ],
            [
              76.4236231,
              9.6623084
            ],
            [
              76.4236086,
              9.6625295
            ],
            [
              76.4236955,
              9.662535
            ]
          ]
        ]
      }
    },
    {
      "type": "Feature",
      "properties": {
        "building_id": "OSM_BLD_619601397",
        "type": "yes",
        "name": "Building"
      },
      "geometry": {
        "type": "Polygon",
        "coordinates": [
          [
            [
              76.4235156,
              9.6624841
            ],
            [
              76.4236075,
              9.6624894
            ],
            [
              76.4236145,
              9.6623703
            ],
            [
              76.4235227,
              9.662365
            ],
            [
              76.4235156,
              9.6624841
            ]
          ]
        ]
      }
    },
    {
      "type": "Feature",
      "properties": {
        "building_id": "OSM_BLD_619601398",
        "type": "yes",
        "name": "Building"
      },
      "geometry": {
        "type": "Polygon",
        "coordinates": [
          [
            [
              76.4235672,
              9.6622898
            ],
            [
              76.4236692,
              9.662297
            ],
            [
              76.4236782,
              9.6621734
            ],
            [
              76.4235763,
              9.6621662
            ],
            [
              76.4235672,
              9.6622898
            ]
          ]
        ]
      }
    },
    {
      "type": "Feature",
      "properties": {
        "building_id": "OSM_BLD_619601399",
        "type": "yes",
        "name": "Building"
      },
      "geometry": {
        "type": "Polygon",
        "coordinates": [
          [
            [
              76.4240071,
              9.6655163
            ],
            [
              76.4241349,
              9.6655556
            ],
            [
              76.4241811,
              9.6654095
            ],
            [
              76.4240534,
              9.6653702
            ],
            [
              76.4240071,
              9.6655163
            ]
          ]
        ]
      }
    },
    {
      "type": "Feature",
      "properties": {
        "building_id": "OSM_BLD_619601400",
        "type": "yes",
        "name": "Building"
      },
      "geometry": {
        "type": "Polygon",
        "coordinates": [
          [
            [
              76.4244611,
              9.665275
            ],
            [
              76.4245755,
              9.6652571
            ],
            [
              76.4245587,
              9.6651533
            ],
            [
              76.4244443,
              9.6651712
            ],
            [
              76.4244611,
              9.665275
            ]
          ]
        ]
      }
    },
    {
      "type": "Feature",
      "properties": {
        "building_id": "OSM_BLD_619601401",
        "type": "yes",
        "name": "Building"
      },
      "geometry": {
        "type": "Polygon",
        "coordinates": [
          [
            [
              76.4242613,
              9.664846
            ],
            [
              76.4243414,
              9.6648478
            ],
            [
              76.4243431,
              9.6647739
            ],
            [
              76.4242629,
              9.6647722
            ],
            [
              76.4242613,
              9.664846
            ]
          ]
        ]
      }
    },
    {
      "type": "Feature",
      "properties": {
        "building_id": "OSM_BLD_619601402",
        "type": "yes",
        "name": "Building"
      },
      "geometry": {
        "type": "Polygon",
        "coordinates": [
          [
            [
              76.4241888,
              9.6650417
            ],
            [
              76.4243189,
              9.6650445
            ],
            [
              76.4243216,
              9.6649247
            ],
            [
              76.4241916,
              9.6649218
            ],
            [
              76.4241888,
              9.6650417
            ]
          ]
        ]
      }
    },
    {
      "type": "Feature",
      "properties": {
        "building_id": "OSM_BLD_619601403",
        "type": "yes",
        "name": "Building"
      },
      "geometry": {
        "type": "Polygon",
        "coordinates": [
          [
            [
              76.4244027,
              9.6650245
            ],
            [
              76.424546,
              9.6650277
            ],
            [
              76.4245483,
              9.6649293
            ],
            [
              76.424405,
              9.6649261
            ],
            [
              76.4244027,
              9.6650245
            ]
          ]
        ]
      }
    },
    {
      "type": "Feature",
      "properties": {
        "building_id": "OSM_BLD_619601404",
        "type": "yes",
        "name": "Building"
      },
      "geometry": {
        "type": "Polygon",
        "coordinates": [
          [
            [
              76.4245543,
              9.6650245
            ],
            [
              76.4246803,
              9.6650273
            ],
            [
              76.424683,
              9.6649081
            ],
            [
              76.424557,
              9.6649053
            ],
            [
              76.4245543,
              9.6650245
            ]
          ]
        ]
      }
    },
    {
      "type": "Feature",
      "properties": {
        "building_id": "OSM_BLD_619601405",
        "type": "yes",
        "name": "Building"
      },
      "geometry": {
        "type": "Polygon",
        "coordinates": [
          [
            [
              76.4253382,
              9.6653517
            ],
            [
              76.4254359,
              9.6653539
            ],
            [
              76.4254374,
              9.6652876
            ],
            [
              76.4253397,
              9.6652854
            ],
            [
              76.4253382,
              9.6653517
            ]
          ]
        ]
      }
    },
    {
      "type": "Feature",
      "properties": {
        "building_id": "OSM_BLD_619601406",
        "type": "yes",
        "name": "Building"
      },
      "geometry": {
        "type": "Polygon",
        "coordinates": [
          [
            [
              76.4251497,
              9.6654218
            ],
            [
              76.4252564,
              9.6654241
            ],
            [
              76.425259,
              9.6653081
            ],
            [
              76.4251524,
              9.6653057
            ],
            [
              76.4251497,
              9.6654218
            ]
          ]
        ]
      }
    },
    {
      "type": "Feature",
      "properties": {
        "building_id": "OSM_BLD_619601407",
        "type": "yes",
        "name": "Building"
      },
      "geometry": {
        "type": "Polygon",
        "coordinates": [
          [
            [
              76.4252684,
              9.6652327
            ],
            [
              76.4253465,
              9.6652344
            ],
            [
              76.4253482,
              9.6651607
            ],
            [
              76.4252701,
              9.6651589
            ],
            [
              76.4252684,
              9.6652327
            ]
          ]
        ]
      }
    },
    {
      "type": "Feature",
      "properties": {
        "building_id": "OSM_BLD_619601408",
        "type": "yes",
        "name": "Building"
      },
      "geometry": {
        "type": "Polygon",
        "coordinates": [
          [
            [
              76.4249137,
              9.6649478
            ],
            [
              76.425019,
              9.6649501
            ],
            [
              76.425021,
              9.6648638
            ],
            [
              76.4249157,
              9.6648615
            ],
            [
              76.4249137,
              9.6649478
            ]
          ]
        ]
      }
    },
    {
      "type": "Feature",
      "properties": {
        "building_id": "OSM_BLD_619601409",
        "type": "yes",
        "name": "Building"
      },
      "geometry": {
        "type": "Polygon",
        "coordinates": [
          [
            [
              76.4251256,
              9.6651124
            ],
            [
              76.4252114,
              9.6651143
            ],
            [
              76.4252128,
              9.6650522
            ],
            [
              76.425127,
              9.6650503
            ],
            [
              76.4251256,
              9.6651124
            ]
          ]
        ]
      }
    },
    {
      "type": "Feature",
      "properties": {
        "building_id": "OSM_BLD_619601410",
        "type": "yes",
        "name": "Building"
      },
      "geometry": {
        "type": "Polygon",
        "coordinates": [
          [
            [
              76.4262186,
              9.6646642
            ],
            [
              76.4263456,
              9.664667
            ],
            [
              76.4263473,
              9.6645908
            ],
            [
              76.4262203,
              9.664588
            ],
            [
              76.4262186,
              9.6646642
            ]
          ]
        ]
      }
    },
    {
      "type": "Feature",
      "properties": {
        "building_id": "OSM_BLD_619601411",
        "type": "yes",
        "name": "Building"
      },
      "geometry": {
        "type": "Polygon",
        "coordinates": [
          [
            [
              76.4261207,
              9.6649174
            ],
            [
              76.4261226,
              9.6648353
            ],
            [
              76.4260067,
              9.6648328
            ],
            [
              76.4260048,
              9.6649148
            ],
            [
              76.4261207,
              9.6649174
            ]
          ]
        ]
      }
    },
    {
      "type": "Feature",
      "properties": {
        "building_id": "OSM_BLD_619601412",
        "type": "yes",
        "name": "Building"
      },
      "geometry": {
        "type": "Polygon",
        "coordinates": [
          [
            [
              76.4261395,
              9.6647905
            ],
            [
              76.4261411,
              9.6647194
            ],
            [
              76.426065,
              9.6647178
            ],
            [
              76.4260634,
              9.6647888
            ],
            [
              76.4261395,
              9.6647905
            ]
          ]
        ]
      }
    },
    {
      "type": "Feature",
      "properties": {
        "building_id": "OSM_BLD_619601413",
        "type": "yes",
        "name": "Building"
      },
      "geometry": {
        "type": "Polygon",
        "coordinates": [
          [
            [
              76.426167,
              9.6648652
            ],
            [
              76.4262516,
              9.664867
            ],
            [
              76.4262541,
              9.6647574
            ],
            [
              76.4261695,
              9.6647555
            ],
            [
              76.426167,
              9.6648652
            ]
          ]
        ]
      }
    },
    {
      "type": "Feature",
      "properties": {
        "building_id": "OSM_BLD_619601414",
        "type": "yes",
        "name": "Building"
      },
      "geometry": {
        "type": "Polygon",
        "coordinates": [
          [
            [
              76.4260013,
              9.6656829
            ],
            [
              76.4260829,
              9.6656847
            ],
            [
              76.4260845,
              9.6656161
            ],
            [
              76.4260029,
              9.6656143
            ],
            [
              76.4260013,
              9.6656829
            ]
          ]
        ]
      }
    },
    {
      "type": "Feature",
      "properties": {
        "building_id": "OSM_BLD_619601415",
        "type": "yes",
        "name": "Building"
      },
      "geometry": {
        "type": "Polygon",
        "coordinates": [
          [
            [
              76.4258612,
              9.6656313
            ],
            [
              76.4259438,
              9.6656331
            ],
            [
              76.4259457,
              9.6655526
            ],
            [
              76.425863,
              9.6655508
            ],
            [
              76.4258612,
              9.6656313
            ]
          ]
        ]
      }
    },
    {
      "type": "Feature",
      "properties": {
        "building_id": "OSM_BLD_619601416",
        "type": "yes",
        "name": "Building"
      },
      "geometry": {
        "type": "Polygon",
        "coordinates": [
          [
            [
              76.4257841,
              9.6656749
            ],
            [
              76.4258394,
              9.6656762
            ],
            [
              76.4258404,
              9.6656333
            ],
            [
              76.4257851,
              9.6656321
            ],
            [
              76.4257841,
              9.6656749
            ]
          ]
        ]
      }
    },
    {
      "type": "Feature",
      "properties": {
        "building_id": "OSM_BLD_619601417",
        "type": "yes",
        "name": "Building"
      },
      "geometry": {
        "type": "Polygon",
        "coordinates": [
          [
            [
              76.4255534,
              9.6655956
            ],
            [
              76.4256263,
              9.6655972
            ],
            [
              76.4256278,
              9.6655302
            ],
            [
              76.4255549,
              9.6655286
            ],
            [
              76.4255534,
              9.6655956
            ]
          ]
        ]
      }
    },
    {
      "type": "Feature",
      "properties": {
        "building_id": "OSM_BLD_619601418",
        "type": "yes",
        "name": "Building"
      },
      "geometry": {
        "type": "Polygon",
        "coordinates": [
          [
            [
              76.4255293,
              9.6654423
            ],
            [
              76.4256069,
              9.665444
            ],
            [
              76.4256084,
              9.6653775
            ],
            [
              76.4255308,
              9.6653758
            ],
            [
              76.4255293,
              9.6654423
            ]
          ]
        ]
      }
    },
    {
      "type": "Feature",
      "properties": {
        "building_id": "OSM_BLD_619601419",
        "type": "yes",
        "name": "Building"
      },
      "geometry": {
        "type": "Polygon",
        "coordinates": [
          [
            [
              76.4256379,
              9.6654442
            ],
            [
              76.4257061,
              9.6654457
            ],
            [
              76.4257076,
              9.6653795
            ],
            [
              76.4256394,
              9.6653779
            ],
            [
              76.4256379,
              9.6654442
            ]
          ]
        ]
      }
    },
    {
      "type": "Feature",
      "properties": {
        "building_id": "OSM_BLD_619601420",
        "type": "yes",
        "name": "Building"
      },
      "geometry": {
        "type": "Polygon",
        "coordinates": [
          [
            [
              76.4258806,
              9.6654826
            ],
            [
              76.4258826,
              9.6653951
            ],
            [
              76.4257713,
              9.6653927
            ],
            [
              76.4257693,
              9.6654801
            ],
            [
              76.4258806,
              9.6654826
            ]
          ]
        ]
      }
    },
    {
      "type": "Feature",
      "properties": {
        "building_id": "OSM_BLD_619601421",
        "type": "yes",
        "name": "Building"
      },
      "geometry": {
        "type": "Polygon",
        "coordinates": [
          [
            [
              76.4261388,
              9.6653167
            ],
            [
              76.4261403,
              9.6652511
            ],
            [
              76.426057,
              9.6652492
            ],
            [
              76.4260555,
              9.6653148
            ],
            [
              76.4261388,
              9.6653167
            ]
          ]
        ]
      }
    },
    {
      "type": "Feature",
      "properties": {
        "building_id": "OSM_BLD_619601422",
        "type": "yes",
        "name": "Building"
      },
      "geometry": {
        "type": "Polygon",
        "coordinates": [
          [
            [
              76.4260288,
              9.665355
            ],
            [
              76.4260312,
              9.6652496
            ],
            [
              76.4259262,
              9.6652472
            ],
            [
              76.4259238,
              9.6653527
            ],
            [
              76.4260288,
              9.665355
            ]
          ]
        ]
      }
    },
    {
      "type": "Feature",
      "properties": {
        "building_id": "OSM_BLD_619601423",
        "type": "yes",
        "name": "Building"
      },
      "geometry": {
        "type": "Polygon",
        "coordinates": [
          [
            [
              76.4259088,
              9.6653312
            ],
            [
              76.4259116,
              9.6652103
            ],
            [
              76.4258189,
              9.6652082
            ],
            [
              76.4258162,
              9.6653291
            ],
            [
              76.4259088,
              9.6653312
            ]
          ]
        ]
      }
    },
    {
      "type": "Feature",
      "properties": {
        "building_id": "OSM_BLD_619601424",
        "type": "yes",
        "name": "Building"
      },
      "geometry": {
        "type": "Polygon",
        "coordinates": [
          [
            [
              76.4257794,
              9.665236
            ],
            [
              76.4257811,
              9.665161
            ],
            [
              76.4256768,
              9.6651587
            ],
            [
              76.4256751,
              9.6652337
            ],
            [
              76.4257794,
              9.665236
            ]
          ]
        ]
      }
    },
    {
      "type": "Feature",
      "properties": {
        "building_id": "OSM_BLD_619601425",
        "type": "yes",
        "name": "Building"
      },
      "geometry": {
        "type": "Polygon",
        "coordinates": [
          [
            [
              76.4257827,
              9.6653471
            ],
            [
              76.4257843,
              9.6652789
            ],
            [
              76.4256674,
              9.6652763
            ],
            [
              76.4256659,
              9.6653445
            ],
            [
              76.4257827,
              9.6653471
            ]
          ]
        ]
      }
    },
    {
      "type": "Feature",
      "properties": {
        "building_id": "OSM_BLD_619601426",
        "type": "yes",
        "name": "Building"
      },
      "geometry": {
        "type": "Polygon",
        "coordinates": [
          [
            [
              76.4258853,
              9.6650575
            ],
            [
              76.4258877,
              9.6649547
            ],
            [
              76.4258143,
              9.6649531
            ],
            [
              76.4258119,
              9.6650559
            ],
            [
              76.4258853,
              9.6650575
            ]
          ]
        ]
      }
    },
    {
      "type": "Feature",
      "properties": {
        "building_id": "OSM_BLD_619601427",
        "type": "yes",
        "name": "Building"
      },
      "geometry": {
        "type": "Polygon",
        "coordinates": [
          [
            [
              76.4257653,
              9.6650608
            ],
            [
              76.4257679,
              9.6649482
            ],
            [
              76.4256922,
              9.6649465
            ],
            [
              76.4256896,
              9.6650592
            ],
            [
              76.4257653,
              9.6650608
            ]
          ]
        ]
      }
    },
    {
      "type": "Feature",
      "properties": {
        "building_id": "OSM_BLD_619601428",
        "type": "yes",
        "name": "Building"
      },
      "geometry": {
        "type": "Polygon",
        "coordinates": [
          [
            [
              76.4256379,
              9.6651659
            ],
            [
              76.4256403,
              9.6650622
            ],
            [
              76.4255796,
              9.6650608
            ],
            [
              76.4255772,
              9.6651646
            ],
            [
              76.4256379,
              9.6651659
            ]
          ]
        ]
      }
    },
    {
      "type": "Feature",
      "properties": {
        "building_id": "OSM_BLD_619601429",
        "type": "yes",
        "name": "Building"
      },
      "geometry": {
        "type": "Polygon",
        "coordinates": [
          [
            [
              76.4254937,
              9.6649914
            ],
            [
              76.4254956,
              9.6649104
            ],
            [
              76.4253911,
              9.6649081
            ],
            [
              76.4253893,
              9.6649891
            ],
            [
              76.4254937,
              9.6649914
            ]
          ]
        ]
      }
    },
    {
      "type": "Feature",
      "properties": {
        "building_id": "OSM_BLD_619601430",
        "type": "yes",
        "name": "Building"
      },
      "geometry": {
        "type": "Polygon",
        "coordinates": [
          [
            [
              76.4252074,
              9.66469
            ],
            [
              76.4253063,
              9.6646922
            ],
            [
              76.425308,
              9.6646186
            ],
            [
              76.4252091,
              9.6646164
            ],
            [
              76.4252074,
              9.66469
            ]
          ]
        ]
      }
    },
    {
      "type": "Feature",
      "properties": {
        "building_id": "OSM_BLD_619601431",
        "type": "yes",
        "name": "Building"
      },
      "geometry": {
        "type": "Polygon",
        "coordinates": [
          [
            [
              76.4254964,
              9.6645618
            ],
            [
              76.4255734,
              9.6645635
            ],
            [
              76.4255755,
              9.6644685
            ],
            [
              76.4254986,
              9.6644668
            ],
            [
              76.4254964,
              9.6645618
            ]
          ]
        ]
      }
    },
    {
      "type": "Feature",
      "properties": {
        "building_id": "OSM_BLD_619601432",
        "type": "yes",
        "name": "Building"
      },
      "geometry": {
        "type": "Polygon",
        "coordinates": [
          [
            [
              76.425475,
              9.6643998
            ],
            [
              76.4255676,
              9.6644019
            ],
            [
              76.4255695,
              9.6643198
            ],
            [
              76.4254768,
              9.6643178
            ],
            [
              76.425475,
              9.6643998
            ]
          ]
        ]
      }
    },
    {
      "type": "Feature",
      "properties": {
        "building_id": "OSM_BLD_619601433",
        "type": "yes",
        "name": "Building"
      },
      "geometry": {
        "type": "Polygon",
        "coordinates": [
          [
            [
              76.4251243,
              9.6643357
            ],
            [
              76.4251956,
              9.6643373
            ],
            [
              76.4251967,
              9.6642921
            ],
            [
              76.4251253,
              9.6642905
            ],
            [
              76.4251243,
              9.6643357
            ]
          ]
        ]
      }
    },
    {
      "type": "Feature",
      "properties": {
        "building_id": "OSM_BLD_619601434",
        "type": "yes",
        "name": "Building"
      },
      "geometry": {
        "type": "Polygon",
        "coordinates": [
          [
            [
              76.4259983,
              9.6638905
            ],
            [
              76.4260778,
              9.6639087
            ],
            [
              76.4261013,
              9.663809
            ],
            [
              76.4260218,
              9.6637908
            ],
            [
              76.4259983,
              9.6638905
            ]
          ]
        ]
      }
    },
    {
      "type": "Feature",
      "properties": {
        "building_id": "OSM_BLD_619601435",
        "type": "yes",
        "name": "Building"
      },
      "geometry": {
        "type": "Polygon",
        "coordinates": [
          [
            [
              76.4256282,
              9.6637847
            ],
            [
              76.4257802,
              9.6637881
            ],
            [
              76.4257824,
              9.6636895
            ],
            [
              76.4256304,
              9.6636862
            ],
            [
              76.4256282,
              9.6637847
            ]
          ]
        ]
      }
    },
    {
      "type": "Feature",
      "properties": {
        "building_id": "OSM_BLD_619601436",
        "type": "yes",
        "name": "Building"
      },
      "geometry": {
        "type": "Polygon",
        "coordinates": [
          [
            [
              76.4257683,
              9.6635087
            ],
            [
              76.4258831,
              9.6635113
            ],
            [
              76.4258867,
              9.6633547
            ],
            [
              76.4257719,
              9.6633522
            ],
            [
              76.4257683,
              9.6635087
            ]
          ]
        ]
      }
    },
    {
      "type": "Feature",
      "properties": {
        "building_id": "OSM_BLD_619601437",
        "type": "yes",
        "name": "Building"
      },
      "geometry": {
        "type": "Polygon",
        "coordinates": [
          [
            [
              76.4255269,
              9.6635187
            ],
            [
              76.4256183,
              9.6635207
            ],
            [
              76.4256194,
              9.6634701
            ],
            [
              76.4255281,
              9.663468
            ],
            [
              76.4255269,
              9.6635187
            ]
          ]
        ]
      }
    },
    {
      "type": "Feature",
      "properties": {
        "building_id": "OSM_BLD_619601438",
        "type": "yes",
        "name": "Building"
      },
      "geometry": {
        "type": "Polygon",
        "coordinates": [
          [
            [
              76.4255427,
              9.6634664
            ],
            [
              76.4256655,
              9.6634692
            ],
            [
              76.4256674,
              9.6633874
            ],
            [
              76.4255445,
              9.6633847
            ],
            [
              76.4255427,
              9.6634664
            ]
          ]
        ]
      }
    },
    {
      "type": "Feature",
      "properties": {
        "building_id": "OSM_BLD_619601439",
        "type": "yes",
        "name": "Building"
      },
      "geometry": {
        "type": "Polygon",
        "coordinates": [
          [
            [
              76.4255422,
              9.663183
            ],
            [
              76.425668,
              9.6631875
            ],
            [
              76.4256699,
              9.6631381
            ],
            [
              76.425544,
              9.6631336
            ],
            [
              76.4255422,
              9.663183
            ]
          ]
        ]
      }
    },
    {
      "type": "Feature",
      "properties": {
        "building_id": "OSM_BLD_619601440",
        "type": "yes",
        "name": "Building"
      },
      "geometry": {
        "type": "Polygon",
        "coordinates": [
          [
            [
              76.4264573,
              9.6631201
            ],
            [
              76.4265466,
              9.6631221
            ],
            [
              76.4265478,
              9.6630679
            ],
            [
              76.4264585,
              9.6630659
            ],
            [
              76.4264573,
              9.6631201
            ]
          ]
        ]
      }
    },
    {
      "type": "Feature",
      "properties": {
        "building_id": "OSM_BLD_619601441",
        "type": "yes",
        "name": "Building"
      },
      "geometry": {
        "type": "Polygon",
        "coordinates": [
          [
            [
              76.4262414,
              9.663204
            ],
            [
              76.426367,
              9.6632068
            ],
            [
              76.4263695,
              9.6630969
            ],
            [
              76.4262439,
              9.6630941
            ],
            [
              76.4262414,
              9.663204
            ]
          ]
        ]
      }
    },
    {
      "type": "Feature",
      "properties": {
        "building_id": "OSM_BLD_619601442",
        "type": "yes",
        "name": "Building"
      },
      "geometry": {
        "type": "Polygon",
        "coordinates": [
          [
            [
              76.4260993,
              9.6631888
            ],
            [
              76.4262054,
              9.6631911
            ],
            [
              76.4262072,
              9.6631121
            ],
            [
              76.4261011,
              9.6631097
            ],
            [
              76.4260993,
              9.6631888
            ]
          ]
        ]
      }
    },
    {
      "type": "Feature",
      "properties": {
        "building_id": "OSM_BLD_619601443",
        "type": "yes",
        "name": "Building"
      },
      "geometry": {
        "type": "Polygon",
        "coordinates": [
          [
            [
              76.4260838,
              9.6630143
            ],
            [
              76.4261501,
              9.6630158
            ],
            [
              76.4261515,
              9.6629548
            ],
            [
              76.4260852,
              9.6629533
            ],
            [
              76.4260838,
              9.6630143
            ]
          ]
        ]
      }
    },
    {
      "type": "Feature",
      "properties": {
        "building_id": "OSM_BLD_619601444",
        "type": "yes",
        "name": "Building"
      },
      "geometry": {
        "type": "Polygon",
        "coordinates": [
          [
            [
              76.4261857,
              9.6629323
            ],
            [
              76.4262905,
              9.6629346
            ],
            [
              76.426293,
              9.6628246
            ],
            [
              76.4261882,
              9.6628222
            ],
            [
              76.4261857,
              9.6629323
            ]
          ]
        ]
      }
    },
    {
      "type": "Feature",
      "properties": {
        "building_id": "OSM_BLD_619601445",
        "type": "yes",
        "name": "Building"
      },
      "geometry": {
        "type": "Polygon",
        "coordinates": [
          [
            [
              76.425953,
              9.6630672
            ],
            [
              76.4260502,
              9.6630693
            ],
            [
              76.4260556,
              9.6628305
            ],
            [
              76.4259585,
              9.6628284
            ],
            [
              76.425953,
              9.6630672
            ]
          ]
        ]
      }
    },
    {
      "type": "Feature",
      "properties": {
        "building_id": "OSM_BLD_619601446",
        "type": "yes",
        "name": "Building"
      },
      "geometry": {
        "type": "Polygon",
        "coordinates": [
          [
            [
              76.4258028,
              9.6630467
            ],
            [
              76.4259299,
              9.6630495
            ],
            [
              76.4259323,
              9.6629462
            ],
            [
              76.4258052,
              9.6629434
            ],
            [
              76.4258028,
              9.6630467
            ]
          ]
        ]
      }
    },
    {
      "type": "Feature",
      "properties": {
        "building_id": "OSM_BLD_619601447",
        "type": "yes",
        "name": "Building"
      },
      "geometry": {
        "type": "Polygon",
        "coordinates": [
          [
            [
              76.4258612,
              9.6626342
            ],
            [
              76.4259417,
              9.662636
            ],
            [
              76.4259437,
              9.6625502
            ],
            [
              76.4258631,
              9.6625484
            ],
            [
              76.4258612,
              9.6626342
            ]
          ]
        ]
      }
    },
    {
      "type": "Feature",
      "properties": {
        "building_id": "OSM_BLD_619601448",
        "type": "yes",
        "name": "Building"
      },
      "geometry": {
        "type": "Polygon",
        "coordinates": [
          [
            [
              76.4252959,
              9.6657318
            ],
            [
              76.4253319,
              9.6656768
            ],
            [
              76.42523,
              9.665612
            ],
            [
              76.425194,
              9.665667
            ],
            [
              76.4252959,
              9.6657318
            ]
          ]
        ]
      }
    },
    {
      "type": "Feature",
      "properties": {
        "building_id": "OSM_BLD_619601449",
        "type": "yes",
        "name": "Building"
      },
      "geometry": {
        "type": "Polygon",
        "coordinates": [
          [
            [
              76.4249513,
              9.6655784
            ],
            [
              76.4250554,
              9.6655807
            ],
            [
              76.4250572,
              9.6655004
            ],
            [
              76.4249531,
              9.6654981
            ],
            [
              76.4249513,
              9.6655784
            ]
          ]
        ]
      }
    },
    {
      "type": "Feature",
      "properties": {
        "building_id": "OSM_BLD_619601450",
        "type": "yes",
        "name": "Building"
      },
      "geometry": {
        "type": "Polygon",
        "coordinates": [
          [
            [
              76.4247347,
              9.6656095
            ],
            [
              76.4248462,
              9.665612
            ],
            [
              76.4248487,
              9.6655057
            ],
            [
              76.4247371,
              9.6655032
            ],
            [
              76.4247347,
              9.6656095
            ]
          ]
        ]
      }
    },
    {
      "type": "Feature",
      "properties": {
        "building_id": "OSM_BLD_619601451",
        "type": "yes",
        "name": "Building"
      },
      "geometry": {
        "type": "Polygon",
        "coordinates": [
          [
            [
              76.4248627,
              9.6654277
            ],
            [
              76.4250159,
              9.6654311
            ],
            [
              76.4250183,
              9.6653246
            ],
            [
              76.4248652,
              9.6653212
            ],
            [
              76.4248627,
              9.6654277
            ]
          ]
        ]
      }
    },
    {
      "type": "Feature",
      "properties": {
        "building_id": "OSM_BLD_619601452",
        "type": "yes",
        "name": "Building"
      },
      "geometry": {
        "type": "Polygon",
        "coordinates": [
          [
            [
              76.4248768,
              9.6652289
            ],
            [
              76.425015,
              9.665232
            ],
            [
              76.425018,
              9.6651034
            ],
            [
              76.4248797,
              9.6651003
            ],
            [
              76.4248768,
              9.6652289
            ]
          ]
        ]
      }
    },
    {
      "type": "Feature",
      "properties": {
        "building_id": "OSM_BLD_619601453",
        "type": "yes",
        "name": "Building"
      },
      "geometry": {
        "type": "Polygon",
        "coordinates": [
          [
            [
              76.4232782,
              9.6610563
            ],
            [
              76.4233691,
              9.6610648
            ],
            [
              76.4233808,
              9.6609439
            ],
            [
              76.4232899,
              9.6609354
            ],
            [
              76.4232782,
              9.6610563
            ]
          ]
        ]
      }
    },
    {
      "type": "Feature",
      "properties": {
        "building_id": "OSM_BLD_619601454",
        "type": "yes",
        "name": "Building"
      },
      "geometry": {
        "type": "Polygon",
        "coordinates": [
          [
            [
              76.4230019,
              9.661006
            ],
            [
              76.4231219,
              9.6610173
            ],
            [
              76.4231367,
              9.6608632
            ],
            [
              76.4230168,
              9.660852
            ],
            [
              76.4230019,
              9.661006
            ]
          ]
        ]
      }
    },
    {
      "type": "Feature",
      "properties": {
        "building_id": "OSM_BLD_619601455",
        "type": "yes",
        "name": "Building"
      },
      "geometry": {
        "type": "Polygon",
        "coordinates": [
          [
            [
              76.4228987,
              9.6610252
            ],
            [
              76.4229748,
              9.6610323
            ],
            [
              76.4229792,
              9.6609869
            ],
            [
              76.4229031,
              9.6609797
            ],
            [
              76.4228987,
              9.6610252
            ]
          ]
        ]
      }
    },
    {
      "type": "Feature",
      "properties": {
        "building_id": "OSM_BLD_619601456",
        "type": "yes",
        "name": "Building"
      },
      "geometry": {
        "type": "Polygon",
        "coordinates": [
          [
            [
              76.4229865,
              9.6606068
            ],
            [
              76.4230533,
              9.660613
            ],
            [
              76.4230603,
              9.6605407
            ],
            [
              76.4229935,
              9.6605344
            ],
            [
              76.4229865,
              9.6606068
            ]
          ]
        ]
      }
    },
    {
      "type": "Feature",
      "properties": {
        "building_id": "OSM_BLD_619601457",
        "type": "yes",
        "name": "Building"
      },
      "geometry": {
        "type": "Polygon",
        "coordinates": [
          [
            [
              76.4231669,
              9.6604712
            ],
            [
              76.4232678,
              9.6604807
            ],
            [
              76.4232789,
              9.6603655
            ],
            [
              76.423178,
              9.660356
            ],
            [
              76.4231669,
              9.6604712
            ]
          ]
        ]
      }
    },
    {
      "type": "Feature",
      "properties": {
        "building_id": "OSM_BLD_619601458",
        "type": "yes",
        "name": "Building"
      },
      "geometry": {
        "type": "Polygon",
        "coordinates": [
          [
            [
              76.4234913,
              9.6604094
            ],
            [
              76.4236003,
              9.6604197
            ],
            [
              76.4236097,
              9.6603225
            ],
            [
              76.4235007,
              9.6603123
            ],
            [
              76.4234913,
              9.6604094
            ]
          ]
        ]
      }
    },
    {
      "type": "Feature",
      "properties": {
        "building_id": "OSM_BLD_619601459",
        "type": "yes",
        "name": "Building"
      },
      "geometry": {
        "type": "Polygon",
        "coordinates": [
          [
            [
              76.423525,
              9.6607879
            ],
            [
              76.4236385,
              9.6607885
            ],
            [
              76.4236391,
              9.6606695
            ],
            [
              76.4235257,
              9.6606689
            ],
            [
              76.423525,
              9.6607879
            ]
          ]
        ]
      }
    },
    {
      "type": "Feature",
      "properties": {
        "building_id": "OSM_BLD_619602134",
        "type": "yes",
        "name": "Building"
      },
      "geometry": {
        "type": "Polygon",
        "coordinates": [
          [
            [
              76.4227646,
              9.6627922
            ],
            [
              76.4229036,
              9.6627975
            ],
            [
              76.4229074,
              9.6627016
            ],
            [
              76.4227684,
              9.6626962
            ],
            [
              76.4227646,
              9.6627922
            ]
          ]
        ]
      }
    },
    {
      "type": "Feature",
      "properties": {
        "building_id": "OSM_BLD_619602135",
        "type": "yes",
        "name": "Building"
      },
      "geometry": {
        "type": "Polygon",
        "coordinates": [
          [
            [
              76.4231884,
              9.6627161
            ],
            [
              76.4231915,
              9.6626382
            ],
            [
              76.4231206,
              9.6626355
            ],
            [
              76.4231175,
              9.6627134
            ],
            [
              76.4231884,
              9.6627161
            ]
          ]
        ]
      }
    },
    {
      "type": "Feature",
      "properties": {
        "building_id": "OSM_BLD_619602136",
        "type": "yes",
        "name": "Building"
      },
      "geometry": {
        "type": "Polygon",
        "coordinates": [
          [
            [
              76.4227505,
              9.6626137
            ],
            [
              76.4227534,
              9.6625422
            ],
            [
              76.4226714,
              9.662539
            ],
            [
              76.4226685,
              9.6626105
            ],
            [
              76.4227505,
              9.6626137
            ]
          ]
        ]
      }
    },
    {
      "type": "Feature",
      "properties": {
        "building_id": "OSM_BLD_619602137",
        "type": "yes",
        "name": "Building"
      },
      "geometry": {
        "type": "Polygon",
        "coordinates": [
          [
            [
              76.422265,
              9.6627155
            ],
            [
              76.4223406,
              9.6627184
            ],
            [
              76.4223448,
              9.6626137
            ],
            [
              76.4222692,
              9.6626107
            ],
            [
              76.422265,
              9.6627155
            ]
          ]
        ]
      }
    },
    {
      "type": "Feature",
      "properties": {
        "building_id": "OSM_BLD_619602138",
        "type": "yes",
        "name": "Building"
      },
      "geometry": {
        "type": "Polygon",
        "coordinates": [
          [
            [
              76.4221209,
              9.6624696
            ],
            [
              76.4221735,
              9.6624716
            ],
            [
              76.4221752,
              9.6624286
            ],
            [
              76.4221226,
              9.6624265
            ],
            [
              76.4221209,
              9.6624696
            ]
          ]
        ]
      }
    },
    {
      "type": "Feature",
      "properties": {
        "building_id": "OSM_BLD_619602139",
        "type": "yes",
        "name": "Building"
      },
      "geometry": {
        "type": "Polygon",
        "coordinates": [
          [
            [
              76.422027,
              9.6625191
            ],
            [
              76.4221023,
              9.6625221
            ],
            [
              76.4221068,
              9.6624101
            ],
            [
              76.4220314,
              9.6624072
            ],
            [
              76.422027,
              9.6625191
            ]
          ]
        ]
      }
    },
    {
      "type": "Feature",
      "properties": {
        "building_id": "OSM_BLD_619602140",
        "type": "yes",
        "name": "Building"
      },
      "geometry": {
        "type": "Polygon",
        "coordinates": [
          [
            [
              76.422196,
              9.6625568
            ],
            [
              76.4222566,
              9.6625592
            ],
            [
              76.4222603,
              9.6624656
            ],
            [
              76.4221997,
              9.6624633
            ],
            [
              76.422196,
              9.6625568
            ]
          ]
        ]
      }
    },
    {
      "type": "Feature",
      "properties": {
        "building_id": "OSM_BLD_619602141",
        "type": "yes",
        "name": "Building"
      },
      "geometry": {
        "type": "Polygon",
        "coordinates": [
          [
            [
              76.4238294,
              9.6616578
            ],
            [
              76.4239008,
              9.6616606
            ],
            [
              76.4239045,
              9.6615679
            ],
            [
              76.4238331,
              9.6615651
            ],
            [
              76.4238294,
              9.6616578
            ]
          ]
        ]
      }
    },
    {
      "type": "Feature",
      "properties": {
        "building_id": "OSM_BLD_619602142",
        "type": "yes",
        "name": "Building"
      },
      "geometry": {
        "type": "Polygon",
        "coordinates": [
          [
            [
              76.4240547,
              9.6616466
            ],
            [
              76.4241728,
              9.6616512
            ],
            [
              76.4241754,
              9.6615858
            ],
            [
              76.4240573,
              9.6615812
            ],
            [
              76.4240547,
              9.6616466
            ]
          ]
        ]
      }
    },
    {
      "type": "Feature",
      "properties": {
        "building_id": "OSM_BLD_619602143",
        "type": "yes",
        "name": "Building"
      },
      "geometry": {
        "type": "Polygon",
        "coordinates": [
          [
            [
              76.424386,
              9.6615745
            ],
            [
              76.4243904,
              9.6614629
            ],
            [
              76.424217,
              9.6614562
            ],
            [
              76.4242125,
              9.6615678
            ],
            [
              76.424386,
              9.6615745
            ]
          ]
        ]
      }
    },
    {
      "type": "Feature",
      "properties": {
        "building_id": "OSM_BLD_619602144",
        "type": "yes",
        "name": "Building"
      },
      "geometry": {
        "type": "Polygon",
        "coordinates": [
          [
            [
              76.424394,
              9.6615158
            ],
            [
              76.4244858,
              9.6615193
            ],
            [
              76.4244899,
              9.6614171
            ],
            [
              76.4243981,
              9.6614136
            ],
            [
              76.424394,
              9.6615158
            ]
          ]
        ]
      }
    },
    {
      "type": "Feature",
      "properties": {
        "building_id": "OSM_BLD_619602145",
        "type": "yes",
        "name": "Building"
      },
      "geometry": {
        "type": "Polygon",
        "coordinates": [
          [
            [
              76.4243384,
              9.6607165
            ],
            [
              76.4244743,
              9.6607182
            ],
            [
              76.4244758,
              9.6606008
            ],
            [
              76.4243399,
              9.6605991
            ],
            [
              76.4243384,
              9.6607165
            ]
          ]
        ]
      }
    },
    {
      "type": "Feature",
      "properties": {
        "building_id": "OSM_BLD_619602146",
        "type": "yes",
        "name": "Building"
      },
      "geometry": {
        "type": "Polygon",
        "coordinates": [
          [
            [
              76.4226305,
              9.6650926
            ],
            [
              76.4227232,
              9.6650937
            ],
            [
              76.4227244,
              9.6650033
            ],
            [
              76.4226316,
              9.6650022
            ],
            [
              76.4226305,
              9.6650926
            ]
          ]
        ]
      }
    },
    {
      "type": "Feature",
      "properties": {
        "building_id": "OSM_BLD_619602147",
        "type": "yes",
        "name": "Building"
      },
      "geometry": {
        "type": "Polygon",
        "coordinates": [
          [
            [
              76.4226593,
              9.6647581
            ],
            [
              76.4227453,
              9.6647591
            ],
            [
              76.4227465,
              9.6646702
            ],
            [
              76.4226604,
              9.6646691
            ],
            [
              76.4226593,
              9.6647581
            ]
          ]
        ]
      }
    },
    {
      "type": "Feature",
      "properties": {
        "building_id": "OSM_BLD_619602148",
        "type": "yes",
        "name": "Building"
      },
      "geometry": {
        "type": "Polygon",
        "coordinates": [
          [
            [
              76.4226211,
              9.6643568
            ],
            [
              76.4227439,
              9.6643584
            ],
            [
              76.4227445,
              9.6643112
            ],
            [
              76.4226217,
              9.6643097
            ],
            [
              76.4226211,
              9.6643568
            ]
          ]
        ]
      }
    },
    {
      "type": "Feature",
      "properties": {
        "building_id": "OSM_BLD_619602149",
        "type": "yes",
        "name": "Building"
      },
      "geometry": {
        "type": "Polygon",
        "coordinates": [
          [
            [
              76.4226264,
              9.664302
            ],
            [
              76.422748,
              9.6643035
            ],
            [
              76.4227492,
              9.6642101
            ],
            [
              76.4226276,
              9.6642086
            ],
            [
              76.4226264,
              9.664302
            ]
          ]
        ]
      }
    },
    {
      "type": "Feature",
      "properties": {
        "building_id": "OSM_BLD_619602150",
        "type": "yes",
        "name": "Building"
      },
      "geometry": {
        "type": "Polygon",
        "coordinates": [
          [
            [
              76.4229434,
              9.6643336
            ],
            [
              76.4230093,
              9.6643344
            ],
            [
              76.4230105,
              9.6642431
            ],
            [
              76.4229446,
              9.6642423
            ],
            [
              76.4229434,
              9.6643336
            ]
          ]
        ]
      }
    },
    {
      "type": "Feature",
      "properties": {
        "building_id": "OSM_BLD_619602151",
        "type": "yes",
        "name": "Building"
      },
      "geometry": {
        "type": "Polygon",
        "coordinates": [
          [
            [
              76.4228913,
              9.6641737
            ],
            [
              76.4230041,
              9.6641751
            ],
            [
              76.4230053,
              9.6640838
            ],
            [
              76.4228925,
              9.6640824
            ],
            [
              76.4228913,
              9.6641737
            ]
          ]
        ]
      }
    },
    {
      "type": "Feature",
      "properties": {
        "building_id": "OSM_BLD_619602152",
        "type": "yes",
        "name": "Building"
      },
      "geometry": {
        "type": "Polygon",
        "coordinates": [
          [
            [
              76.422896,
              9.6640124
            ],
            [
              76.4229863,
              9.6640136
            ],
            [
              76.4229872,
              9.6639457
            ],
            [
              76.4228969,
              9.6639445
            ],
            [
              76.422896,
              9.6640124
            ]
          ]
        ]
      }
    },
    {
      "type": "Feature",
      "properties": {
        "building_id": "OSM_BLD_619602153",
        "type": "yes",
        "name": "Building"
      },
      "geometry": {
        "type": "Polygon",
        "coordinates": [
          [
            [
              76.4227921,
              9.6639933
            ],
            [
              76.4228727,
              9.6639943
            ],
            [
              76.4228739,
              9.6638994
            ],
            [
              76.4227933,
              9.6638984
            ],
            [
              76.4227921,
              9.6639933
            ]
          ]
        ]
      }
    },
    {
      "type": "Feature",
      "properties": {
        "building_id": "OSM_BLD_619602154",
        "type": "yes",
        "name": "Building"
      },
      "geometry": {
        "type": "Polygon",
        "coordinates": [
          [
            [
              76.4226584,
              9.66396
            ],
            [
              76.4227226,
              9.6639608
            ],
            [
              76.4227235,
              9.6638926
            ],
            [
              76.4226593,
              9.6638918
            ],
            [
              76.4226584,
              9.66396
            ]
          ]
        ]
      }
    },
    {
      "type": "Feature",
      "properties": {
        "building_id": "OSM_BLD_619602155",
        "type": "yes",
        "name": "Building"
      },
      "geometry": {
        "type": "Polygon",
        "coordinates": [
          [
            [
              76.422428,
              9.6639675
            ],
            [
              76.4224898,
              9.6639682
            ],
            [
              76.422491,
              9.6638716
            ],
            [
              76.4224292,
              9.6638709
            ],
            [
              76.422428,
              9.6639675
            ]
          ]
        ]
      }
    },
    {
      "type": "Feature",
      "properties": {
        "building_id": "OSM_BLD_619602156",
        "type": "yes",
        "name": "Building"
      },
      "geometry": {
        "type": "Polygon",
        "coordinates": [
          [
            [
              76.4224434,
              9.6642286
            ],
            [
              76.4225249,
              9.6642296
            ],
            [
              76.4225259,
              9.6641499
            ],
            [
              76.4224444,
              9.6641489
            ],
            [
              76.4224434,
              9.6642286
            ]
          ]
        ]
      }
    },
    {
      "type": "Feature",
      "properties": {
        "building_id": "OSM_BLD_619602157",
        "type": "yes",
        "name": "Building"
      },
      "geometry": {
        "type": "Polygon",
        "coordinates": [
          [
            [
              76.4222811,
              9.6641717
            ],
            [
              76.4224022,
              9.6641732
            ],
            [
              76.4224032,
              9.6641017
            ],
            [
              76.422282,
              9.6641002
            ],
            [
              76.4222811,
              9.6641717
            ]
          ]
        ]
      }
    },
    {
      "type": "Feature",
      "properties": {
        "building_id": "OSM_BLD_619602158",
        "type": "yes",
        "name": "Building"
      },
      "geometry": {
        "type": "Polygon",
        "coordinates": [
          [
            [
              76.4222992,
              9.6640607
            ],
            [
              76.4223982,
              9.6640619
            ],
            [
              76.4223994,
              9.6639705
            ],
            [
              76.4223004,
              9.6639693
            ],
            [
              76.4222992,
              9.6640607
            ]
          ]
        ]
      }
    },
    {
      "type": "Feature",
      "properties": {
        "building_id": "OSM_BLD_619602159",
        "type": "yes",
        "name": "Building"
      },
      "geometry": {
        "type": "Polygon",
        "coordinates": [
          [
            [
              76.4218714,
              9.6638711
            ],
            [
              76.4218846,
              9.6638068
            ],
            [
              76.4218194,
              9.6637938
            ],
            [
              76.4218341,
              9.6637228
            ],
            [
              76.421779,
              9.6637118
            ],
            [
              76.4217511,
              9.663847
            ],
            [
              76.4218714,
              9.6638711
            ]
          ]
        ]
      }
    },
    {
      "type": "Feature",
      "properties": {
        "building_id": "OSM_BLD_619602160",
        "type": "yes",
        "name": "Building"
      },
      "geometry": {
        "type": "Polygon",
        "coordinates": [
          [
            [
              76.4213692,
              9.6629409
            ],
            [
              76.4214568,
              9.6629592
            ],
            [
              76.4214912,
              9.6627988
            ],
            [
              76.4214035,
              9.6627805
            ],
            [
              76.4213692,
              9.6629409
            ]
          ]
        ]
      }
    },
    {
      "type": "Feature",
      "properties": {
        "building_id": "OSM_BLD_619602161",
        "type": "yes",
        "name": "Building"
      },
      "geometry": {
        "type": "Polygon",
        "coordinates": [
          [
            [
              76.4217816,
              9.6630711
            ],
            [
              76.4218796,
              9.6630915
            ],
            [
              76.4219023,
              9.6629858
            ],
            [
              76.4218042,
              9.6629654
            ],
            [
              76.4217816,
              9.6630711
            ]
          ]
        ]
      }
    },
    {
      "type": "Feature",
      "properties": {
        "building_id": "OSM_BLD_619602162",
        "type": "yes",
        "name": "Building"
      },
      "geometry": {
        "type": "Polygon",
        "coordinates": [
          [
            [
              76.4212733,
              9.6630863
            ],
            [
              76.4213626,
              9.6631049
            ],
            [
              76.4213779,
              9.6630334
            ],
            [
              76.4212886,
              9.6630148
            ],
            [
              76.4212733,
              9.6630863
            ]
          ]
        ]
      }
    },
    {
      "type": "Feature",
      "properties": {
        "building_id": "OSM_BLD_619602163",
        "type": "yes",
        "name": "Building"
      },
      "geometry": {
        "type": "Polygon",
        "coordinates": [
          [
            [
              76.4211425,
              9.6635841
            ],
            [
              76.4212359,
              9.6636035
            ],
            [
              76.4212572,
              9.6635041
            ],
            [
              76.4211638,
              9.6634846
            ],
            [
              76.4211425,
              9.6635841
            ]
          ]
        ]
      }
    },
    {
      "type": "Feature",
      "properties": {
        "building_id": "OSM_BLD_619602164",
        "type": "yes",
        "name": "Building"
      },
      "geometry": {
        "type": "Polygon",
        "coordinates": [
          [
            [
              76.4211814,
              9.6633098
            ],
            [
              76.4213115,
              9.6633369
            ],
            [
              76.4213383,
              9.6632119
            ],
            [
              76.4212082,
              9.6631848
            ],
            [
              76.4211814,
              9.6633098
            ]
          ]
        ]
      }
    },
    {
      "type": "Feature",
      "properties": {
        "building_id": "OSM_BLD_619602165",
        "type": "yes",
        "name": "Building"
      },
      "geometry": {
        "type": "Polygon",
        "coordinates": [
          [
            [
              76.4225359,
              9.6655933
            ],
            [
              76.4226534,
              9.6656042
            ],
            [
              76.4226617,
              9.6655179
            ],
            [
              76.4225442,
              9.665507
            ],
            [
              76.4225359,
              9.6655933
            ]
          ]
        ]
      }
    },
    {
      "type": "Feature",
      "properties": {
        "building_id": "OSM_BLD_619602166",
        "type": "yes",
        "name": "Building"
      },
      "geometry": {
        "type": "Polygon",
        "coordinates": [
          [
            [
              76.422322,
              9.6656763
            ],
            [
              76.4224108,
              9.6656845
            ],
            [
              76.4224233,
              9.665554
            ],
            [
              76.4223345,
              9.6655457
            ],
            [
              76.422322,
              9.6656763
            ]
          ]
        ]
      }
    },
    {
      "type": "Feature",
      "properties": {
        "building_id": "OSM_BLD_619602167",
        "type": "yes",
        "name": "Building"
      },
      "geometry": {
        "type": "Polygon",
        "coordinates": [
          [
            [
              76.4222261,
              9.6656756
            ],
            [
              76.4222881,
              9.6656813
            ],
            [
              76.4222959,
              9.6655996
            ],
            [
              76.4222339,
              9.6655938
            ],
            [
              76.4222261,
              9.6656756
            ]
          ]
        ]
      }
    },
    {
      "type": "Feature",
      "properties": {
        "building_id": "OSM_BLD_619602168",
        "type": "yes",
        "name": "Building"
      },
      "geometry": {
        "type": "Polygon",
        "coordinates": [
          [
            [
              76.4220005,
              9.6656505
            ],
            [
              76.4220874,
              9.6656585
            ],
            [
              76.422094,
              9.665589
            ],
            [
              76.4220071,
              9.6655809
            ],
            [
              76.4220005,
              9.6656505
            ]
          ]
        ]
      }
    },
    {
      "type": "Feature",
      "properties": {
        "building_id": "OSM_BLD_619602169",
        "type": "yes",
        "name": "Building"
      },
      "geometry": {
        "type": "Polygon",
        "coordinates": [
          [
            [
              76.4218419,
              9.6654158
            ],
            [
              76.4219419,
              9.6654251
            ],
            [
              76.4219519,
              9.6653206
            ],
            [
              76.4218519,
              9.6653113
            ],
            [
              76.4218419,
              9.6654158
            ]
          ]
        ]
      }
    },
    {
      "type": "Feature",
      "properties": {
        "building_id": "OSM_BLD_619602170",
        "type": "yes",
        "name": "Building"
      },
      "geometry": {
        "type": "Polygon",
        "coordinates": [
          [
            [
              76.4221356,
              9.6655189
            ],
            [
              76.4222561,
              9.6655301
            ],
            [
              76.4222697,
              9.6653874
            ],
            [
              76.4221492,
              9.6653762
            ],
            [
              76.4221356,
              9.6655189
            ]
          ]
        ]
      }
    },
    {
      "type": "Feature",
      "properties": {
        "building_id": "OSM_BLD_619602171",
        "type": "yes",
        "name": "Building"
      },
      "geometry": {
        "type": "Polygon",
        "coordinates": [
          [
            [
              76.4219505,
              9.6652618
            ],
            [
              76.4219571,
              9.6651928
            ],
            [
              76.42186,
              9.6651838
            ],
            [
              76.4218534,
              9.6652528
            ],
            [
              76.4219505,
              9.6652618
            ]
          ]
        ]
      }
    },
    {
      "type": "Feature",
      "properties": {
        "building_id": "OSM_BLD_619602172",
        "type": "yes",
        "name": "Building"
      },
      "geometry": {
        "type": "Polygon",
        "coordinates": [
          [
            [
              76.4217634,
              9.6652426
            ],
            [
              76.4217696,
              9.6651783
            ],
            [
              76.421679,
              9.6651699
            ],
            [
              76.4216728,
              9.6652342
            ],
            [
              76.4217634,
              9.6652426
            ]
          ]
        ]
      }
    },
    {
      "type": "Feature",
      "properties": {
        "building_id": "OSM_BLD_619602173",
        "type": "yes",
        "name": "Building"
      },
      "geometry": {
        "type": "Polygon",
        "coordinates": [
          [
            [
              76.4217722,
              9.6651706
            ],
            [
              76.4217782,
              9.6651069
            ],
            [
              76.4217091,
              9.6651005
            ],
            [
              76.4217031,
              9.6651642
            ],
            [
              76.4217722,
              9.6651706
            ]
          ]
        ]
      }
    },
    {
      "type": "Feature",
      "properties": {
        "building_id": "OSM_BLD_619602174",
        "type": "yes",
        "name": "Building"
      },
      "geometry": {
        "type": "Polygon",
        "coordinates": [
          [
            [
              76.4215891,
              9.6653431
            ],
            [
              76.4215974,
              9.6652564
            ],
            [
              76.4214778,
              9.6652453
            ],
            [
              76.4214695,
              9.665332
            ],
            [
              76.4215891,
              9.6653431
            ]
          ]
        ]
      }
    },
    {
      "type": "Feature",
      "properties": {
        "building_id": "OSM_BLD_619602175",
        "type": "yes",
        "name": "Building"
      },
      "geometry": {
        "type": "Polygon",
        "coordinates": [
          [
            [
              76.4219981,
              9.6648301
            ],
            [
              76.4220123,
              9.6646823
            ],
            [
              76.4219318,
              9.6646748
            ],
            [
              76.4219176,
              9.6648227
            ],
            [
              76.4219981,
              9.6648301
            ]
          ]
        ]
      }
    },
    {
      "type": "Feature",
      "properties": {
        "building_id": "OSM_BLD_619602176",
        "type": "yes",
        "name": "Building"
      },
      "geometry": {
        "type": "Polygon",
        "coordinates": [
          [
            [
              76.4219002,
              9.664768
            ],
            [
              76.4219075,
              9.664692
            ],
            [
              76.4218432,
              9.664686
            ],
            [
              76.421836,
              9.664762
            ],
            [
              76.4219002,
              9.664768
            ]
          ]
        ]
      }
    },
    {
      "type": "Feature",
      "properties": {
        "building_id": "OSM_BLD_619602177",
        "type": "yes",
        "name": "Building"
      },
      "geometry": {
        "type": "Polygon",
        "coordinates": [
          [
            [
              76.4218124,
              9.6647607
            ],
            [
              76.421818,
              9.6647017
            ],
            [
              76.4217413,
              9.6646946
            ],
            [
              76.4217357,
              9.6647536
            ],
            [
              76.4218124,
              9.6647607
            ]
          ]
        ]
      }
    },
    {
      "type": "Feature",
      "properties": {
        "building_id": "OSM_BLD_619602178",
        "type": "yes",
        "name": "Building"
      },
      "geometry": {
        "type": "Polygon",
        "coordinates": [
          [
            [
              76.4215411,
              9.6647535
            ],
            [
              76.4216486,
              9.6647635
            ],
            [
              76.4216568,
              9.6646777
            ],
            [
              76.4215493,
              9.6646677
            ],
            [
              76.4215411,
              9.6647535
            ]
          ]
        ]
      }
    },
    {
      "type": "Feature",
      "properties": {
        "building_id": "OSM_BLD_619602179",
        "type": "yes",
        "name": "Building"
      },
      "geometry": {
        "type": "Polygon",
        "coordinates": [
          [
            [
              76.4216159,
              9.6649498
            ],
            [
              76.421685,
              9.664959
            ],
            [
              76.4217013,
              9.664841
            ],
            [
              76.4216322,
              9.6648317
            ],
            [
              76.4216159,
              9.6649498
            ]
          ]
        ]
      }
    },
    {
      "type": "Feature",
      "properties": {
        "building_id": "OSM_BLD_619602180",
        "type": "yes",
        "name": "Building"
      },
      "geometry": {
        "type": "Polygon",
        "coordinates": [
          [
            [
              76.4224374,
              9.6648268
            ],
            [
              76.4225062,
              9.664828
            ],
            [
              76.4225071,
              9.6647746
            ],
            [
              76.4224383,
              9.6647735
            ],
            [
              76.4224374,
              9.6648268
            ]
          ]
        ]
      }
    },
    {
      "type": "Feature",
      "properties": {
        "building_id": "OSM_BLD_619602181",
        "type": "yes",
        "name": "Building"
      },
      "geometry": {
        "type": "Polygon",
        "coordinates": [
          [
            [
              76.4223173,
              9.6648149
            ],
            [
              76.4223996,
              9.6648163
            ],
            [
              76.4224005,
              9.6647667
            ],
            [
              76.4223182,
              9.6647653
            ],
            [
              76.4223173,
              9.6648149
            ]
          ]
        ]
      }
    },
    {
      "type": "Feature",
      "properties": {
        "building_id": "OSM_BLD_619602182",
        "type": "yes",
        "name": "Building"
      },
      "geometry": {
        "type": "Polygon",
        "coordinates": [
          [
            [
              76.4223059,
              9.6649637
            ],
            [
              76.4224102,
              9.6649654
            ],
            [
              76.4224112,
              9.6649075
            ],
            [
              76.4223069,
              9.6649058
            ],
            [
              76.4223059,
              9.6649637
            ]
          ]
        ]
      }
    },
    {
      "type": "Feature",
      "properties": {
        "building_id": "OSM_BLD_619602183",
        "type": "yes",
        "name": "Building"
      },
      "geometry": {
        "type": "Polygon",
        "coordinates": [
          [
            [
              76.4221181,
              9.6649828
            ],
            [
              76.4222138,
              9.6649997
            ],
            [
              76.4222301,
              9.6648795
            ],
            [
              76.4221311,
              9.6648756
            ],
            [
              76.4221181,
              9.6649828
            ]
          ]
        ]
      }
    },
    {
      "type": "Feature",
      "properties": {
        "building_id": "OSM_BLD_619602184",
        "type": "yes",
        "name": "Building"
      },
      "geometry": {
        "type": "Polygon",
        "coordinates": [
          [
            [
              76.4211908,
              9.6644143
            ],
            [
              76.4213514,
              9.6644232
            ],
            [
              76.4213551,
              9.6643575
            ],
            [
              76.4211945,
              9.6643486
            ],
            [
              76.4211908,
              9.6644143
            ]
          ]
        ]
      }
    },
    {
      "type": "Feature",
      "properties": {
        "building_id": "OSM_BLD_619602185",
        "type": "yes",
        "name": "Building"
      },
      "geometry": {
        "type": "Polygon",
        "coordinates": [
          [
            [
              76.4212082,
              9.6642921
            ],
            [
              76.4212847,
              9.6642963
            ],
            [
              76.4212867,
              9.6642616
            ],
            [
              76.4212102,
              9.6642574
            ],
            [
              76.4212082,
              9.6642921
            ]
          ]
        ]
      }
    },
    {
      "type": "Feature",
      "properties": {
        "building_id": "OSM_BLD_619602186",
        "type": "yes",
        "name": "Building"
      },
      "geometry": {
        "type": "Polygon",
        "coordinates": [
          [
            [
              76.4214523,
              9.6644236
            ],
            [
              76.4216001,
              9.6644317
            ],
            [
              76.4216045,
              9.6643529
            ],
            [
              76.4214568,
              9.6643447
            ],
            [
              76.4214523,
              9.6644236
            ]
          ]
        ]
      }
    },
    {
      "type": "Feature",
      "properties": {
        "building_id": "OSM_BLD_619602187",
        "type": "yes",
        "name": "Building"
      },
      "geometry": {
        "type": "Polygon",
        "coordinates": [
          [
            [
              76.4218392,
              9.6645975
            ],
            [
              76.4218458,
              9.6644815
            ],
            [
              76.4217547,
              9.6644765
            ],
            [
              76.4217482,
              9.6645924
            ],
            [
              76.4218392,
              9.6645975
            ]
          ]
        ]
      }
    },
    {
      "type": "Feature",
      "properties": {
        "building_id": "OSM_BLD_619602188",
        "type": "yes",
        "name": "Building"
      },
      "geometry": {
        "type": "Polygon",
        "coordinates": [
          [
            [
              76.4217735,
              9.6644593
            ],
            [
              76.4219653,
              9.6644699
            ],
            [
              76.4219703,
              9.6643808
            ],
            [
              76.4217786,
              9.6643702
            ],
            [
              76.4217735,
              9.6644593
            ]
          ]
        ]
      }
    },
    {
      "type": "Feature",
      "properties": {
        "building_id": "OSM_BLD_619602189",
        "type": "yes",
        "name": "Building"
      },
      "geometry": {
        "type": "Polygon",
        "coordinates": [
          [
            [
              76.4252081,
              9.6640693
            ],
            [
              76.4252935,
              9.6640706
            ],
            [
              76.4252946,
              9.6640012
            ],
            [
              76.4252092,
              9.6639999
            ],
            [
              76.4252081,
              9.6640693
            ]
          ]
        ]
      }
    },
    {
      "type": "Feature",
      "properties": {
        "building_id": "OSM_BLD_619602190",
        "type": "yes",
        "name": "Building"
      },
      "geometry": {
        "type": "Polygon",
        "coordinates": [
          [
            [
              76.4239984,
              9.6643053
            ],
            [
              76.4240911,
              9.6643067
            ],
            [
              76.4240929,
              9.6641869
            ],
            [
              76.4240003,
              9.6641855
            ],
            [
              76.4239984,
              9.6643053
            ]
          ]
        ]
      }
    },
    {
      "type": "Feature",
      "properties": {
        "building_id": "OSM_BLD_619602191",
        "type": "yes",
        "name": "Building"
      },
      "geometry": {
        "type": "Polygon",
        "coordinates": [
          [
            [
              76.4242901,
              9.6645829
            ],
            [
              76.4243546,
              9.6645839
            ],
            [
              76.4243558,
              9.6645069
            ],
            [
              76.4242913,
              9.6645059
            ],
            [
              76.4242901,
              9.6645829
            ]
          ]
        ]
      }
    },
    {
      "type": "Feature",
      "properties": {
        "building_id": "OSM_BLD_619602192",
        "type": "yes",
        "name": "Building"
      },
      "geometry": {
        "type": "Polygon",
        "coordinates": [
          [
            [
              76.4241432,
              9.6644434
            ],
            [
              76.4242602,
              9.6644452
            ],
            [
              76.4242613,
              9.664378
            ],
            [
              76.4241443,
              9.6643762
            ],
            [
              76.4241432,
              9.6644434
            ]
          ]
        ]
      }
    },
    {
      "type": "Feature",
      "properties": {
        "building_id": "OSM_BLD_619602193",
        "type": "yes",
        "name": "Building"
      },
      "geometry": {
        "type": "Polygon",
        "coordinates": [
          [
            [
              76.4242552,
              9.6641288
            ],
            [
              76.4243511,
              9.6641665
            ],
            [
              76.4243927,
              9.6640636
            ],
            [
              76.4242968,
              9.6640259
            ],
            [
              76.4242552,
              9.6641288
            ]
          ]
        ]
      }
    },
    {
      "type": "Feature",
      "properties": {
        "building_id": "OSM_BLD_619602194",
        "type": "yes",
        "name": "Building"
      },
      "geometry": {
        "type": "Polygon",
        "coordinates": [
          [
            [
              76.4241694,
              9.6640984
            ],
            [
              76.4242378,
              9.6641136
            ],
            [
              76.4242636,
              9.6640007
            ],
            [
              76.4241952,
              9.6639855
            ],
            [
              76.4241694,
              9.6640984
            ]
          ]
        ]
      }
    },
    {
      "type": "Feature",
      "properties": {
        "building_id": "OSM_BLD_619602195",
        "type": "yes",
        "name": "Building"
      },
      "geometry": {
        "type": "Polygon",
        "coordinates": [
          [
            [
              76.4243414,
              9.6638815
            ],
            [
              76.4244438,
              9.6638831
            ],
            [
              76.424445,
              9.6638095
            ],
            [
              76.4243425,
              9.6638079
            ],
            [
              76.4243414,
              9.6638815
            ]
          ]
        ]
      }
    },
    {
      "type": "Feature",
      "properties": {
        "building_id": "OSM_BLD_619602196",
        "type": "yes",
        "name": "Building"
      },
      "geometry": {
        "type": "Polygon",
        "coordinates": [
          [
            [
              76.4246415,
              9.6635861
            ],
            [
              76.4247621,
              9.6635879
            ],
            [
              76.4247635,
              9.6634981
            ],
            [
              76.4246429,
              9.6634963
            ],
            [
              76.4246415,
              9.6635861
            ]
          ]
        ]
      }
    },
    {
      "type": "Feature",
      "properties": {
        "building_id": "OSM_BLD_619602197",
        "type": "yes",
        "name": "Building"
      },
      "geometry": {
        "type": "Polygon",
        "coordinates": [
          [
            [
              76.4243793,
              9.6635861
            ],
            [
              76.4244658,
              9.6635874
            ],
            [
              76.4244671,
              9.6635034
            ],
            [
              76.4243806,
              9.6635021
            ],
            [
              76.4243793,
              9.6635861
            ]
          ]
        ]
      }
    },
    {
      "type": "Feature",
      "properties": {
        "building_id": "OSM_BLD_619602198",
        "type": "yes",
        "name": "Building"
      },
      "geometry": {
        "type": "Polygon",
        "coordinates": [
          [
            [
              76.4244296,
              9.6633983
            ],
            [
              76.4244894,
              9.6633992
            ],
            [
              76.4244906,
              9.6633217
            ],
            [
              76.4244308,
              9.6633207
            ],
            [
              76.4244296,
              9.6633983
            ]
          ]
        ]
      }
    },
    {
      "type": "Feature",
      "properties": {
        "building_id": "OSM_BLD_619602199",
        "type": "yes",
        "name": "Building"
      },
      "geometry": {
        "type": "Polygon",
        "coordinates": [
          [
            [
              76.4245483,
              9.6634625
            ],
            [
              76.4246478,
              9.663464
            ],
            [
              76.4246495,
              9.663354
            ],
            [
              76.42455,
              9.6633525
            ],
            [
              76.4245483,
              9.6634625
            ]
          ]
        ]
      }
    },
    {
      "type": "Feature",
      "properties": {
        "building_id": "OSM_BLD_619602200",
        "type": "yes",
        "name": "Building"
      },
      "geometry": {
        "type": "Polygon",
        "coordinates": [
          [
            [
              76.4249875,
              9.6627234
            ],
            [
              76.4250709,
              9.6627247
            ],
            [
              76.4250727,
              9.6626104
            ],
            [
              76.4249893,
              9.6626091
            ],
            [
              76.4249875,
              9.6627234
            ]
          ]
        ]
      }
    },
    {
      "type": "Feature",
      "properties": {
        "building_id": "OSM_BLD_619602201",
        "type": "yes",
        "name": "Building"
      },
      "geometry": {
        "type": "Polygon",
        "coordinates": [
          [
            [
              76.4246529,
              9.6627383
            ],
            [
              76.42475,
              9.6627397
            ],
            [
              76.4247508,
              9.662687
            ],
            [
              76.4246537,
              9.6626856
            ],
            [
              76.4246529,
              9.6627383
            ]
          ]
        ]
      }
    },
    {
      "type": "Feature",
      "properties": {
        "building_id": "OSM_BLD_619602202",
        "type": "yes",
        "name": "Building"
      },
      "geometry": {
        "type": "Polygon",
        "coordinates": [
          [
            [
              76.4246348,
              9.6626818
            ],
            [
              76.4247839,
              9.662684
            ],
            [
              76.4247857,
              9.662574
            ],
            [
              76.4247105,
              9.6625729
            ],
            [
              76.4247096,
              9.6626338
            ],
            [
              76.4246356,
              9.6626326
            ],
            [
              76.4246348,
              9.6626818
            ]
          ]
        ]
      }
    },
    {
      "type": "Feature",
      "properties": {
        "building_id": "OSM_BLD_619602203",
        "type": "yes",
        "name": "Building"
      },
      "geometry": {
        "type": "Polygon",
        "coordinates": [
          [
            [
              76.4246073,
              9.6626712
            ],
            [
              76.4246086,
              9.6625888
            ],
            [
              76.424549,
              9.6625879
            ],
            [
              76.4245477,
              9.6626703
            ],
            [
              76.4246073,
              9.6626712
            ]
          ]
        ]
      }
    },
    {
      "type": "Feature",
      "properties": {
        "building_id": "OSM_BLD_619602204",
        "type": "yes",
        "name": "Building"
      },
      "geometry": {
        "type": "Polygon",
        "coordinates": [
          [
            [
              76.4245174,
              9.6625462
            ],
            [
              76.4245569,
              9.6625468
            ],
            [
              76.4245577,
              9.6624993
            ],
            [
              76.4245182,
              9.6624987
            ],
            [
              76.4245174,
              9.6625462
            ]
          ]
        ]
      }
    },
    {
      "type": "Feature",
      "properties": {
        "building_id": "OSM_BLD_619602205",
        "type": "yes",
        "name": "Building"
      },
      "geometry": {
        "type": "Polygon",
        "coordinates": [
          [
            [
              76.4244531,
              9.6626057
            ],
            [
              76.4245094,
              9.6626066
            ],
            [
              76.4245101,
              9.6625628
            ],
            [
              76.4244537,
              9.6625619
            ],
            [
              76.4244531,
              9.6626057
            ]
          ]
        ]
      }
    },
    {
      "type": "Feature",
      "properties": {
        "building_id": "OSM_BLD_619602206",
        "type": "yes",
        "name": "Building"
      },
      "geometry": {
        "type": "Polygon",
        "coordinates": [
          [
            [
              76.4247957,
              9.6619024
            ],
            [
              76.4248691,
              9.6619035
            ],
            [
              76.4248701,
              9.6618403
            ],
            [
              76.4247967,
              9.6618391
            ],
            [
              76.4247957,
              9.6619024
            ]
          ]
        ]
      }
    },
    {
      "type": "Feature",
      "properties": {
        "building_id": "OSM_BLD_619602207",
        "type": "yes",
        "name": "Building"
      },
      "geometry": {
        "type": "Polygon",
        "coordinates": [
          [
            [
              76.4246777,
              9.6618607
            ],
            [
              76.4247655,
              9.6618621
            ],
            [
              76.4247669,
              9.6617755
            ],
            [
              76.424679,
              9.6617741
            ],
            [
              76.4246777,
              9.6618607
            ]
          ]
        ]
      }
    },
    {
      "type": "Feature",
      "properties": {
        "building_id": "OSM_BLD_619602208",
        "type": "yes",
        "name": "Building"
      },
      "geometry": {
        "type": "Polygon",
        "coordinates": [
          [
            [
              76.4246703,
              9.6619573
            ],
            [
              76.4247585,
              9.6619586
            ],
            [
              76.4247595,
              9.6618978
            ],
            [
              76.4246712,
              9.6618964
            ],
            [
              76.4246703,
              9.6619573
            ]
          ]
        ]
      }
    },
    {
      "type": "Feature",
      "properties": {
        "building_id": "OSM_BLD_619602209",
        "type": "yes",
        "name": "Building"
      },
      "geometry": {
        "type": "Polygon",
        "coordinates": [
          [
            [
              76.4245784,
              9.6619678
            ],
            [
              76.4246539,
              9.661969
            ],
            [
              76.4246549,
              9.661907
            ],
            [
              76.4245794,
              9.6619059
            ],
            [
              76.4245784,
              9.6619678
            ]
          ]
        ]
      }
    },
    {
      "type": "Feature",
      "properties": {
        "building_id": "OSM_BLD_619602210",
        "type": "yes",
        "name": "Building"
      },
      "geometry": {
        "type": "Polygon",
        "coordinates": [
          [
            [
              76.4246066,
              9.6621384
            ],
            [
              76.4247242,
              9.6621402
            ],
            [
              76.4247266,
              9.6619857
            ],
            [
              76.424609,
              9.6619839
            ],
            [
              76.4246066,
              9.6621384
            ]
          ]
        ]
      }
    },
    {
      "type": "Feature",
      "properties": {
        "building_id": "OSM_BLD_619602211",
        "type": "yes",
        "name": "Building"
      },
      "geometry": {
        "type": "Polygon",
        "coordinates": [
          [
            [
              76.424964,
              9.6621166
            ],
            [
              76.4252068,
              9.6621203
            ],
            [
              76.4252087,
              9.6619936
            ],
            [
              76.424966,
              9.6619899
            ],
            [
              76.424964,
              9.6621166
            ]
          ]
        ]
      }
    },
    {
      "type": "Feature",
      "properties": {
        "building_id": "OSM_BLD_619602212",
        "type": "yes",
        "name": "Building"
      },
      "geometry": {
        "type": "Polygon",
        "coordinates": [
          [
            [
              76.4249459,
              9.6619711
            ],
            [
              76.4250802,
              9.6619732
            ],
            [
              76.425082,
              9.6618568
            ],
            [
              76.4249477,
              9.6618547
            ],
            [
              76.4249459,
              9.6619711
            ]
          ]
        ]
      }
    },
    {
      "type": "Feature",
      "properties": {
        "building_id": "OSM_BLD_619602213",
        "type": "yes",
        "name": "Building"
      },
      "geometry": {
        "type": "Polygon",
        "coordinates": [
          [
            [
              76.4249419,
              9.6618065
            ],
            [
              76.425044,
              9.6618081
            ],
            [
              76.4250458,
              9.6616915
            ],
            [
              76.4249437,
              9.66169
            ],
            [
              76.4249419,
              9.6618065
            ]
          ]
        ]
      }
    },
    {
      "type": "Feature",
      "properties": {
        "building_id": "OSM_BLD_619602214",
        "type": "yes",
        "name": "Building"
      },
      "geometry": {
        "type": "Polygon",
        "coordinates": [
          [
            [
              76.4247903,
              9.6617556
            ],
            [
              76.4248968,
              9.6617573
            ],
            [
              76.4248983,
              9.6616631
            ],
            [
              76.4247918,
              9.6616615
            ],
            [
              76.4247903,
              9.6617556
            ]
          ]
        ]
      }
    },
    {
      "type": "Feature",
      "properties": {
        "building_id": "OSM_BLD_619602215",
        "type": "yes",
        "name": "Building"
      },
      "geometry": {
        "type": "Polygon",
        "coordinates": [
          [
            [
              76.4249499,
              9.6616591
            ],
            [
              76.425043,
              9.6616605
            ],
            [
              76.4250445,
              9.6615659
            ],
            [
              76.4249514,
              9.6615645
            ],
            [
              76.4249499,
              9.6616591
            ]
          ]
        ]
      }
    },
    {
      "type": "Feature",
      "properties": {
        "building_id": "OSM_BLD_619602216",
        "type": "yes",
        "name": "Building"
      },
      "geometry": {
        "type": "Polygon",
        "coordinates": [
          [
            [
              76.4247534,
              9.6614972
            ],
            [
              76.4248017,
              9.6614979
            ],
            [
              76.4248024,
              9.6614549
            ],
            [
              76.4247541,
              9.6614541
            ],
            [
              76.4247534,
              9.6614972
            ]
          ]
        ]
      }
    },
    {
      "type": "Feature",
      "properties": {
        "building_id": "OSM_BLD_619602217",
        "type": "yes",
        "name": "Building"
      },
      "geometry": {
        "type": "Polygon",
        "coordinates": [
          [
            [
              76.424742,
              9.6615891
            ],
            [
              76.4247915,
              9.6615898
            ],
            [
              76.4247923,
              9.6615375
            ],
            [
              76.4247429,
              9.6615367
            ],
            [
              76.424742,
              9.6615891
            ]
          ]
        ]
      }
    },
    {
      "type": "Feature",
      "properties": {
        "building_id": "OSM_BLD_619602218",
        "type": "yes",
        "name": "Building"
      },
      "geometry": {
        "type": "Polygon",
        "coordinates": [
          [
            [
              76.4246522,
              9.6615514
            ],
            [
              76.4247228,
              9.6615524
            ],
            [
              76.4247239,
              9.661478
            ],
            [
              76.4246534,
              9.6614769
            ],
            [
              76.4246522,
              9.6615514
            ]
          ]
        ]
      }
    },
    {
      "type": "Feature",
      "properties": {
        "building_id": "OSM_BLD_619602219",
        "type": "yes",
        "name": "Building"
      },
      "geometry": {
        "type": "Polygon",
        "coordinates": [
          [
            [
              76.4249023,
              9.6614628
            ],
            [
              76.4250181,
              9.6614646
            ],
            [
              76.4250197,
              9.6613643
            ],
            [
              76.4249039,
              9.6613625
            ],
            [
              76.4249023,
              9.6614628
            ]
          ]
        ]
      }
    },
    {
      "type": "Feature",
      "properties": {
        "building_id": "OSM_BLD_619602220",
        "type": "yes",
        "name": "Building"
      },
      "geometry": {
        "type": "Polygon",
        "coordinates": [
          [
            [
              76.4246683,
              9.6613372
            ],
            [
              76.4247771,
              9.6613389
            ],
            [
              76.4247789,
              9.6612228
            ],
            [
              76.4246701,
              9.6612212
            ],
            [
              76.4246683,
              9.6613372
            ]
          ]
        ]
      }
    },
    {
      "type": "Feature",
      "properties": {
        "building_id": "OSM_BLD_619602221",
        "type": "yes",
        "name": "Building"
      },
      "geometry": {
        "type": "Polygon",
        "coordinates": [
          [
            [
              76.4250357,
              9.6611898
            ],
            [
              76.4251675,
              9.6611918
            ],
            [
              76.4251692,
              9.6610853
            ],
            [
              76.4250374,
              9.6610833
            ],
            [
              76.4250357,
              9.6611898
            ]
          ]
        ]
      }
    },
    {
      "type": "Feature",
      "properties": {
        "building_id": "OSM_BLD_619602222",
        "type": "yes",
        "name": "Building"
      },
      "geometry": {
        "type": "Polygon",
        "coordinates": [
          [
            [
              76.424789,
              9.6611984
            ],
            [
              76.4249434,
              9.6612007
            ],
            [
              76.4249452,
              9.661086
            ],
            [
              76.4247908,
              9.6610837
            ],
            [
              76.424789,
              9.6611984
            ]
          ]
        ]
      }
    },
    {
      "type": "Feature",
      "properties": {
        "building_id": "OSM_BLD_619602223",
        "type": "yes",
        "name": "Building"
      },
      "geometry": {
        "type": "Polygon",
        "coordinates": [
          [
            [
              76.4253294,
              9.6605611
            ],
            [
              76.4254182,
              9.6605625
            ],
            [
              76.4254193,
              9.6604944
            ],
            [
              76.4253305,
              9.660493
            ],
            [
              76.4253294,
              9.6605611
            ]
          ]
        ]
      }
    },
    {
      "type": "Feature",
      "properties": {
        "building_id": "OSM_BLD_619602224",
        "type": "yes",
        "name": "Building"
      },
      "geometry": {
        "type": "Polygon",
        "coordinates": [
          [
            [
              76.4252584,
              9.6604435
            ],
            [
              76.4253702,
              9.6604452
            ],
            [
              76.425371,
              9.6603926
            ],
            [
              76.4252592,
              9.6603909
            ],
            [
              76.4252584,
              9.6604435
            ]
          ]
        ]
      }
    },
    {
      "type": "Feature",
      "properties": {
        "building_id": "OSM_BLD_619602225",
        "type": "yes",
        "name": "Building"
      },
      "geometry": {
        "type": "Polygon",
        "coordinates": [
          [
            [
              76.4250371,
              9.6605393
            ],
            [
              76.4251193,
              9.6605406
            ],
            [
              76.4251202,
              9.6604812
            ],
            [
              76.425038,
              9.6604799
            ],
            [
              76.4250371,
              9.6605393
            ]
          ]
        ]
      }
    },
    {
      "type": "Feature",
      "properties": {
        "building_id": "OSM_BLD_619602226",
        "type": "yes",
        "name": "Building"
      },
      "geometry": {
        "type": "Polygon",
        "coordinates": [
          [
            [
              76.4248373,
              9.6606206
            ],
            [
              76.4249628,
              9.6606225
            ],
            [
              76.424964,
              9.6605486
            ],
            [
              76.4248384,
              9.6605467
            ],
            [
              76.4248373,
              9.6606206
            ]
          ]
        ]
      }
    },
    {
      "type": "Feature",
      "properties": {
        "building_id": "OSM_BLD_619602227",
        "type": "yes",
        "name": "Building"
      },
      "geometry": {
        "type": "Polygon",
        "coordinates": [
          [
            [
              76.4249278,
              9.6605221
            ],
            [
              76.4250125,
              9.6605234
            ],
            [
              76.4250136,
              9.6604541
            ],
            [
              76.4249289,
              9.6604528
            ],
            [
              76.4249278,
              9.6605221
            ]
          ]
        ]
      }
    },
    {
      "type": "Feature",
      "properties": {
        "building_id": "OSM_BLD_619602228",
        "type": "yes",
        "name": "Building"
      },
      "geometry": {
        "type": "Polygon",
        "coordinates": [
          [
            [
              76.4254897,
              9.660622
            ],
            [
              76.4255955,
              9.6606236
            ],
            [
              76.4255977,
              9.6604851
            ],
            [
              76.4254919,
              9.6604835
            ],
            [
              76.4254897,
              9.660622
            ]
          ]
        ]
      }
    },
    {
      "type": "Feature",
      "properties": {
        "building_id": "OSM_BLD_619602229",
        "type": "yes",
        "name": "Building"
      },
      "geometry": {
        "type": "Polygon",
        "coordinates": [
          [
            [
              76.4254153,
              9.6609115
            ],
            [
              76.4255345,
              9.6609133
            ],
            [
              76.425536,
              9.6608216
            ],
            [
              76.4254167,
              9.6608198
            ],
            [
              76.4254153,
              9.6609115
            ]
          ]
        ]
      }
    },
    {
      "type": "Feature",
      "properties": {
        "building_id": "OSM_BLD_619602230",
        "type": "yes",
        "name": "Building"
      },
      "geometry": {
        "type": "Polygon",
        "coordinates": [
          [
            [
              76.4252986,
              9.6610063
            ],
            [
              76.4253566,
              9.6610072
            ],
            [
              76.4253579,
              9.6609188
            ],
            [
              76.4253,
              9.6609179
            ],
            [
              76.4252986,
              9.6610063
            ]
          ]
        ]
      }
    },
    {
      "type": "Feature",
      "properties": {
        "building_id": "OSM_BLD_619602231",
        "type": "yes",
        "name": "Building"
      },
      "geometry": {
        "type": "Polygon",
        "coordinates": [
          [
            [
              76.4252124,
              9.6610063
            ],
            [
              76.4252926,
              9.6610076
            ],
            [
              76.4252936,
              9.6609449
            ],
            [
              76.4252134,
              9.6609437
            ],
            [
              76.4252124,
              9.6610063
            ]
          ]
        ]
      }
    },
    {
      "type": "Feature",
      "properties": {
        "building_id": "OSM_BLD_619602232",
        "type": "yes",
        "name": "Building"
      },
      "geometry": {
        "type": "Polygon",
        "coordinates": [
          [
            [
              76.4254676,
              9.6611865
            ],
            [
              76.4255548,
              9.6611878
            ],
            [
              76.4255563,
              9.6610892
            ],
            [
              76.4254691,
              9.6610879
            ],
            [
              76.4254676,
              9.6611865
            ]
          ]
        ]
      }
    },
    {
      "type": "Feature",
      "properties": {
        "building_id": "OSM_BLD_619602233",
        "type": "yes",
        "name": "Building"
      },
      "geometry": {
        "type": "Polygon",
        "coordinates": [
          [
            [
              76.4220753,
              9.6617186
            ],
            [
              76.4221644,
              9.66172
            ],
            [
              76.4221654,
              9.6616595
            ],
            [
              76.4220762,
              9.6616582
            ],
            [
              76.4220753,
              9.6617186
            ]
          ]
        ]
      }
    },
    {
      "type": "Feature",
      "properties": {
        "building_id": "OSM_BLD_619602234",
        "type": "yes",
        "name": "Building"
      },
      "geometry": {
        "type": "Polygon",
        "coordinates": [
          [
            [
              76.4219418,
              9.6617021
            ],
            [
              76.4220344,
              9.6617034
            ],
            [
              76.4220359,
              9.6615988
            ],
            [
              76.4219434,
              9.6615975
            ],
            [
              76.4219418,
              9.6617021
            ]
          ]
        ]
      }
    },
    {
      "type": "Feature",
      "properties": {
        "building_id": "OSM_BLD_619602235",
        "type": "yes",
        "name": "Building"
      },
      "geometry": {
        "type": "Polygon",
        "coordinates": [
          [
            [
              76.4219861,
              9.6615355
            ],
            [
              76.422086,
              9.6615421
            ],
            [
              76.4220914,
              9.6614626
            ],
            [
              76.4219915,
              9.661456
            ],
            [
              76.4219861,
              9.6615355
            ]
          ]
        ]
      }
    },
    {
      "type": "Feature",
      "properties": {
        "building_id": "OSM_BLD_619602236",
        "type": "yes",
        "name": "Building"
      },
      "geometry": {
        "type": "Polygon",
        "coordinates": [
          [
            [
              76.4212726,
              9.6613656
            ],
            [
              76.421349,
              9.6613656
            ],
            [
              76.421349,
              9.661287
            ],
            [
              76.4212726,
              9.661287
            ],
            [
              76.4212726,
              9.6613656
            ]
          ]
        ]
      }
    },
    {
      "type": "Feature",
      "properties": {
        "building_id": "OSM_BLD_619602237",
        "type": "yes",
        "name": "Building"
      },
      "geometry": {
        "type": "Polygon",
        "coordinates": [
          [
            [
              76.4216065,
              9.6612519
            ],
            [
              76.4216141,
              9.6612108
            ],
            [
              76.4215448,
              9.6611984
            ],
            [
              76.4215373,
              9.6612395
            ],
            [
              76.4216065,
              9.6612519
            ]
          ]
        ]
      }
    },
    {
      "type": "Feature",
      "properties": {
        "building_id": "OSM_BLD_619602238",
        "type": "yes",
        "name": "Building"
      },
      "geometry": {
        "type": "Polygon",
        "coordinates": [
          [
            [
              76.421919,
              9.6613789
            ],
            [
              76.4219333,
              9.6613016
            ],
            [
              76.4218479,
              9.6612863
            ],
            [
              76.4218337,
              9.6613636
            ],
            [
              76.421919,
              9.6613789
            ]
          ]
        ]
      }
    },
    {
      "type": "Feature",
      "properties": {
        "building_id": "OSM_BLD_619602239",
        "type": "yes",
        "name": "Building"
      },
      "geometry": {
        "type": "Polygon",
        "coordinates": [
          [
            [
              76.4218392,
              9.6615276
            ],
            [
              76.4218534,
              9.6614506
            ],
            [
              76.4217628,
              9.6614344
            ],
            [
              76.4217486,
              9.6615113
            ],
            [
              76.4218392,
              9.6615276
            ]
          ]
        ]
      }
    },
    {
      "type": "Feature",
      "properties": {
        "building_id": "OSM_BLD_619602240",
        "type": "yes",
        "name": "Building"
      },
      "geometry": {
        "type": "Polygon",
        "coordinates": [
          [
            [
              76.4215978,
              9.661521
            ],
            [
              76.421608,
              9.6614656
            ],
            [
              76.4215187,
              9.6614496
            ],
            [
              76.4215085,
              9.661505
            ],
            [
              76.4215978,
              9.661521
            ]
          ]
        ]
      }
    },
    {
      "type": "Feature",
      "properties": {
        "building_id": "OSM_BLD_619602241",
        "type": "yes",
        "name": "Building"
      },
      "geometry": {
        "type": "Polygon",
        "coordinates": [
          [
            [
              76.4213638,
              9.6617008
            ],
            [
              76.4213795,
              9.6616157
            ],
            [
              76.4213155,
              9.6616043
            ],
            [
              76.4212998,
              9.6616893
            ],
            [
              76.4213638,
              9.6617008
            ]
          ]
        ]
      }
    },
    {
      "type": "Feature",
      "properties": {
        "building_id": "OSM_BLD_619602242",
        "type": "yes",
        "name": "Building"
      },
      "geometry": {
        "type": "Polygon",
        "coordinates": [
          [
            [
              76.4217856,
              9.6608573
            ],
            [
              76.4217994,
              9.6607824
            ],
            [
              76.4217413,
              9.660772
            ],
            [
              76.4217275,
              9.6608469
            ],
            [
              76.4217856,
              9.6608573
            ]
          ]
        ]
      }
    },
    {
      "type": "Feature",
      "properties": {
        "building_id": "OSM_BLD_619602243",
        "type": "yes",
        "name": "Building"
      },
      "geometry": {
        "type": "Polygon",
        "coordinates": [
          [
            [
              76.4221269,
              9.6607687
            ],
            [
              76.4222435,
              9.6607896
            ],
            [
              76.422257,
              9.6607165
            ],
            [
              76.4221404,
              9.6606956
            ],
            [
              76.4221269,
              9.6607687
            ]
          ]
        ]
      }
    },
    {
      "type": "Feature",
      "properties": {
        "building_id": "OSM_BLD_619602244",
        "type": "yes",
        "name": "Building"
      },
      "geometry": {
        "type": "Polygon",
        "coordinates": [
          [
            [
              76.4220739,
              9.6607383
            ],
            [
              76.4220856,
              9.6606751
            ],
            [
              76.4219995,
              9.6606596
            ],
            [
              76.4219878,
              9.6607229
            ],
            [
              76.4220739,
              9.6607383
            ]
          ]
        ]
      }
    },
    {
      "type": "Feature",
      "properties": {
        "building_id": "OSM_BLD_619602245",
        "type": "yes",
        "name": "Building"
      },
      "geometry": {
        "type": "Polygon",
        "coordinates": [
          [
            [
              76.4217668,
              9.6603661
            ],
            [
              76.4218529,
              9.6603816
            ],
            [
              76.421864,
              9.6603212
            ],
            [
              76.4217779,
              9.6603058
            ],
            [
              76.4217668,
              9.6603661
            ]
          ]
        ]
      }
    },
    {
      "type": "Feature",
      "properties": {
        "building_id": "OSM_BLD_619602246",
        "type": "yes",
        "name": "Building"
      },
      "geometry": {
        "type": "Polygon",
        "coordinates": [
          [
            [
              76.4219485,
              9.6604025
            ],
            [
              76.4220176,
              9.6604149
            ],
            [
              76.4220303,
              9.6603456
            ],
            [
              76.4219613,
              9.6603333
            ],
            [
              76.4219485,
              9.6604025
            ]
          ]
        ]
      }
    },
    {
      "type": "Feature",
      "properties": {
        "building_id": "OSM_BLD_619602247",
        "type": "yes",
        "name": "Building"
      },
      "geometry": {
        "type": "Polygon",
        "coordinates": [
          [
            [
              76.4222275,
              9.6605221
            ],
            [
              76.4223234,
              9.6605393
            ],
            [
              76.4223425,
              9.6604357
            ],
            [
              76.4222466,
              9.6604185
            ],
            [
              76.4222275,
              9.6605221
            ]
          ]
        ]
      }
    },
    {
      "type": "Feature",
      "properties": {
        "building_id": "OSM_BLD_619602248",
        "type": "yes",
        "name": "Building"
      },
      "geometry": {
        "type": "Polygon",
        "coordinates": [
          [
            [
              76.4237697,
              9.660819
            ],
            [
              76.4238508,
              9.6608184
            ],
            [
              76.4238502,
              9.660733
            ],
            [
              76.4237692,
              9.6607335
            ],
            [
              76.4237697,
              9.660819
            ]
          ]
        ]
      }
    },
    {
      "type": "Feature",
      "properties": {
        "building_id": "OSM_BLD_619602249",
        "type": "yes",
        "name": "Building"
      },
      "geometry": {
        "type": "Polygon",
        "coordinates": [
          [
            [
              76.4238992,
              9.6606861
            ],
            [
              76.4239977,
              9.6606854
            ],
            [
              76.4239971,
              9.6605869
            ],
            [
              76.4238985,
              9.6605876
            ],
            [
              76.4238992,
              9.6606861
            ]
          ]
        ]
      }
    },
    {
      "type": "Feature",
      "properties": {
        "building_id": "OSM_BLD_619602250",
        "type": "yes",
        "name": "Building"
      },
      "geometry": {
        "type": "Polygon",
        "coordinates": [
          [
            [
              76.423417,
              9.6613432
            ],
            [
              76.4235095,
              9.6613426
            ],
            [
              76.4235089,
              9.6612566
            ],
            [
              76.4234165,
              9.6612572
            ],
            [
              76.423417,
              9.6613432
            ]
          ]
        ]
      }
    },
    {
      "type": "Feature",
      "properties": {
        "building_id": "OSM_BLD_619602251",
        "type": "yes",
        "name": "Building"
      },
      "geometry": {
        "type": "Polygon",
        "coordinates": [
          [
            [
              76.4228363,
              9.6618422
            ],
            [
              76.4229381,
              9.6618416
            ],
            [
              76.4229376,
              9.6617623
            ],
            [
              76.4228358,
              9.6617629
            ],
            [
              76.4228363,
              9.6618422
            ]
          ]
        ]
      }
    },
    {
      "type": "Feature",
      "properties": {
        "building_id": "OSM_BLD_619602252",
        "type": "yes",
        "name": "Building"
      },
      "geometry": {
        "type": "Polygon",
        "coordinates": [
          [
            [
              76.4227927,
              9.6622858
            ],
            [
              76.4228932,
              9.6622851
            ],
            [
              76.4228927,
              9.6622098
            ],
            [
              76.4227922,
              9.6622104
            ],
            [
              76.4227927,
              9.6622858
            ]
          ]
        ]
      }
    },
    {
      "type": "Feature",
      "properties": {
        "building_id": "OSM_BLD_619602253",
        "type": "yes",
        "name": "Building"
      },
      "geometry": {
        "type": "Polygon",
        "coordinates": [
          [
            [
              76.4227827,
              9.6623717
            ],
            [
              76.4228778,
              9.6623711
            ],
            [
              76.4228772,
              9.6622937
            ],
            [
              76.4227822,
              9.6622944
            ],
            [
              76.4227827,
              9.6623717
            ]
          ]
        ]
      }
    },
    {
      "type": "Feature",
      "properties": {
        "building_id": "OSM_BLD_619602254",
        "type": "yes",
        "name": "Building"
      },
      "geometry": {
        "type": "Polygon",
        "coordinates": [
          [
            [
              76.4226264,
              9.6620247
            ],
            [
              76.4227424,
              9.6620239
            ],
            [
              76.4227418,
              9.6619282
            ],
            [
              76.4226258,
              9.6619289
            ],
            [
              76.4226264,
              9.6620247
            ]
          ]
        ]
      }
    },
    {
      "type": "Feature",
      "properties": {
        "building_id": "OSM_BLD_619602255",
        "type": "yes",
        "name": "Building"
      },
      "geometry": {
        "type": "Polygon",
        "coordinates": [
          [
            [
              76.4226513,
              9.6621714
            ],
            [
              76.4227846,
              9.6621706
            ],
            [
              76.422784,
              9.6620855
            ],
            [
              76.4226507,
              9.6620864
            ],
            [
              76.4226513,
              9.6621714
            ]
          ]
        ]
      }
    },
    {
      "type": "Feature",
      "properties": {
        "building_id": "OSM_BLD_619602256",
        "type": "yes",
        "name": "Building"
      },
      "geometry": {
        "type": "Polygon",
        "coordinates": [
          [
            [
              76.4226553,
              9.6622547
            ],
            [
              76.4227818,
              9.6622539
            ],
            [
              76.4227813,
              9.6621833
            ],
            [
              76.4226548,
              9.6621842
            ],
            [
              76.4226553,
              9.6622547
            ]
          ]
        ]
      }
    },
    {
      "type": "Feature",
      "properties": {
        "building_id": "OSM_BLD_619602257",
        "type": "yes",
        "name": "Building"
      },
      "geometry": {
        "type": "Polygon",
        "coordinates": [
          [
            [
              76.4224635,
              9.6622508
            ],
            [
              76.4225849,
              9.66225
            ],
            [
              76.4225842,
              9.6621424
            ],
            [
              76.4224628,
              9.6621431
            ],
            [
              76.4224635,
              9.6622508
            ]
          ]
        ]
      }
    },
    {
      "type": "Feature",
      "properties": {
        "building_id": "OSM_BLD_619602258",
        "type": "yes",
        "name": "Building"
      },
      "geometry": {
        "type": "Polygon",
        "coordinates": [
          [
            [
              76.4222623,
              9.6623248
            ],
            [
              76.4223799,
              9.662324
            ],
            [
              76.422379,
              9.6621992
            ],
            [
              76.4222615,
              9.6622
            ],
            [
              76.4222623,
              9.6623248
            ]
          ]
        ]
      }
    },
    {
      "type": "Feature",
      "properties": {
        "building_id": "OSM_BLD_619602259",
        "type": "yes",
        "name": "Building"
      },
      "geometry": {
        "type": "Polygon",
        "coordinates": [
          [
            [
              76.4220437,
              9.6622455
            ],
            [
              76.4221491,
              9.6622448
            ],
            [
              76.4221483,
              9.6621291
            ],
            [
              76.422043,
              9.6621298
            ],
            [
              76.4220437,
              9.6622455
            ]
          ]
        ]
      }
    },
    {
      "type": "Feature",
      "properties": {
        "building_id": "OSM_BLD_619602260",
        "type": "yes",
        "name": "Building"
      },
      "geometry": {
        "type": "Polygon",
        "coordinates": [
          [
            [
              76.4229946,
              9.6656459
            ],
            [
              76.4230745,
              9.6656453
            ],
            [
              76.4230737,
              9.6655203
            ],
            [
              76.4229937,
              9.6655208
            ],
            [
              76.4229946,
              9.6656459
            ]
          ]
        ]
      }
    },
    {
      "type": "Feature",
      "properties": {
        "building_id": "OSM_BLD_619602261",
        "type": "yes",
        "name": "Building"
      },
      "geometry": {
        "type": "Polygon",
        "coordinates": [
          [
            [
              76.4234143,
              9.6656525
            ],
            [
              76.4234886,
              9.665652
            ],
            [
              76.4234881,
              9.6655718
            ],
            [
              76.4234138,
              9.6655723
            ],
            [
              76.4234143,
              9.6656525
            ]
          ]
        ]
      }
    },
    {
      "type": "Feature",
      "properties": {
        "building_id": "OSM_BLD_619602262",
        "type": "yes",
        "name": "Building"
      },
      "geometry": {
        "type": "Polygon",
        "coordinates": [
          [
            [
              76.4233077,
              9.6655196
            ],
            [
              76.4234066,
              9.6655189
            ],
            [
              76.4234056,
              9.6653709
            ],
            [
              76.4233067,
              9.6653715
            ],
            [
              76.4233077,
              9.6655196
            ]
          ]
        ]
      }
    },
    {
      "type": "Feature",
      "properties": {
        "building_id": "OSM_BLD_619602263",
        "type": "yes",
        "name": "Building"
      },
      "geometry": {
        "type": "Polygon",
        "coordinates": [
          [
            [
              76.4233788,
              9.665232
            ],
            [
              76.4234671,
              9.6652315
            ],
            [
              76.4234667,
              9.665162
            ],
            [
              76.4233783,
              9.6651626
            ],
            [
              76.4233788,
              9.665232
            ]
          ]
        ]
      }
    },
    {
      "type": "Feature",
      "properties": {
        "building_id": "OSM_BLD_619602264",
        "type": "yes",
        "name": "Building"
      },
      "geometry": {
        "type": "Polygon",
        "coordinates": [
          [
            [
              76.4233339,
              9.6649544
            ],
            [
              76.4234183,
              9.6649539
            ],
            [
              76.4234177,
              9.6648619
            ],
            [
              76.4233333,
              9.6648624
            ],
            [
              76.4233339,
              9.6649544
            ]
          ]
        ]
      }
    },
    {
      "type": "Feature",
      "properties": {
        "building_id": "OSM_BLD_619602265",
        "type": "yes",
        "name": "Building"
      },
      "geometry": {
        "type": "Polygon",
        "coordinates": [
          [
            [
              76.4234432,
              9.6649802
            ],
            [
              76.4235576,
              9.6649794
            ],
            [
              76.4235565,
              9.6648229
            ],
            [
              76.4234421,
              9.6648236
            ],
            [
              76.4234432,
              9.6649802
            ]
          ]
        ]
      }
    },
    {
      "type": "Feature",
      "properties": {
        "building_id": "OSM_BLD_619602266",
        "type": "yes",
        "name": "Building"
      },
      "geometry": {
        "type": "Polygon",
        "coordinates": [
          [
            [
              76.4234271,
              9.664811
            ],
            [
              76.4235522,
              9.6648101
            ],
            [
              76.4235511,
              9.6646556
            ],
            [
              76.4234261,
              9.6646564
            ],
            [
              76.4234271,
              9.664811
            ]
          ]
        ]
      }
    },
    {
      "type": "Feature",
      "properties": {
        "building_id": "OSM_BLD_619602267",
        "type": "yes",
        "name": "Building"
      },
      "geometry": {
        "type": "Polygon",
        "coordinates": [
          [
            [
              76.4235612,
              9.6646246
            ],
            [
              76.4236707,
              9.6646238
            ],
            [
              76.4236698,
              9.6645009
            ],
            [
              76.4235604,
              9.6645017
            ],
            [
              76.4235612,
              9.6646246
            ]
          ]
        ]
      }
    },
    {
      "type": "Feature",
      "properties": {
        "building_id": "OSM_BLD_619602268",
        "type": "yes",
        "name": "Building"
      },
      "geometry": {
        "type": "Polygon",
        "coordinates": [
          [
            [
              76.4233419,
              9.6646093
            ],
            [
              76.423442,
              9.6646087
            ],
            [
              76.4234412,
              9.6644904
            ],
            [
              76.4233411,
              9.664491
            ],
            [
              76.4233419,
              9.6646093
            ]
          ]
        ]
      }
    },
    {
      "type": "Feature",
      "properties": {
        "building_id": "OSM_BLD_619602269",
        "type": "yes",
        "name": "Building"
      },
      "geometry": {
        "type": "Polygon",
        "coordinates": [
          [
            [
              76.4234881,
              9.6642689
            ],
            [
              76.4236113,
              9.6642681
            ],
            [
              76.4236108,
              9.6641982
            ],
            [
              76.4234876,
              9.664199
            ],
            [
              76.4234881,
              9.6642689
            ]
          ]
        ]
      }
    },
    {
      "type": "Feature",
      "properties": {
        "building_id": "OSM_BLD_619602270",
        "type": "yes",
        "name": "Building"
      },
      "geometry": {
        "type": "Polygon",
        "coordinates": [
          [
            [
              76.4235783,
              9.664486
            ],
            [
              76.423703,
              9.6644852
            ],
            [
              76.4237024,
              9.6643824
            ],
            [
              76.4235776,
              9.6643832
            ],
            [
              76.4235783,
              9.664486
            ]
          ]
        ]
      }
    },
    {
      "type": "Feature",
      "properties": {
        "building_id": "OSM_BLD_619602271",
        "type": "yes",
        "name": "Building"
      },
      "geometry": {
        "type": "Polygon",
        "coordinates": [
          [
            [
              76.4237671,
              9.6640071
            ],
            [
              76.4238514,
              9.6640139
            ],
            [
              76.4238609,
              9.6638981
            ],
            [
              76.4237766,
              9.6638913
            ],
            [
              76.4237671,
              9.6640071
            ]
          ]
        ]
      }
    },
    {
      "type": "Feature",
      "properties": {
        "building_id": "OSM_BLD_619602272",
        "type": "yes",
        "name": "Building"
      },
      "geometry": {
        "type": "Polygon",
        "coordinates": [
          [
            [
              76.4235739,
              9.6636998
            ],
            [
              76.4235821,
              9.6636002
            ],
            [
              76.4234707,
              9.6635914
            ],
            [
              76.4234625,
              9.6636909
            ],
            [
              76.4235739,
              9.6636998
            ]
          ]
        ]
      }
    },
    {
      "type": "Feature",
      "properties": {
        "building_id": "OSM_BLD_619602273",
        "type": "yes",
        "name": "Building"
      },
      "geometry": {
        "type": "Polygon",
        "coordinates": [
          [
            [
              76.4236692,
              9.663208
            ],
            [
              76.4237497,
              9.6632144
            ],
            [
              76.4237583,
              9.6631095
            ],
            [
              76.4236778,
              9.663103
            ],
            [
              76.4236692,
              9.663208
            ]
          ]
        ]
      }
    },
    {
      "type": "Feature",
      "properties": {
        "building_id": "OSM_BLD_619602274",
        "type": "yes",
        "name": "Building"
      },
      "geometry": {
        "type": "Polygon",
        "coordinates": [
          [
            [
              76.4240547,
              9.6631075
            ],
            [
              76.4241021,
              9.6631113
            ],
            [
              76.4241084,
              9.6630348
            ],
            [
              76.424061,
              9.663031
            ],
            [
              76.4240547,
              9.6631075
            ]
          ]
        ]
      }
    },
    {
      "type": "Feature",
      "properties": {
        "building_id": "OSM_BLD_619602573",
        "type": "yes",
        "name": "Building"
      },
      "geometry": {
        "type": "Polygon",
        "coordinates": [
          [
            [
              76.4263453,
              9.6623261
            ],
            [
              76.4264144,
              9.6623295
            ],
            [
              76.4264178,
              9.6622633
            ],
            [
              76.4263487,
              9.6622599
            ],
            [
              76.4263453,
              9.6623261
            ]
          ]
        ]
      }
    },
    {
      "type": "Feature",
      "properties": {
        "building_id": "OSM_BLD_619602574",
        "type": "yes",
        "name": "Building"
      },
      "geometry": {
        "type": "Polygon",
        "coordinates": [
          [
            [
              76.4263373,
              9.6622032
            ],
            [
              76.4264329,
              9.6622079
            ],
            [
              76.4264365,
              9.6621364
            ],
            [
              76.4263409,
              9.6621317
            ],
            [
              76.4263373,
              9.6622032
            ]
          ]
        ]
      }
    },
    {
      "type": "Feature",
      "properties": {
        "building_id": "OSM_BLD_619602575",
        "type": "yes",
        "name": "Building"
      },
      "geometry": {
        "type": "Polygon",
        "coordinates": [
          [
            [
              76.4254314,
              9.6616221
            ],
            [
              76.4255076,
              9.6616259
            ],
            [
              76.4255118,
              9.6615421
            ],
            [
              76.4254356,
              9.6615384
            ],
            [
              76.4254314,
              9.6616221
            ]
          ]
        ]
      }
    },
    {
      "type": "Feature",
      "properties": {
        "building_id": "OSM_BLD_619602576",
        "type": "yes",
        "name": "Building"
      },
      "geometry": {
        "type": "Polygon",
        "coordinates": [
          [
            [
              76.4230784,
              9.6630605
            ],
            [
              76.4231593,
              9.6630645
            ],
            [
              76.4231622,
              9.663007
            ],
            [
              76.4230813,
              9.663003
            ],
            [
              76.4230784,
              9.6630605
            ]
          ]
        ]
      }
    },
    {
      "type": "Feature",
      "properties": {
        "building_id": "OSM_BLD_619602577",
        "type": "yes",
        "name": "Building"
      },
      "geometry": {
        "type": "Polygon",
        "coordinates": [
          [
            [
              76.4224179,
              9.6655189
            ],
            [
              76.4224572,
              9.6655209
            ],
            [
              76.4224622,
              9.6654231
            ],
            [
              76.4224229,
              9.6654211
            ],
            [
              76.4224179,
              9.6655189
            ]
          ]
        ]
      }
    },
    {
      "type": "Feature",
      "properties": {
        "building_id": "OSM_BLD_619602578",
        "type": "yes",
        "name": "Building"
      },
      "geometry": {
        "type": "Polygon",
        "coordinates": [
          [
            [
              76.4210279,
              9.6645677
            ],
            [
              76.4211074,
              9.6645716
            ],
            [
              76.4211103,
              9.6645142
            ],
            [
              76.4210308,
              9.6645102
            ],
            [
              76.4210279,
              9.6645677
            ]
          ]
        ]
      }
    },
    {
      "type": "Feature",
      "properties": {
        "building_id": "OSM_BLD_619602579",
        "type": "yes",
        "name": "Building"
      },
      "geometry": {
        "type": "Polygon",
        "coordinates": [
          [
            [
              76.4210037,
              9.6647601
            ],
            [
              76.4210607,
              9.6647629
            ],
            [
              76.4210641,
              9.6646973
            ],
            [
              76.421007,
              9.6646945
            ],
            [
              76.4210037,
              9.6647601
            ]
          ]
        ]
      }
    },
    {
      "type": "Feature",
      "properties": {
        "building_id": "OSM_BLD_619602580",
        "type": "yes",
        "name": "Building"
      },
      "geometry": {
        "type": "Polygon",
        "coordinates": [
          [
            [
              76.4213229,
              9.6648632
            ],
            [
              76.4213818,
              9.6648661
            ],
            [
              76.4213846,
              9.6648103
            ],
            [
              76.4213257,
              9.6648074
            ],
            [
              76.4213229,
              9.6648632
            ]
          ]
        ]
      }
    },
    {
      "type": "Feature",
      "properties": {
        "building_id": "OSM_BLD_619602581",
        "type": "yes",
        "name": "Building"
      },
      "geometry": {
        "type": "Polygon",
        "coordinates": [
          [
            [
              76.4213336,
              9.6647012
            ],
            [
              76.4214007,
              9.6647045
            ],
            [
              76.4214041,
              9.6646377
            ],
            [
              76.421337,
              9.6646344
            ],
            [
              76.4213336,
              9.6647012
            ]
          ]
        ]
      }
    },
    {
      "type": "Feature",
      "properties": {
        "building_id": "OSM_BLD_619602582",
        "type": "yes",
        "name": "Building"
      },
      "geometry": {
        "type": "Polygon",
        "coordinates": [
          [
            [
              76.4248741,
              9.6640799
            ],
            [
              76.4249117,
              9.6640865
            ],
            [
              76.4249256,
              9.6640095
            ],
            [
              76.4248881,
              9.6640028
            ],
            [
              76.4248741,
              9.6640799
            ]
          ]
        ]
      }
    },
    {
      "type": "Feature",
      "properties": {
        "building_id": "OSM_BLD_619602583",
        "type": "yes",
        "name": "Building"
      },
      "geometry": {
        "type": "Polygon",
        "coordinates": [
          [
            [
              76.4228216,
              9.6616889
            ],
            [
              76.4229181,
              9.6616882
            ],
            [
              76.4229177,
              9.6616279
            ],
            [
              76.4228212,
              9.6616285
            ],
            [
              76.4228216,
              9.6616889
            ]
          ]
        ]
      }
    },
    {
      "type": "Feature",
      "properties": {
        "building_id": "OSM_BLD_619602584",
        "type": "yes",
        "name": "Building"
      },
      "geometry": {
        "type": "Polygon",
        "coordinates": [
          [
            [
              76.4209541,
              9.6642101
            ],
            [
              76.4209709,
              9.6641466
            ],
            [
              76.4208968,
              9.6641276
            ],
            [
              76.4208801,
              9.6641911
            ],
            [
              76.4209541,
              9.6642101
            ]
          ]
        ]
      }
    },
    {
      "type": "Feature",
      "properties": {
        "building_id": "OSM_BLD_619602585",
        "type": "yes",
        "name": "Building"
      },
      "geometry": {
        "type": "Polygon",
        "coordinates": [
          [
            [
              76.4232762,
              9.6641427
            ],
            [
              76.4233674,
              9.664146
            ],
            [
              76.4233706,
              9.6640609
            ],
            [
              76.4232794,
              9.6640576
            ],
            [
              76.4232762,
              9.6641427
            ]
          ]
        ]
      }
    },
    {
      "type": "Feature",
      "properties": {
        "building_id": "OSM_BLD_619602586",
        "type": "yes",
        "name": "Building"
      },
      "geometry": {
        "type": "Polygon",
        "coordinates": [
          [
            [
              76.4226734,
              9.6638042
            ],
            [
              76.4227324,
              9.6638141
            ],
            [
              76.4227495,
              9.663715
            ],
            [
              76.4226905,
              9.663705
            ],
            [
              76.4226734,
              9.6638042
            ]
          ]
        ]
      }
    },
    {
      "type": "Feature",
      "properties": {
        "building_id": "OSM_BLD_619602587",
        "type": "yes",
        "name": "Building"
      },
      "geometry": {
        "type": "Polygon",
        "coordinates": [
          [
            [
              76.4236685,
              9.66383
            ],
            [
              76.4237805,
              9.6638313
            ],
            [
              76.4237818,
              9.6637214
            ],
            [
              76.4236698,
              9.66372
            ],
            [
              76.4236685,
              9.66383
            ]
          ]
        ]
      }
    },
    {
      "type": "Feature",
      "properties": {
        "building_id": "OSM_BLD_619602588",
        "type": "yes",
        "name": "Building"
      },
      "geometry": {
        "type": "Polygon",
        "coordinates": [
          [
            [
              76.4233701,
              9.6630903
            ],
            [
              76.4234465,
              9.6630909
            ],
            [
              76.4234471,
              9.663027
            ],
            [
              76.4233707,
              9.6630263
            ],
            [
              76.4233701,
              9.6630903
            ]
          ]
        ]
      }
    },
    {
      "type": "Feature",
      "properties": {
        "building_id": "OSM_BLD_619602589",
        "type": "yes",
        "name": "Building"
      },
      "geometry": {
        "type": "Polygon",
        "coordinates": [
          [
            [
              76.4236826,
              9.6628087
            ],
            [
              76.4237731,
              9.6628113
            ],
            [
              76.4237753,
              9.6627388
            ],
            [
              76.4236847,
              9.6627362
            ],
            [
              76.4236826,
              9.6628087
            ]
          ]
        ]
      }
    },
    {
      "type": "Feature",
      "properties": {
        "building_id": "OSM_BLD_619602590",
        "type": "yes",
        "name": "Building"
      },
      "geometry": {
        "type": "Polygon",
        "coordinates": [
          [
            [
              76.423242,
              9.6628107
            ],
            [
              76.4233285,
              9.662812
            ],
            [
              76.4233296,
              9.6627443
            ],
            [
              76.4232431,
              9.662743
            ],
            [
              76.423242,
              9.6628107
            ]
          ]
        ]
      }
    },
    {
      "type": "Feature",
      "properties": {
        "building_id": "OSM_BLD_619602591",
        "type": "yes",
        "name": "Building"
      },
      "geometry": {
        "type": "Polygon",
        "coordinates": [
          [
            [
              76.4230033,
              9.6620551
            ],
            [
              76.4230437,
              9.6619947
            ],
            [
              76.4229572,
              9.6619385
            ],
            [
              76.4229168,
              9.6619989
            ],
            [
              76.4230033,
              9.6620551
            ]
          ]
        ]
      }
    },
    {
      "type": "Feature",
      "properties": {
        "building_id": "OSM_BLD_619602592",
        "type": "yes",
        "name": "Building"
      },
      "geometry": {
        "type": "Polygon",
        "coordinates": [
          [
            [
              76.4235801,
              9.6620246
            ],
            [
              76.4236345,
              9.6620281
            ],
            [
              76.4236411,
              9.661927
            ],
            [
              76.4235867,
              9.6619235
            ],
            [
              76.4235801,
              9.6620246
            ]
          ]
        ]
      }
    },
    {
      "type": "Feature",
      "properties": {
        "building_id": "OSM_BLD_619602593",
        "type": "yes",
        "name": "Building"
      },
      "geometry": {
        "type": "Polygon",
        "coordinates": [
          [
            [
              76.4262246,
              9.6635828
            ],
            [
              76.4262849,
              9.6635817
            ],
            [
              76.4262843,
              9.6635451
            ],
            [
              76.426224,
              9.6635461
            ],
            [
              76.4262246,
              9.6635828
            ]
          ]
        ]
      }
    },
    {
      "type": "Feature",
      "properties": {
        "building_id": "OSM_BLD_619602594",
        "type": "yes",
        "name": "Building"
      },
      "geometry": {
        "type": "Polygon",
        "coordinates": [
          [
            [
              76.4262239,
              9.663397
            ],
            [
              76.4262836,
              9.663396
            ],
            [
              76.4262823,
              9.6633203
            ],
            [
              76.4262226,
              9.6633214
            ],
            [
              76.4262239,
              9.663397
            ]
          ]
        ]
      }
    },
    {
      "type": "Feature",
      "properties": {
        "building_id": "OSM_BLD_619602595",
        "type": "yes",
        "name": "Building"
      },
      "geometry": {
        "type": "Polygon",
        "coordinates": [
          [
            [
              76.4262112,
              9.6635061
            ],
            [
              76.4262566,
              9.6635053
            ],
            [
              76.4262555,
              9.6634413
            ],
            [
              76.4262101,
              9.6634421
            ],
            [
              76.4262112,
              9.6635061
            ]
          ]
        ]
      }
    },
    {
      "type": "Feature",
      "properties": {
        "building_id": "OSM_BLD_619602596",
        "type": "yes",
        "name": "Building"
      },
      "geometry": {
        "type": "Polygon",
        "coordinates": [
          [
            [
              76.4259799,
              9.6635253
            ],
            [
              76.4260413,
              9.6635242
            ],
            [
              76.4260402,
              9.6634625
            ],
            [
              76.4259788,
              9.6634635
            ],
            [
              76.4259799,
              9.6635253
            ]
          ]
        ]
      }
    },
    {
      "type": "Feature",
      "properties": {
        "building_id": "OSM_BLD_619602597",
        "type": "yes",
        "name": "Building"
      },
      "geometry": {
        "type": "Polygon",
        "coordinates": [
          [
            [
              76.4260778,
              9.6634873
            ],
            [
              76.4261515,
              9.663486
            ],
            [
              76.4261505,
              9.6634321
            ],
            [
              76.4260768,
              9.6634333
            ],
            [
              76.4260778,
              9.6634873
            ]
          ]
        ]
      }
    },
    {
      "type": "Feature",
      "properties": {
        "building_id": "OSM_BLD_619602598",
        "type": "yes",
        "name": "Building"
      },
      "geometry": {
        "type": "Polygon",
        "coordinates": [
          [
            [
              76.4260777,
              9.663426
            ],
            [
              76.4261596,
              9.6634246
            ],
            [
              76.4261576,
              9.6633112
            ],
            [
              76.4260758,
              9.6633126
            ],
            [
              76.4260777,
              9.663426
            ]
          ]
        ]
      }
    },
    {
      "type": "Feature",
      "properties": {
        "building_id": "OSM_BLD_619602599",
        "type": "yes",
        "name": "Building"
      },
      "geometry": {
        "type": "Polygon",
        "coordinates": [
          [
            [
              76.4254092,
              9.6641255
            ],
            [
              76.4254834,
              9.6641333
            ],
            [
              76.4254957,
              9.664019
            ],
            [
              76.4254216,
              9.6640113
            ],
            [
              76.4254092,
              9.6641255
            ]
          ]
        ]
      }
    },
    {
      "type": "Feature",
      "properties": {
        "building_id": "OSM_BLD_619602600",
        "type": "yes",
        "name": "Building"
      },
      "geometry": {
        "type": "Polygon",
        "coordinates": [
          [
            [
              76.4243618,
              9.6655176
            ],
            [
              76.4245297,
              9.6655352
            ],
            [
              76.4245409,
              9.6654317
            ],
            [
              76.424373,
              9.6654141
            ],
            [
              76.4243618,
              9.6655176
            ]
          ]
        ]
      }
    },
    {
      "type": "Feature",
      "properties": {
        "building_id": "OSM_BLD_619602601",
        "type": "yes",
        "name": "Building"
      },
      "geometry": {
        "type": "Polygon",
        "coordinates": [
          [
            [
              76.4219888,
              9.6657701
            ],
            [
              76.4220944,
              9.6657812
            ],
            [
              76.4221054,
              9.6656789
            ],
            [
              76.4219998,
              9.6656678
            ],
            [
              76.4219888,
              9.6657701
            ]
          ]
        ]
      }
    },
    {
      "type": "Feature",
      "properties": {
        "building_id": "OSM_BLD_619602602",
        "type": "yes",
        "name": "Building"
      },
      "geometry": {
        "type": "Polygon",
        "coordinates": [
          [
            [
              76.421923,
              9.6649597
            ],
            [
              76.4220004,
              9.6649678
            ],
            [
              76.4220055,
              9.6649207
            ],
            [
              76.4219281,
              9.6649126
            ],
            [
              76.421923,
              9.6649597
            ]
          ]
        ]
      }
    },
    {
      "type": "Feature",
      "properties": {
        "building_id": "OSM_BLD_619602603",
        "type": "yes",
        "name": "Building"
      },
      "geometry": {
        "type": "Polygon",
        "coordinates": [
          [
            [
              76.4228491,
              9.6629409
            ],
            [
              76.4229284,
              9.6629492
            ],
            [
              76.4229362,
              9.6628768
            ],
            [
              76.4228569,
              9.6628684
            ],
            [
              76.4228491,
              9.6629409
            ]
          ]
        ]
      }
    },
    {
      "type": "Feature",
      "properties": {
        "building_id": "OSM_BLD_619602604",
        "type": "yes",
        "name": "Building"
      },
      "geometry": {
        "type": "Polygon",
        "coordinates": [
          [
            [
              76.4217876,
              9.6622428
            ],
            [
              76.4218685,
              9.6622513
            ],
            [
              76.4218828,
              9.6621186
            ],
            [
              76.4218019,
              9.6621101
            ],
            [
              76.4217876,
              9.6622428
            ]
          ]
        ]
      }
    },
    {
      "type": "Feature",
      "properties": {
        "building_id": "OSM_BLD_619602605",
        "type": "yes",
        "name": "Building"
      },
      "geometry": {
        "type": "Polygon",
        "coordinates": [
          [
            [
              76.4214731,
              9.6617233
            ],
            [
              76.421607,
              9.6617373
            ],
            [
              76.4216179,
              9.661636
            ],
            [
              76.421484,
              9.6616219
            ],
            [
              76.4214731,
              9.6617233
            ]
          ]
        ]
      }
    },
    {
      "type": "Feature",
      "properties": {
        "building_id": "OSM_BLD_619602606",
        "type": "yes",
        "name": "Building"
      },
      "geometry": {
        "type": "Polygon",
        "coordinates": [
          [
            [
              76.4225265,
              9.6616532
            ],
            [
              76.4225326,
              9.6615973
            ],
            [
              76.4224474,
              9.6615884
            ],
            [
              76.4224414,
              9.6616442
            ],
            [
              76.4225265,
              9.6616532
            ]
          ]
        ]
      }
    },
    {
      "type": "Feature",
      "properties": {
        "building_id": "OSM_BLD_619602607",
        "type": "yes",
        "name": "Building"
      },
      "geometry": {
        "type": "Polygon",
        "coordinates": [
          [
            [
              76.4224897,
              9.6614212
            ],
            [
              76.4225571,
              9.6614282
            ],
            [
              76.4225681,
              9.6613266
            ],
            [
              76.4225006,
              9.6613195
            ],
            [
              76.4224897,
              9.6614212
            ]
          ]
        ]
      }
    },
    {
      "type": "Feature",
      "properties": {
        "building_id": "OSM_BLD_619602608",
        "type": "yes",
        "name": "Building"
      },
      "geometry": {
        "type": "Polygon",
        "coordinates": [
          [
            [
              76.422141,
              9.6613637
            ],
            [
              76.4222543,
              9.6613755
            ],
            [
              76.4222643,
              9.6612827
            ],
            [
              76.422151,
              9.6612708
            ],
            [
              76.422141,
              9.6613637
            ]
          ]
        ]
      }
    },
    {
      "type": "Feature",
      "properties": {
        "building_id": "OSM_BLD_619602609",
        "type": "yes",
        "name": "Building"
      },
      "geometry": {
        "type": "Polygon",
        "coordinates": [
          [
            [
              76.4210205,
              9.6608573
            ],
            [
              76.4210919,
              9.6608628
            ],
            [
              76.4210976,
              9.6607912
            ],
            [
              76.4210262,
              9.6607856
            ],
            [
              76.4210205,
              9.6608573
            ]
          ]
        ]
      }
    }
  ]
}