{
  "type": "FeatureCollection",
  "features": [
    {
      "type": "Feature",
      "properties": {
        "building_id": "NEPAL_OSM_BLD_204833827",
        "type": "yes",
        "name": "Building",
        "district": "Rasuwa",
        "country": "Nepal"
      },
      "geometry": {
        "type": "Polygon",
        "coordinates": [
          [
            [
              85.4606563,
              28.2012938
            ],
            [
              85.4609487,
              28.2014958
            ],
            [
              85.461015,
              28.2014212
            ],
            [
              85.4607227,
              28.2012192
            ],
            [
              85.4606563,
              28.2012938
            ]
          ]
        ]
      }
    },
    {
      "type": "Feature",
      "properties": {
        "building_id": "NEPAL_OSM_BLD_240340063",
        "type": "yes",
        "name": "Building",
        "district": "Rasuwa",
        "country": "Nepal"
      },
      "geometry": {
        "type": "Polygon",
        "coordinates": [
          [
            [
              85.2952584,
              28.1116024
            ],
            [
              85.2951921,
              28.1114881
            ],
            [
              85.2953755,
              28.1114054
            ],
            [
              85.2954418,
              28.1115196
            ],
            [
              85.2952584,
              28.1116024
            ]
          ]
        ]
      }
    },
    {
      "type": "Feature",
      "properties": {
        "building_id": "NEPAL_OSM_BLD_240340103",
        "type": "yes",
        "name": "Building",
        "district": "Rasuwa",
        "country": "Nepal"
      },
      "geometry": {
        "type": "Polygon",
        "coordinates": [
          [
            [
              85.2954488,
              28.1116916
            ],
            [
              85.2954018,
              28.1115897
            ],
            [
              85.295503,
              28.1115534
            ],
            [
              85.2954887,
              28.1115223
            ],
            [
              85.29553,
              28.1115074
            ],
            [
              85.2955452,
              28.1115402
            ],
            [
              85.2956558,
              28.1115005
            ],
            [
              85.295702,
              28.1116007
            ],
            [
              85.2954488,
              28.1116916
            ]
          ]
        ]
      }
    },
    {
      "type": "Feature",
      "properties": {
        "building_id": "NEPAL_OSM_BLD_240340104",
        "type": "yes",
        "name": "Building",
        "district": "Rasuwa",
        "country": "Nepal"
      },
      "geometry": {
        "type": "Polygon",
        "coordinates": [
          [
            [
              85.296394,
              28.1112218
            ],
            [
              85.2965529,
              28.1111331
            ],
            [
              85.2964766,
              28.1110267
            ],
            [
              85.2963177,
              28.1111155
            ],
            [
              85.296394,
              28.1112218
            ]
          ]
        ]
      }
    },
    {
      "type": "Feature",
      "properties": {
        "building_id": "NEPAL_OSM_BLD_240340105",
        "type": "school",
        "name": "Rasuwa Higher Secondary School",
        "district": "Rasuwa",
        "country": "Nepal"
      },
      "geometry": {
        "type": "Polygon",
        "coordinates": [
          [
            [
              85.2980613,
              28.1124649
            ],
            [
              85.2982722,
              28.1124219
            ],
            [
              85.2982844,
              28.1124684
            ],
            [
              85.2983328,
              28.1124585
            ],
            [
              85.2982768,
              28.1122443
            ],
            [
              85.2982253,
              28.1122548
            ],
            [
              85.2982417,
              28.1123175
            ],
            [
              85.2980316,
              28.1123603
            ],
            [
              85.2980258,
              28.1123381
            ],
            [
              85.2979457,
              28.1123544
            ],
            [
              85.2979836,
              28.1124993
            ],
            [
              85.2980659,
              28.1124825
            ],
            [
              85.2980613,
              28.1124649
            ]
          ]
        ]
      }
    },
    {
      "type": "Feature",
      "properties": {
        "building_id": "NEPAL_OSM_BLD_246173478",
        "type": "yes",
        "name": "Himalayan Natural Spring Water",
        "district": "Rasuwa",
        "country": "Nepal"
      },
      "geometry": {
        "type": "Polygon",
        "coordinates": [
          [
            [
              85.307475,
              28.106491
            ],
            [
              85.3077198,
              28.106704
            ],
            [
              85.3085934,
              28.1059232
            ],
            [
              85.3083486,
              28.1057101
            ],
            [
              85.307475,
              28.106491
            ]
          ]
        ]
      }
    },
    {
      "type": "Feature",
      "properties": {
        "building_id": "NEPAL_OSM_BLD_249485771",
        "type": "hotel",
        "name": "Hotel Villand Lodge",
        "district": "Rasuwa",
        "country": "Nepal"
      },
      "geometry": {
        "type": "Polygon",
        "coordinates": [
          [
            [
              85.5200174,
              28.2156104
            ],
            [
              85.5201345,
              28.2156866
            ],
            [
              85.5201967,
              28.2156122
            ],
            [
              85.5200796,
              28.2155361
            ],
            [
              85.5200174,
              28.2156104
            ]
          ]
        ]
      }
    },
    {
      "type": "Feature",
      "properties": {
        "building_id": "NEPAL_OSM_BLD_249485773",
        "type": "yes",
        "name": "Mundu Home Stay",
        "district": "Rasuwa",
        "country": "Nepal"
      },
      "geometry": {
        "type": "Polygon",
        "coordinates": [
          [
            [
              85.5204331,
              28.2158045
            ],
            [
              85.5205233,
              28.2158723
            ],
            [
              85.5205506,
              28.2158437
            ],
            [
              85.5205771,
              28.2158162
            ],
            [
              85.5204869,
              28.2157485
            ],
            [
              85.5204331,
              28.2158045
            ]
          ]
        ]
      }
    },
    {
      "type": "Feature",
      "properties": {
        "building_id": "NEPAL_OSM_BLD_249485776",
        "type": "hotel",
        "name": "Lovely Tea Shop",
        "district": "Rasuwa",
        "country": "Nepal"
      },
      "geometry": {
        "type": "Polygon",
        "coordinates": [
          [
            [
              85.4974621,
              28.2158607
            ],
            [
              85.4974944,
              28.2158986
            ],
            [
              85.4975474,
              28.2158635
            ],
            [
              85.4975151,
              28.2158257
            ],
            [
              85.4974621,
              28.2158607
            ]
          ]
        ]
      }
    },
    {
      "type": "Feature",
      "properties": {
        "building_id": "NEPAL_OSM_BLD_258143145",
        "type": "school",
        "name": "Building",
        "district": "Rasuwa",
        "country": "Nepal"
      },
      "geometry": {
        "type": "Polygon",
        "coordinates": [
          [
            [
              85.3139262,
              28.1686589
            ],
            [
              85.3139078,
              28.1685004
            ],
            [
              85.314043,
              28.1684882
            ],
            [
              85.3140614,
              28.1686466
            ],
            [
              85.3139262,
              28.1686589
            ]
          ]
        ]
      }
    },
    {
      "type": "Feature",
      "properties": {
        "building_id": "NEPAL_OSM_BLD_258861816",
        "type": "yes",
        "name": "Rasuwa Higher secondary School",
        "district": "Rasuwa",
        "country": "Nepal"
      },
      "geometry": {
        "type": "Polygon",
        "coordinates": [
          [
            [
              85.2988802,
              28.1109479
            ],
            [
              85.2989463,
              28.1109254
            ],
            [
              85.2989165,
              28.1108573
            ],
            [
              85.2992021,
              28.1107599
            ],
            [
              85.2993361,
              28.1107143
            ],
            [
              85.2994159,
              28.1108967
            ],
            [
              85.2993273,
              28.1109268
            ],
            [
              85.2992907,
              28.1109393
            ],
            [
              85.2993187,
              28.1110034
            ],
            [
              85.2992659,
              28.1110214
            ],
            [
              85.2992741,
              28.1110401
            ],
            [
              85.2990654,
              28.1111112
            ],
            [
              85.2990154,
              28.1111085
            ],
            [
              85.2989813,
              28.1111061
            ],
            [
              85.2989659,
              28.1110716
            ],
            [
              85.2989588,
              28.111074
            ],
            [
              85.2989399,
              28.1110309
            ],
            [
              85.2989888,
              28.1110143
            ],
            [
              85.2989757,
              28.1109842
            ],
            [
              85.2989064,
              28.1110077
            ],
            [
              85.2988802,
              28.1109479
            ]
          ]
        ]
      }
    },
    {
      "type": "Feature",
      "properties": {
        "building_id": "NEPAL_OSM_BLD_264561324",
        "type": "yes",
        "name": "Building",
        "district": "Rasuwa",
        "country": "Nepal"
      },
      "geometry": {
        "type": "Polygon",
        "coordinates": [
          [
            [
              85.3153522,
              28.1681644
            ],
            [
              85.3153462,
              28.1680939
            ],
            [
              85.3152468,
              28.1681004
            ],
            [
              85.3152528,
              28.168171
            ],
            [
              85.3153522,
              28.1681644
            ]
          ]
        ]
      }
    },
    {
      "type": "Feature",
      "properties": {
        "building_id": "NEPAL_OSM_BLD_264561325",
        "type": "yes",
        "name": "Building",
        "district": "Rasuwa",
        "country": "Nepal"
      },
      "geometry": {
        "type": "Polygon",
        "coordinates": [
          [
            [
              85.31595,
              28.1682686
            ],
            [
              85.3160427,
              28.1682653
            ],
            [
              85.3160461,
              28.1683398
            ],
            [
              85.3159534,
              28.1683431
            ],
            [
              85.31595,
              28.1682686
            ]
          ]
        ]
      }
    },
    {
      "type": "Feature",
      "properties": {
        "building_id": "NEPAL_OSM_BLD_264561326",
        "type": "yes",
        "name": "Building",
        "district": "Rasuwa",
        "country": "Nepal"
      },
      "geometry": {
        "type": "Polygon",
        "coordinates": [
          [
            [
              85.315774,
              28.1681854
            ],
            [
              85.3157674,
              28.1680677
            ],
            [
              85.3156683,
              28.168072
            ],
            [
              85.3156748,
              28.1681897
            ],
            [
              85.315774,
              28.1681854
            ]
          ]
        ]
      }
    },
    {
      "type": "Feature",
      "properties": {
        "building_id": "NEPAL_OSM_BLD_264561327",
        "type": "yes",
        "name": "Building",
        "district": "Rasuwa",
        "country": "Nepal"
      },
      "geometry": {
        "type": "Polygon",
        "coordinates": [
          [
            [
              85.3145049,
              28.1689789
            ],
            [
              85.3146839,
              28.168982
            ],
            [
              85.3146825,
              28.1690448
            ],
            [
              85.3145035,
              28.1690418
            ],
            [
              85.3145049,
              28.1689789
            ]
          ]
        ]
      }
    },
    {
      "type": "Feature",
      "properties": {
        "building_id": "NEPAL_OSM_BLD_264561328",
        "type": "yes",
        "name": "Building",
        "district": "Rasuwa",
        "country": "Nepal"
      },
      "geometry": {
        "type": "Polygon",
        "coordinates": [
          [
            [
              85.315807,
              28.1675086
            ],
            [
              85.3158771,
              28.1675367
            ],
            [
              85.3158622,
              28.1675655
            ],
            [
              85.3158514,
              28.1675865
            ],
            [
              85.3157813,
              28.1675584
            ],
            [
              85.315807,
              28.1675086
            ]
          ]
        ]
      }
    },
    {
      "type": "Feature",
      "properties": {
        "building_id": "NEPAL_OSM_BLD_264961770",
        "type": "hotel",
        "name": "Tashi Dhelak Hotel",
        "district": "Rasuwa",
        "country": "Nepal"
      },
      "geometry": {
        "type": "Polygon",
        "coordinates": [
          [
            [
              85.4757105,
              28.2080275
            ],
            [
              85.4757439,
              28.207864
            ],
            [
              85.4758282,
              28.2078774
            ],
            [
              85.4757948,
              28.2080409
            ],
            [
              85.4757105,
              28.2080275
            ]
          ]
        ]
      }
    },
    {
      "type": "Feature",
      "properties": {
        "building_id": "NEPAL_OSM_BLD_264961774",
        "type": "hotel",
        "name": "Building",
        "district": "Rasuwa",
        "country": "Nepal"
      },
      "geometry": {
        "type": "Polygon",
        "coordinates": [
          [
            [
              85.4754616,
              28.2080252
            ],
            [
              85.4755046,
              28.2079982
            ],
            [
              85.4754397,
              28.2079178
            ],
            [
              85.4753967,
              28.2079448
            ],
            [
              85.4754616,
              28.2080252
            ]
          ]
        ]
      }
    },
    {
      "type": "Feature",
      "properties": {
        "building_id": "NEPAL_OSM_BLD_264961778",
        "type": "hotel",
        "name": "Building",
        "district": "Rasuwa",
        "country": "Nepal"
      },
      "geometry": {
        "type": "Polygon",
        "coordinates": [
          [
            [
              85.4752644,
              28.2078835
            ],
            [
              85.4752093,
              28.2078312
            ],
            [
              85.4752899,
              28.2077654
            ],
            [
              85.4753449,
              28.2078177
            ],
            [
              85.4752644,
              28.2078835
            ]
          ]
        ]
      }
    },
    {
      "type": "Feature",
      "properties": {
        "building_id": "NEPAL_OSM_BLD_264961780",
        "type": "hotel",
        "name": "Building",
        "district": "Rasuwa",
        "country": "Nepal"
      },
      "geometry": {
        "type": "Polygon",
        "coordinates": [
          [
            [
              85.4750797,
              28.2077939
            ],
            [
              85.4750338,
              28.2077572
            ],
            [
              85.4751509,
              28.2076435
            ],
            [
              85.4751968,
              28.2076802
            ],
            [
              85.4750797,
              28.2077939
            ]
          ]
        ]
      }
    },
    {
      "type": "Feature",
      "properties": {
        "building_id": "NEPAL_OSM_BLD_264961782",
        "type": "ruins",
        "name": "Building",
        "district": "Rasuwa",
        "country": "Nepal"
      },
      "geometry": {
        "type": "Polygon",
        "coordinates": [
          [
            [
              85.4550164,
              28.1980715
            ],
            [
              85.4550687,
              28.1981063
            ],
            [
              85.4551368,
              28.198027
            ],
            [
              85.4551086,
              28.1980083
            ],
            [
              85.4550618,
              28.1980629
            ],
            [
              85.4550376,
              28.1980468
            ],
            [
              85.4550164,
              28.1980715
            ]
          ]
        ]
      }
    },
    {
      "type": "Feature",
      "properties": {
        "building_id": "NEPAL_OSM_BLD_264961784",
        "type": "ruins",
        "name": "Building",
        "district": "Rasuwa",
        "country": "Nepal"
      },
      "geometry": {
        "type": "Polygon",
        "coordinates": [
          [
            [
              85.4548337,
              28.1980283
            ],
            [
              85.4548039,
              28.1980663
            ],
            [
              85.4547707,
              28.1980461
            ],
            [
              85.4548005,
              28.1980081
            ],
            [
              85.4548337,
              28.1980283
            ]
          ]
        ]
      }
    },
    {
      "type": "Feature",
      "properties": {
        "building_id": "NEPAL_OSM_BLD_264961786",
        "type": "ruins",
        "name": "Building",
        "district": "Rasuwa",
        "country": "Nepal"
      },
      "geometry": {
        "type": "Polygon",
        "coordinates": [
          [
            [
              85.4545619,
              28.1978808
            ],
            [
              85.4545991,
              28.1978046
            ],
            [
              85.4546731,
              28.1978327
            ],
            [
              85.4546359,
              28.1979088
            ],
            [
              85.4545619,
              28.1978808
            ]
          ]
        ]
      }
    },
    {
      "type": "Feature",
      "properties": {
        "building_id": "NEPAL_OSM_BLD_264961788",
        "type": "ruins",
        "name": "Building",
        "district": "Rasuwa",
        "country": "Nepal"
      },
      "geometry": {
        "type": "Polygon",
        "coordinates": [
          [
            [
              85.4543544,
              28.1977337
            ],
            [
              85.4543796,
              28.1977049
            ],
            [
              85.4544261,
              28.1977364
            ],
            [
              85.4544009,
              28.1977653
            ],
            [
              85.4543544,
              28.1977337
            ]
          ]
        ]
      }
    },
    {
      "type": "Feature",
      "properties": {
        "building_id": "NEPAL_OSM_BLD_264961792",
        "type": "hotel",
        "name": "Hotel Potala",
        "district": "Rasuwa",
        "country": "Nepal"
      },
      "geometry": {
        "type": "Polygon",
        "coordinates": [
          [
            [
              85.4767684,
              28.208737
            ],
            [
              85.4768024,
              28.2086577
            ],
            [
              85.476855,
              28.2086752
            ],
            [
              85.476821,
              28.2087546
            ],
            [
              85.4767684,
              28.208737
            ]
          ]
        ]
      }
    },
    {
      "type": "Feature",
      "properties": {
        "building_id": "NEPAL_OSM_BLD_264961794",
        "type": "hotel",
        "name": "Building",
        "district": "Rasuwa",
        "country": "Nepal"
      },
      "geometry": {
        "type": "Polygon",
        "coordinates": [
          [
            [
              85.4767208,
              28.2085989
            ],
            [
              85.476753,
              28.2085509
            ],
            [
              85.4768424,
              28.2085979
            ],
            [
              85.4768103,
              28.2086459
            ],
            [
              85.4767208,
              28.2085989
            ]
          ]
        ]
      }
    },
    {
      "type": "Feature",
      "properties": {
        "building_id": "NEPAL_OSM_BLD_264961802",
        "type": "house",
        "name": "Building",
        "district": "Rasuwa",
        "country": "Nepal"
      },
      "geometry": {
        "type": "Polygon",
        "coordinates": [
          [
            [
              85.4872852,
              28.2118881
            ],
            [
              85.4873159,
              28.211836
            ],
            [
              85.4874048,
              28.2118768
            ],
            [
              85.4873742,
              28.2119288
            ],
            [
              85.4872852,
              28.2118881
            ]
          ]
        ]
      }
    },
    {
      "type": "Feature",
      "properties": {
        "building_id": "NEPAL_OSM_BLD_264961809",
        "type": "hotel",
        "name": "Langtang view Guest house",
        "district": "Rasuwa",
        "country": "Nepal"
      },
      "geometry": {
        "type": "Polygon",
        "coordinates": [
          [
            [
              85.4965897,
              28.2150395
            ],
            [
              85.4965622,
              28.2149305
            ],
            [
              85.4966523,
              28.2149129
            ],
            [
              85.4966798,
              28.2150219
            ],
            [
              85.4965897,
              28.2150395
            ]
          ]
        ]
      }
    },
    {
      "type": "Feature",
      "properties": {
        "building_id": "NEPAL_OSM_BLD_265006465",
        "type": "yes",
        "name": "Building",
        "district": "Rasuwa",
        "country": "Nepal"
      },
      "geometry": {
        "type": "Polygon",
        "coordinates": [
          [
            [
              85.3023679,
              28.1126508
            ],
            [
              85.3023164,
              28.1125669
            ],
            [
              85.3024249,
              28.1125151
            ],
            [
              85.3024765,
              28.112599
            ],
            [
              85.3023679,
              28.1126508
            ]
          ]
        ]
      }
    },
    {
      "type": "Feature",
      "properties": {
        "building_id": "NEPAL_OSM_BLD_265006466",
        "type": "yes",
        "name": "Kitchen",
        "district": "Rasuwa",
        "country": "Nepal"
      },
      "geometry": {
        "type": "Polygon",
        "coordinates": [
          [
            [
              85.302527,
              28.1126809
            ],
            [
              85.3024903,
              28.1126362
            ],
            [
              85.3025703,
              28.1125852
            ],
            [
              85.3026069,
              28.1126298
            ],
            [
              85.302527,
              28.1126809
            ]
          ]
        ]
      }
    },
    {
      "type": "Feature",
      "properties": {
        "building_id": "NEPAL_OSM_BLD_265006468",
        "type": "yes",
        "name": "Building",
        "district": "Rasuwa",
        "country": "Nepal"
      },
      "geometry": {
        "type": "Polygon",
        "coordinates": [
          [
            [
              85.3022539,
              28.1126975
            ],
            [
              85.3022122,
              28.1126055
            ],
            [
              85.3022766,
              28.1125827
            ],
            [
              85.3023185,
              28.1126747
            ],
            [
              85.3022539,
              28.1126975
            ]
          ]
        ]
      }
    },
    {
      "type": "Feature",
      "properties": {
        "building_id": "NEPAL_OSM_BLD_265006469",
        "type": "yes",
        "name": "Store",
        "district": "Rasuwa",
        "country": "Nepal"
      },
      "geometry": {
        "type": "Polygon",
        "coordinates": [
          [
            [
              85.3024576,
              28.1127291
            ],
            [
              85.3024116,
              28.1126656
            ],
            [
              85.302473,
              28.112631
            ],
            [
              85.302519,
              28.1126946
            ],
            [
              85.3024576,
              28.1127291
            ]
          ]
        ]
      }
    },
    {
      "type": "Feature",
      "properties": {
        "building_id": "NEPAL_OSM_BLD_265006470",
        "type": "yes",
        "name": "Building",
        "district": "Rasuwa",
        "country": "Nepal"
      },
      "geometry": {
        "type": "Polygon",
        "coordinates": [
          [
            [
              85.3019112,
              28.1138295
            ],
            [
              85.3019343,
              28.1137506
            ],
            [
              85.3019803,
              28.1137611
            ],
            [
              85.3019572,
              28.11384
            ],
            [
              85.3019112,
              28.1138295
            ]
          ]
        ]
      }
    },
    {
      "type": "Feature",
      "properties": {
        "building_id": "NEPAL_OSM_BLD_265006471",
        "type": "yes",
        "name": "Building",
        "district": "Rasuwa",
        "country": "Nepal"
      },
      "geometry": {
        "type": "Polygon",
        "coordinates": [
          [
            [
              85.3050245,
              28.110244
            ],
            [
              85.3049916,
              28.1101201
            ],
            [
              85.3051333,
              28.1100907
            ],
            [
              85.305149,
              28.11015
            ],
            [
              85.3051082,
              28.1101585
            ],
            [
              85.3051253,
              28.1102232
            ],
            [
              85.3050245,
              28.110244
            ]
          ]
        ]
      }
    },
    {
      "type": "Feature",
      "properties": {
        "building_id": "NEPAL_OSM_BLD_265006472",
        "type": "yes",
        "name": "Staff room",
        "district": "Rasuwa",
        "country": "Nepal"
      },
      "geometry": {
        "type": "Polygon",
        "coordinates": [
          [
            [
              85.305237,
              28.1103351
            ],
            [
              85.3052059,
              28.1102253
            ],
            [
              85.3052961,
              28.1102055
            ],
            [
              85.3053272,
              28.1103153
            ],
            [
              85.305237,
              28.1103351
            ]
          ]
        ]
      }
    },
    {
      "type": "Feature",
      "properties": {
        "building_id": "NEPAL_OSM_BLD_265006473",
        "type": "yes",
        "name": "Building",
        "district": "Rasuwa",
        "country": "Nepal"
      },
      "geometry": {
        "type": "Polygon",
        "coordinates": [
          [
            [
              85.3044941,
              28.1103697
            ],
            [
              85.3044682,
              28.1102464
            ],
            [
              85.304569,
              28.11023
            ],
            [
              85.3045947,
              28.1103533
            ],
            [
              85.3044941,
              28.1103697
            ]
          ]
        ]
      }
    },
    {
      "type": "Feature",
      "properties": {
        "building_id": "NEPAL_OSM_BLD_265006475",
        "type": "yes",
        "name": "Building",
        "district": "Rasuwa",
        "country": "Nepal"
      },
      "geometry": {
        "type": "Polygon",
        "coordinates": [
          [
            [
              85.3048888,
              28.1095148
            ],
            [
              85.3048896,
              28.1094632
            ],
            [
              85.3049879,
              28.1094644
            ],
            [
              85.3049871,
              28.1095161
            ],
            [
              85.3048888,
              28.1095148
            ]
          ]
        ]
      }
    },
    {
      "type": "Feature",
      "properties": {
        "building_id": "NEPAL_OSM_BLD_265006476",
        "type": "yes",
        "name": "Building",
        "district": "Rasuwa",
        "country": "Nepal"
      },
      "geometry": {
        "type": "Polygon",
        "coordinates": [
          [
            [
              85.3004741,
              28.1109312
            ],
            [
              85.3003858,
              28.110846
            ],
            [
              85.3005,
              28.110754
            ],
            [
              85.3005882,
              28.1108392
            ],
            [
              85.3004741,
              28.1109312
            ]
          ]
        ]
      }
    },
    {
      "type": "Feature",
      "properties": {
        "building_id": "NEPAL_OSM_BLD_265006478",
        "type": "yes",
        "name": "Building",
        "district": "Rasuwa",
        "country": "Nepal"
      },
      "geometry": {
        "type": "Polygon",
        "coordinates": [
          [
            [
              85.2995476,
              28.1115832
            ],
            [
              85.2994535,
              28.1114967
            ],
            [
              85.2997488,
              28.1112463
            ],
            [
              85.2998582,
              28.1113468
            ],
            [
              85.2998062,
              28.1113908
            ],
            [
              85.2997443,
              28.111334
            ],
            [
              85.299534,
              28.1115124
            ],
            [
              85.2995807,
              28.1115551
            ],
            [
              85.2995476,
              28.1115832
            ]
          ]
        ]
      }
    },
    {
      "type": "Feature",
      "properties": {
        "building_id": "NEPAL_OSM_BLD_265006479",
        "type": "yes",
        "name": "Building",
        "district": "Rasuwa",
        "country": "Nepal"
      },
      "geometry": {
        "type": "Polygon",
        "coordinates": [
          [
            [
              85.2998522,
              28.111213
            ],
            [
              85.2997767,
              28.1111308
            ],
            [
              85.2998812,
              28.1110562
            ],
            [
              85.2999567,
              28.1111384
            ],
            [
              85.2998522,
              28.111213
            ]
          ]
        ]
      }
    },
    {
      "type": "Feature",
      "properties": {
        "building_id": "NEPAL_OSM_BLD_265006480",
        "type": "yes",
        "name": "Building",
        "district": "Rasuwa",
        "country": "Nepal"
      },
      "geometry": {
        "type": "Polygon",
        "coordinates": [
          [
            [
              85.2998865,
              28.1109774
            ],
            [
              85.2998262,
              28.1109234
            ],
            [
              85.2999066,
              28.1108535
            ],
            [
              85.2999669,
              28.1109075
            ],
            [
              85.2998865,
              28.1109774
            ]
          ]
        ]
      }
    },
    {
      "type": "Feature",
      "properties": {
        "building_id": "NEPAL_OSM_BLD_265006481",
        "type": "yes",
        "name": "Building",
        "district": "Rasuwa",
        "country": "Nepal"
      },
      "geometry": {
        "type": "Polygon",
        "coordinates": [
          [
            [
              85.29903,
              28.111391
            ],
            [
              85.2989898,
              28.1112872
            ],
            [
              85.2991046,
              28.1112527
            ],
            [
              85.2991447,
              28.1113564
            ],
            [
              85.29903,
              28.111391
            ]
          ]
        ]
      }
    },
    {
      "type": "Feature",
      "properties": {
        "building_id": "NEPAL_OSM_BLD_265006483",
        "type": "yes",
        "name": "Building",
        "district": "Rasuwa",
        "country": "Nepal"
      },
      "geometry": {
        "type": "Polygon",
        "coordinates": [
          [
            [
              85.2995844,
              28.1113394
            ],
            [
              85.2995289,
              28.1112769
            ],
            [
              85.2997021,
              28.1111574
            ],
            [
              85.2997575,
              28.1112199
            ],
            [
              85.2995844,
              28.1113394
            ]
          ]
        ]
      }
    },
    {
      "type": "Feature",
      "properties": {
        "building_id": "NEPAL_OSM_BLD_265006484",
        "type": "yes",
        "name": "Building",
        "district": "Rasuwa",
        "country": "Nepal"
      },
      "geometry": {
        "type": "Polygon",
        "coordinates": [
          [
            [
              85.2994652,
              28.1112855
            ],
            [
              85.2993972,
              28.1111861
            ],
            [
              85.2995184,
              28.1111215
            ],
            [
              85.2995864,
              28.1112209
            ],
            [
              85.2994652,
              28.1112855
            ]
          ]
        ]
      }
    },
    {
      "type": "Feature",
      "properties": {
        "building_id": "NEPAL_OSM_BLD_265006485",
        "type": "yes",
        "name": "Building",
        "district": "Rasuwa",
        "country": "Nepal"
      },
      "geometry": {
        "type": "Polygon",
        "coordinates": [
          [
            [
              85.2987574,
              28.1114929
            ],
            [
              85.29866,
              28.1114155
            ],
            [
              85.2987608,
              28.1113169
            ],
            [
              85.2988581,
              28.1113943
            ],
            [
              85.2987574,
              28.1114929
            ]
          ]
        ]
      }
    },
    {
      "type": "Feature",
      "properties": {
        "building_id": "NEPAL_OSM_BLD_265006486",
        "type": "yes",
        "name": "Building",
        "district": "Rasuwa",
        "country": "Nepal"
      },
      "geometry": {
        "type": "Polygon",
        "coordinates": [
          [
            [
              85.298344,
              28.1116566
            ],
            [
              85.2983301,
              28.1115646
            ],
            [
              85.2983901,
              28.1115576
            ],
            [
              85.2984039,
              28.1116495
            ],
            [
              85.298344,
              28.1116566
            ]
          ]
        ]
      }
    },
    {
      "type": "Feature",
      "properties": {
        "building_id": "NEPAL_OSM_BLD_265006487",
        "type": "yes",
        "name": "Building",
        "district": "Rasuwa",
        "country": "Nepal"
      },
      "geometry": {
        "type": "Polygon",
        "coordinates": [
          [
            [
              85.2984207,
              28.1116288
            ],
            [
              85.2983955,
              28.1115455
            ],
            [
              85.2984997,
              28.111521
            ],
            [
              85.2985249,
              28.1116043
            ],
            [
              85.2984207,
              28.1116288
            ]
          ]
        ]
      }
    },
    {
      "type": "Feature",
      "properties": {
        "building_id": "NEPAL_OSM_BLD_265006778",
        "type": "yes",
        "name": "Building",
        "district": "Rasuwa",
        "country": "Nepal"
      },
      "geometry": {
        "type": "Polygon",
        "coordinates": [
          [
            [
              85.2979069,
              28.1127988
            ],
            [
              85.2978719,
              28.1127107
            ],
            [
              85.2980404,
              28.1126587
            ],
            [
              85.2980753,
              28.1127469
            ],
            [
              85.2979069,
              28.1127988
            ]
          ]
        ]
      }
    },
    {
      "type": "Feature",
      "properties": {
        "building_id": "NEPAL_OSM_BLD_265006779",
        "type": "yes",
        "name": "Building",
        "district": "Rasuwa",
        "country": "Nepal"
      },
      "geometry": {
        "type": "Polygon",
        "coordinates": [
          [
            [
              85.2974341,
              28.112712
            ],
            [
              85.2973777,
              28.1126176
            ],
            [
              85.2974665,
              28.1125763
            ],
            [
              85.2975229,
              28.1126708
            ],
            [
              85.2974341,
              28.112712
            ]
          ]
        ]
      }
    },
    {
      "type": "Feature",
      "properties": {
        "building_id": "NEPAL_OSM_BLD_265006780",
        "type": "yes",
        "name": "Building",
        "district": "Rasuwa",
        "country": "Nepal"
      },
      "geometry": {
        "type": "Polygon",
        "coordinates": [
          [
            [
              85.2977404,
              28.1122225
            ],
            [
              85.2976527,
              28.1121212
            ],
            [
              85.2978043,
              28.112019
            ],
            [
              85.2978721,
              28.1120972
            ],
            [
              85.2977786,
              28.1121602
            ],
            [
              85.2977986,
              28.1121833
            ],
            [
              85.2977404,
              28.1122225
            ]
          ]
        ]
      }
    },
    {
      "type": "Feature",
      "properties": {
        "building_id": "NEPAL_OSM_BLD_265006781",
        "type": "yes",
        "name": "Building",
        "district": "Rasuwa",
        "country": "Nepal"
      },
      "geometry": {
        "type": "Polygon",
        "coordinates": [
          [
            [
              85.2973287,
              28.1130306
            ],
            [
              85.2972913,
              28.1129511
            ],
            [
              85.297367,
              28.1129234
            ],
            [
              85.2974044,
              28.1130029
            ],
            [
              85.2973287,
              28.1130306
            ]
          ]
        ]
      }
    },
    {
      "type": "Feature",
      "properties": {
        "building_id": "NEPAL_OSM_BLD_265006782",
        "type": "yes",
        "name": "Building",
        "district": "Rasuwa",
        "country": "Nepal"
      },
      "geometry": {
        "type": "Polygon",
        "coordinates": [
          [
            [
              85.2976946,
              28.1128907
            ],
            [
              85.2976695,
              28.1128289
            ],
            [
              85.2977507,
              28.1128033
            ],
            [
              85.2977757,
              28.1128651
            ],
            [
              85.2976946,
              28.1128907
            ]
          ]
        ]
      }
    },
    {
      "type": "Feature",
      "properties": {
        "building_id": "NEPAL_OSM_BLD_265006783",
        "type": "yes",
        "name": "Building",
        "district": "Rasuwa",
        "country": "Nepal"
      },
      "geometry": {
        "type": "Polygon",
        "coordinates": [
          [
            [
              85.2977024,
              28.112951
            ],
            [
              85.2976861,
              28.1129074
            ],
            [
              85.2977681,
              28.1128837
            ],
            [
              85.2977843,
              28.1129274
            ],
            [
              85.2977024,
              28.112951
            ]
          ]
        ]
      }
    },
    {
      "type": "Feature",
      "properties": {
        "building_id": "NEPAL_OSM_BLD_265006784",
        "type": "yes",
        "name": "Building",
        "district": "Rasuwa",
        "country": "Nepal"
      },
      "geometry": {
        "type": "Polygon",
        "coordinates": [
          [
            [
              85.2978808,
              28.1129612
            ],
            [
              85.2978735,
              28.1129045
            ],
            [
              85.2979639,
              28.1128954
            ],
            [
              85.2979712,
              28.1129521
            ],
            [
              85.2978808,
              28.1129612
            ]
          ]
        ]
      }
    },
    {
      "type": "Feature",
      "properties": {
        "building_id": "NEPAL_OSM_BLD_265006785",
        "type": "yes",
        "name": "Building",
        "district": "Rasuwa",
        "country": "Nepal"
      },
      "geometry": {
        "type": "Polygon",
        "coordinates": [
          [
            [
              85.2976704,
              28.1127909
            ],
            [
              85.2976265,
              28.1127262
            ],
            [
              85.2977773,
              28.1126466
            ],
            [
              85.2978348,
              28.1127314
            ],
            [
              85.2977811,
              28.1127598
            ],
            [
              85.2977675,
              28.1127396
            ],
            [
              85.2976704,
              28.1127909
            ]
          ]
        ]
      }
    },
    {
      "type": "Feature",
      "properties": {
        "building_id": "NEPAL_OSM_BLD_265006786",
        "type": "yes",
        "name": "Building",
        "district": "Rasuwa",
        "country": "Nepal"
      },
      "geometry": {
        "type": "Polygon",
        "coordinates": [
          [
            [
              85.2983644,
              28.1132691
            ],
            [
              85.2983629,
              28.1132078
            ],
            [
              85.2985351,
              28.1132043
            ],
            [
              85.2985367,
              28.1132656
            ],
            [
              85.2983644,
              28.1132691
            ]
          ]
        ]
      }
    },
    {
      "type": "Feature",
      "properties": {
        "building_id": "NEPAL_OSM_BLD_265006787",
        "type": "yes",
        "name": "Building",
        "district": "Rasuwa",
        "country": "Nepal"
      },
      "geometry": {
        "type": "Polygon",
        "coordinates": [
          [
            [
              85.2980093,
              28.1134244
            ],
            [
              85.298012,
              28.1133386
            ],
            [
              85.2981146,
              28.1133411
            ],
            [
              85.2981119,
              28.1134269
            ],
            [
              85.2980093,
              28.1134244
            ]
          ]
        ]
      }
    },
    {
      "type": "Feature",
      "properties": {
        "building_id": "NEPAL_OSM_BLD_265006788",
        "type": "yes",
        "name": "Building",
        "district": "Rasuwa",
        "country": "Nepal"
      },
      "geometry": {
        "type": "Polygon",
        "coordinates": [
          [
            [
              85.2981536,
              28.1132874
            ],
            [
              85.2981492,
              28.1131929
            ],
            [
              85.2982561,
              28.113189
            ],
            [
              85.2982606,
              28.1132835
            ],
            [
              85.2981536,
              28.1132874
            ]
          ]
        ]
      }
    },
    {
      "type": "Feature",
      "properties": {
        "building_id": "NEPAL_OSM_BLD_265006789",
        "type": "yes",
        "name": "Building",
        "district": "Rasuwa",
        "country": "Nepal"
      },
      "geometry": {
        "type": "Polygon",
        "coordinates": [
          [
            [
              85.2985449,
              28.1130182
            ],
            [
              85.2985067,
              28.1129795
            ],
            [
              85.2985643,
              28.1129353
            ],
            [
              85.2986025,
              28.112974
            ],
            [
              85.2985449,
              28.1130182
            ]
          ]
        ]
      }
    },
    {
      "type": "Feature",
      "properties": {
        "building_id": "NEPAL_OSM_BLD_265006790",
        "type": "yes",
        "name": "Building",
        "district": "Rasuwa",
        "country": "Nepal"
      },
      "geometry": {
        "type": "Polygon",
        "coordinates": [
          [
            [
              85.2985952,
              28.1128249
            ],
            [
              85.2986252,
              28.1127766
            ],
            [
              85.2987217,
              28.1128232
            ],
            [
              85.2986918,
              28.1128715
            ],
            [
              85.2985952,
              28.1128249
            ]
          ]
        ]
      }
    },
    {
      "type": "Feature",
      "properties": {
        "building_id": "NEPAL_OSM_BLD_265006791",
        "type": "yes",
        "name": "Building",
        "district": "Rasuwa",
        "country": "Nepal"
      },
      "geometry": {
        "type": "Polygon",
        "coordinates": [
          [
            [
              85.2986347,
              28.1126768
            ],
            [
              85.2985374,
              28.1125982
            ],
            [
              85.2985928,
              28.1125448
            ],
            [
              85.2986901,
              28.1126234
            ],
            [
              85.2986347,
              28.1126768
            ]
          ]
        ]
      }
    },
    {
      "type": "Feature",
      "properties": {
        "building_id": "NEPAL_OSM_BLD_265006792",
        "type": "yes",
        "name": "Building",
        "district": "Rasuwa",
        "country": "Nepal"
      },
      "geometry": {
        "type": "Polygon",
        "coordinates": [
          [
            [
              85.2984863,
              28.1120528
            ],
            [
              85.298459,
              28.1120175
            ],
            [
              85.2984844,
              28.1120021
            ],
            [
              85.2984648,
              28.1119769
            ],
            [
              85.2985525,
              28.1119239
            ],
            [
              85.2985995,
              28.1119843
            ],
            [
              85.2984863,
              28.1120528
            ]
          ]
        ]
      }
    },
    {
      "type": "Feature",
      "properties": {
        "building_id": "NEPAL_OSM_BLD_265006793",
        "type": "yes",
        "name": "Building",
        "district": "Rasuwa",
        "country": "Nepal"
      },
      "geometry": {
        "type": "Polygon",
        "coordinates": [
          [
            [
              85.299414,
              28.1120288
            ],
            [
              85.2993341,
              28.1120939
            ],
            [
              85.2992539,
              28.1119454
            ],
            [
              85.2993369,
              28.1119084
            ],
            [
              85.299414,
              28.1120288
            ]
          ]
        ]
      }
    },
    {
      "type": "Feature",
      "properties": {
        "building_id": "NEPAL_OSM_BLD_265006794",
        "type": "yes",
        "name": "Building",
        "district": "Rasuwa",
        "country": "Nepal"
      },
      "geometry": {
        "type": "Polygon",
        "coordinates": [
          [
            [
              85.3001421,
              28.1102733
            ],
            [
              85.3000912,
              28.110175
            ],
            [
              85.3001744,
              28.1101415
            ],
            [
              85.3002253,
              28.1102398
            ],
            [
              85.3001421,
              28.1102733
            ]
          ]
        ]
      }
    },
    {
      "type": "Feature",
      "properties": {
        "building_id": "NEPAL_OSM_BLD_265006796",
        "type": "yes",
        "name": "Building",
        "district": "Rasuwa",
        "country": "Nepal"
      },
      "geometry": {
        "type": "Polygon",
        "coordinates": [
          [
            [
              85.3022356,
              28.1092224
            ],
            [
              85.3021726,
              28.1091707
            ],
            [
              85.3022333,
              28.1091133
            ],
            [
              85.3022962,
              28.1091649
            ],
            [
              85.3022356,
              28.1092224
            ]
          ]
        ]
      }
    },
    {
      "type": "Feature",
      "properties": {
        "building_id": "NEPAL_OSM_BLD_265006797",
        "type": "yes",
        "name": "Building",
        "district": "Rasuwa",
        "country": "Nepal"
      },
      "geometry": {
        "type": "Polygon",
        "coordinates": [
          [
            [
              85.3017038,
              28.1096034
            ],
            [
              85.3016183,
              28.1094959
            ],
            [
              85.3016744,
              28.1094613
            ],
            [
              85.3017599,
              28.1095687
            ],
            [
              85.3017038,
              28.1096034
            ]
          ]
        ]
      }
    },
    {
      "type": "Feature",
      "properties": {
        "building_id": "NEPAL_OSM_BLD_265006798",
        "type": "yes",
        "name": "Building",
        "district": "Rasuwa",
        "country": "Nepal"
      },
      "geometry": {
        "type": "Polygon",
        "coordinates": [
          [
            [
              85.3013127,
              28.1094987
            ],
            [
              85.3012904,
              28.109438
            ],
            [
              85.3013856,
              28.1094108
            ],
            [
              85.3014079,
              28.1094714
            ],
            [
              85.3013127,
              28.1094987
            ]
          ]
        ]
      }
    },
    {
      "type": "Feature",
      "properties": {
        "building_id": "NEPAL_OSM_BLD_265006799",
        "type": "yes",
        "name": "Building",
        "district": "Rasuwa",
        "country": "Nepal"
      },
      "geometry": {
        "type": "Polygon",
        "coordinates": [
          [
            [
              85.301197,
              28.1095336
            ],
            [
              85.3011759,
              28.1094769
            ],
            [
              85.3012395,
              28.1094585
            ],
            [
              85.3012606,
              28.1095152
            ],
            [
              85.301197,
              28.1095336
            ]
          ]
        ]
      }
    },
    {
      "type": "Feature",
      "properties": {
        "building_id": "NEPAL_OSM_BLD_265006800",
        "type": "yes",
        "name": "Building",
        "district": "Rasuwa",
        "country": "Nepal"
      },
      "geometry": {
        "type": "Polygon",
        "coordinates": [
          [
            [
              85.301815,
              28.1089423
            ],
            [
              85.3017946,
              28.1088946
            ],
            [
              85.3018749,
              28.1088678
            ],
            [
              85.3018953,
              28.1089156
            ],
            [
              85.301815,
              28.1089423
            ]
          ]
        ]
      }
    },
    {
      "type": "Feature",
      "properties": {
        "building_id": "NEPAL_OSM_BLD_265006801",
        "type": "yes",
        "name": "Building",
        "district": "Rasuwa",
        "country": "Nepal"
      },
      "geometry": {
        "type": "Polygon",
        "coordinates": [
          [
            [
              85.3030021,
              28.1088579
            ],
            [
              85.3029338,
              28.108792
            ],
            [
              85.3029885,
              28.1087479
            ],
            [
              85.3030568,
              28.1088137
            ],
            [
              85.3030021,
              28.1088579
            ]
          ]
        ]
      }
    },
    {
      "type": "Feature",
      "properties": {
        "building_id": "NEPAL_OSM_BLD_265006802",
        "type": "yes",
        "name": "Building",
        "district": "Rasuwa",
        "country": "Nepal"
      },
      "geometry": {
        "type": "Polygon",
        "coordinates": [
          [
            [
              85.3031059,
              28.1087599
            ],
            [
              85.3030242,
              28.108675
            ],
            [
              85.3032234,
              28.1085258
            ],
            [
              85.3033051,
              28.1086107
            ],
            [
              85.3031059,
              28.1087599
            ]
          ]
        ]
      }
    },
    {
      "type": "Feature",
      "properties": {
        "building_id": "NEPAL_OSM_BLD_265006803",
        "type": "yes",
        "name": "Building",
        "district": "Rasuwa",
        "country": "Nepal"
      },
      "geometry": {
        "type": "Polygon",
        "coordinates": [
          [
            [
              85.3071792,
              28.1059227
            ],
            [
              85.3070912,
              28.1058494
            ],
            [
              85.3072563,
              28.1056953
            ],
            [
              85.3073356,
              28.1057615
            ],
            [
              85.307301,
              28.1057938
            ],
            [
              85.3073316,
              28.1058194
            ],
            [
              85.3072286,
              28.1059155
            ],
            [
              85.3072066,
              28.1058971
            ],
            [
              85.3071792,
              28.1059227
            ]
          ]
        ]
      }
    },
    {
      "type": "Feature",
      "properties": {
        "building_id": "NEPAL_OSM_BLD_265006805",
        "type": "yes",
        "name": "Building",
        "district": "Rasuwa",
        "country": "Nepal"
      },
      "geometry": {
        "type": "Polygon",
        "coordinates": [
          [
            [
              85.2962551,
              28.1105799
            ],
            [
              85.2962055,
              28.1104883
            ],
            [
              85.2965368,
              28.1103489
            ],
            [
              85.2965863,
              28.1104405
            ],
            [
              85.2962551,
              28.1105799
            ]
          ]
        ]
      }
    },
    {
      "type": "Feature",
      "properties": {
        "building_id": "NEPAL_OSM_BLD_265006806",
        "type": "yes",
        "name": "Building",
        "district": "Rasuwa",
        "country": "Nepal"
      },
      "geometry": {
        "type": "Polygon",
        "coordinates": [
          [
            [
              85.2962783,
              28.1103885
            ],
            [
              85.2962387,
              28.1103128
            ],
            [
              85.2963539,
              28.1102659
            ],
            [
              85.2963935,
              28.1103416
            ],
            [
              85.2962783,
              28.1103885
            ]
          ]
        ]
      }
    },
    {
      "type": "Feature",
      "properties": {
        "building_id": "NEPAL_OSM_BLD_265006807",
        "type": "yes",
        "name": "Building",
        "district": "Rasuwa",
        "country": "Nepal"
      },
      "geometry": {
        "type": "Polygon",
        "coordinates": [
          [
            [
              85.2963839,
              28.1100481
            ],
            [
              85.2963303,
              28.1099555
            ],
            [
              85.296478,
              28.1098889
            ],
            [
              85.2965317,
              28.1099815
            ],
            [
              85.2963839,
              28.1100481
            ]
          ]
        ]
      }
    },
    {
      "type": "Feature",
      "properties": {
        "building_id": "NEPAL_OSM_BLD_265006808",
        "type": "yes",
        "name": "Building",
        "district": "Rasuwa",
        "country": "Nepal"
      },
      "geometry": {
        "type": "Polygon",
        "coordinates": [
          [
            [
              85.2965828,
              28.1099133
            ],
            [
              85.2965488,
              28.109844
            ],
            [
              85.296669,
              28.1097981
            ],
            [
              85.2967031,
              28.1098674
            ],
            [
              85.2965828,
              28.1099133
            ]
          ]
        ]
      }
    },
    {
      "type": "Feature",
      "properties": {
        "building_id": "NEPAL_OSM_BLD_265006809",
        "type": "yes",
        "name": "Building",
        "district": "Rasuwa",
        "country": "Nepal"
      },
      "geometry": {
        "type": "Polygon",
        "coordinates": [
          [
            [
              85.2968246,
              28.1099204
            ],
            [
              85.2967751,
              28.1098322
            ],
            [
              85.2968981,
              28.1097785
            ],
            [
              85.2969476,
              28.1098667
            ],
            [
              85.2968246,
              28.1099204
            ]
          ]
        ]
      }
    },
    {
      "type": "Feature",
      "properties": {
        "building_id": "NEPAL_OSM_BLD_265006810",
        "type": "yes",
        "name": "Building",
        "district": "Rasuwa",
        "country": "Nepal"
      },
      "geometry": {
        "type": "Polygon",
        "coordinates": [
          [
            [
              85.2964416,
              28.1097553
            ],
            [
              85.2963999,
              28.1096837
            ],
            [
              85.296609,
              28.109589
            ],
            [
              85.2966507,
              28.1096606
            ],
            [
              85.2964416,
              28.1097553
            ]
          ]
        ]
      }
    },
    {
      "type": "Feature",
      "properties": {
        "building_id": "NEPAL_OSM_BLD_265006811",
        "type": "yes",
        "name": "Building",
        "district": "Rasuwa",
        "country": "Nepal"
      },
      "geometry": {
        "type": "Polygon",
        "coordinates": [
          [
            [
              85.2970148,
              28.109647
            ],
            [
              85.2969723,
              28.1095694
            ],
            [
              85.2971195,
              28.1095066
            ],
            [
              85.2971621,
              28.1095842
            ],
            [
              85.2970148,
              28.109647
            ]
          ]
        ]
      }
    },
    {
      "type": "Feature",
      "properties": {
        "building_id": "NEPAL_OSM_BLD_265006812",
        "type": "yes",
        "name": "Building",
        "district": "Rasuwa",
        "country": "Nepal"
      },
      "geometry": {
        "type": "Polygon",
        "coordinates": [
          [
            [
              85.297204,
              28.1095653
            ],
            [
              85.2971654,
              28.1094855
            ],
            [
              85.2973135,
              28.1094299
            ],
            [
              85.297352,
              28.1095096
            ],
            [
              85.297204,
              28.1095653
            ]
          ]
        ]
      }
    },
    {
      "type": "Feature",
      "properties": {
        "building_id": "NEPAL_OSM_BLD_265006813",
        "type": "yes",
        "name": "Building",
        "district": "Rasuwa",
        "country": "Nepal"
      },
      "geometry": {
        "type": "Polygon",
        "coordinates": [
          [
            [
              85.2970585,
              28.1094174
            ],
            [
              85.2970303,
              28.1093614
            ],
            [
              85.2971061,
              28.1093317
            ],
            [
              85.2971343,
              28.1093877
            ],
            [
              85.2970585,
              28.1094174
            ]
          ]
        ]
      }
    },
    {
      "type": "Feature",
      "properties": {
        "building_id": "NEPAL_OSM_BLD_265006814",
        "type": "yes",
        "name": "Building",
        "district": "Rasuwa",
        "country": "Nepal"
      },
      "geometry": {
        "type": "Polygon",
        "coordinates": [
          [
            [
              85.2972153,
              28.1093541
            ],
            [
              85.2971829,
              28.109291
            ],
            [
              85.2972892,
              28.1092485
            ],
            [
              85.2973216,
              28.1093115
            ],
            [
              85.2972153,
              28.1093541
            ]
          ]
        ]
      }
    },
    {
      "type": "Feature",
      "properties": {
        "building_id": "NEPAL_OSM_BLD_265006815",
        "type": "yes",
        "name": "Building",
        "district": "Rasuwa",
        "country": "Nepal"
      },
      "geometry": {
        "type": "Polygon",
        "coordinates": [
          [
            [
              85.2973618,
              28.1092742
            ],
            [
              85.2973247,
              28.1092239
            ],
            [
              85.297419,
              28.1091699
            ],
            [
              85.297456,
              28.1092202
            ],
            [
              85.2973618,
              28.1092742
            ]
          ]
        ]
      }
    },
    {
      "type": "Feature",
      "properties": {
        "building_id": "NEPAL_OSM_BLD_265006816",
        "type": "yes",
        "name": "Building",
        "district": "Rasuwa",
        "country": "Nepal"
      },
      "geometry": {
        "type": "Polygon",
        "coordinates": [
          [
            [
              85.2973702,
              28.1094645
            ],
            [
              85.2973424,
              28.1094025
            ],
            [
              85.2974508,
              28.1093647
            ],
            [
              85.2974786,
              28.1094268
            ],
            [
              85.2973702,
              28.1094645
            ]
          ]
        ]
      }
    },
    {
      "type": "Feature",
      "properties": {
        "building_id": "NEPAL_OSM_BLD_265006817",
        "type": "yes",
        "name": "Building",
        "district": "Rasuwa",
        "country": "Nepal"
      },
      "geometry": {
        "type": "Polygon",
        "coordinates": [
          [
            [
              85.2981334,
              28.1092833
            ],
            [
              85.2984696,
              28.1091987
            ],
            [
              85.2985163,
              28.109343
            ],
            [
              85.2984494,
              28.1093598
            ],
            [
              85.2984257,
              28.1092864
            ],
            [
              85.2982438,
              28.1093322
            ],
            [
              85.2982597,
              28.1093814
            ],
            [
              85.2981722,
              28.1094035
            ],
            [
              85.2981334,
              28.1092833
            ]
          ]
        ]
      }
    },
    {
      "type": "Feature",
      "properties": {
        "building_id": "NEPAL_OSM_BLD_265006818",
        "type": "yes",
        "name": "Building",
        "district": "Rasuwa",
        "country": "Nepal"
      },
      "geometry": {
        "type": "Polygon",
        "coordinates": [
          [
            [
              85.2987598,
              28.1098487
            ],
            [
              85.2987478,
              28.1097627
            ],
            [
              85.2989628,
              28.1097393
            ],
            [
              85.2989749,
              28.1098253
            ],
            [
              85.2987598,
              28.1098487
            ]
          ]
        ]
      }
    },
    {
      "type": "Feature",
      "properties": {
        "building_id": "NEPAL_OSM_BLD_265006819",
        "type": "yes",
        "name": "Building",
        "district": "Rasuwa",
        "country": "Nepal"
      },
      "geometry": {
        "type": "Polygon",
        "coordinates": [
          [
            [
              85.298747,
              28.1104645
            ],
            [
              85.2987223,
              28.1103701
            ],
            [
              85.2987979,
              28.1103547
            ],
            [
              85.2988227,
              28.1104492
            ],
            [
              85.298747,
              28.1104645
            ]
          ]
        ]
      }
    },
    {
      "type": "Feature",
      "properties": {
        "building_id": "NEPAL_OSM_BLD_265007596",
        "type": "yes",
        "name": "Building",
        "district": "Rasuwa",
        "country": "Nepal"
      },
      "geometry": {
        "type": "Polygon",
        "coordinates": [
          [
            [
              85.2986645,
              28.1104558
            ],
            [
              85.2986468,
              28.1103831
            ],
            [
              85.2987134,
              28.1103705
            ],
            [
              85.2987311,
              28.1104431
            ],
            [
              85.2986645,
              28.1104558
            ]
          ]
        ]
      }
    },
    {
      "type": "Feature",
      "properties": {
        "building_id": "NEPAL_OSM_BLD_265007597",
        "type": "yes",
        "name": "Building",
        "district": "Rasuwa",
        "country": "Nepal"
      },
      "geometry": {
        "type": "Polygon",
        "coordinates": [
          [
            [
              85.2987168,
              28.1102208
            ],
            [
              85.2987044,
              28.1101727
            ],
            [
              85.298853,
              28.1101428
            ],
            [
              85.2988654,
              28.1101909
            ],
            [
              85.2987168,
              28.1102208
            ]
          ]
        ]
      }
    },
    {
      "type": "Feature",
      "properties": {
        "building_id": "NEPAL_OSM_BLD_265007598",
        "type": "yes",
        "name": "Building",
        "district": "Rasuwa",
        "country": "Nepal"
      },
      "geometry": {
        "type": "Polygon",
        "coordinates": [
          [
            [
              85.2991156,
              28.1103161
            ],
            [
              85.2991021,
              28.110248
            ],
            [
              85.2991829,
              28.1102356
            ],
            [
              85.2991964,
              28.1103036
            ],
            [
              85.2991156,
              28.1103161
            ]
          ]
        ]
      }
    },
    {
      "type": "Feature",
      "properties": {
        "building_id": "NEPAL_OSM_BLD_265007599",
        "type": "yes",
        "name": "Building",
        "district": "Rasuwa",
        "country": "Nepal"
      },
      "geometry": {
        "type": "Polygon",
        "coordinates": [
          [
            [
              85.2994345,
              28.1104877
            ],
            [
              85.2993835,
              28.1104509
            ],
            [
              85.2994357,
              28.1103947
            ],
            [
              85.2994867,
              28.1104314
            ],
            [
              85.2994345,
              28.1104877
            ]
          ]
        ]
      }
    },
    {
      "type": "Feature",
      "properties": {
        "building_id": "NEPAL_OSM_BLD_265007600",
        "type": "yes",
        "name": "Building",
        "district": "Rasuwa",
        "country": "Nepal"
      },
      "geometry": {
        "type": "Polygon",
        "coordinates": [
          [
            [
              85.2988852,
              28.1102438
            ],
            [
              85.2988771,
              28.1101917
            ],
            [
              85.2989378,
              28.1101843
            ],
            [
              85.2989459,
              28.1102364
            ],
            [
              85.2988852,
              28.1102438
            ]
          ]
        ]
      }
    },
    {
      "type": "Feature",
      "properties": {
        "building_id": "NEPAL_OSM_BLD_265007601",
        "type": "yes",
        "name": "Building",
        "district": "Rasuwa",
        "country": "Nepal"
      },
      "geometry": {
        "type": "Polygon",
        "coordinates": [
          [
            [
              85.2999565,
              28.1097108
            ],
            [
              85.2999081,
              28.1096841
            ],
            [
              85.2999475,
              28.1096284
            ],
            [
              85.2999959,
              28.1096551
            ],
            [
              85.2999565,
              28.1097108
            ]
          ]
        ]
      }
    },
    {
      "type": "Feature",
      "properties": {
        "building_id": "NEPAL_OSM_BLD_265007602",
        "type": "yes",
        "name": "Building",
        "district": "Rasuwa",
        "country": "Nepal"
      },
      "geometry": {
        "type": "Polygon",
        "coordinates": [
          [
            [
              85.2998226,
              28.1104644
            ],
            [
              85.2997615,
              28.1104228
            ],
            [
              85.2998046,
              28.1103736
            ],
            [
              85.2998657,
              28.1104153
            ],
            [
              85.2998226,
              28.1104644
            ]
          ]
        ]
      }
    },
    {
      "type": "Feature",
      "properties": {
        "building_id": "NEPAL_OSM_BLD_265007603",
        "type": "yes",
        "name": "Building",
        "district": "Rasuwa",
        "country": "Nepal"
      },
      "geometry": {
        "type": "Polygon",
        "coordinates": [
          [
            [
              85.3008019,
              28.1095848
            ],
            [
              85.3008065,
              28.1094982
            ],
            [
              85.3008748,
              28.109501
            ],
            [
              85.3008702,
              28.1095876
            ],
            [
              85.3008019,
              28.1095848
            ]
          ]
        ]
      }
    },
    {
      "type": "Feature",
      "properties": {
        "building_id": "NEPAL_OSM_BLD_265007604",
        "type": "yes",
        "name": "Building",
        "district": "Rasuwa",
        "country": "Nepal"
      },
      "geometry": {
        "type": "Polygon",
        "coordinates": [
          [
            [
              85.3016637,
              28.1098899
            ],
            [
              85.3016267,
              28.1098348
            ],
            [
              85.301757,
              28.1097668
            ],
            [
              85.3017232,
              28.1097165
            ],
            [
              85.3017849,
              28.1096843
            ],
            [
              85.3018556,
              28.1097897
            ],
            [
              85.3016637,
              28.1098899
            ]
          ]
        ]
      }
    },
    {
      "type": "Feature",
      "properties": {
        "building_id": "NEPAL_OSM_BLD_265007605",
        "type": "yes",
        "name": "Building",
        "district": "Rasuwa",
        "country": "Nepal"
      },
      "geometry": {
        "type": "Polygon",
        "coordinates": [
          [
            [
              85.3005289,
              28.1099038
            ],
            [
              85.3005286,
              28.1098512
            ],
            [
              85.3006688,
              28.1098505
            ],
            [
              85.3006691,
              28.1099031
            ],
            [
              85.3005289,
              28.1099038
            ]
          ]
        ]
      }
    },
    {
      "type": "Feature",
      "properties": {
        "building_id": "NEPAL_OSM_BLD_265007606",
        "type": "yes",
        "name": "Building",
        "district": "Rasuwa",
        "country": "Nepal"
      },
      "geometry": {
        "type": "Polygon",
        "coordinates": [
          [
            [
              85.2955395,
              28.1139615
            ],
            [
              85.2954939,
              28.1138964
            ],
            [
              85.295599,
              28.1138391
            ],
            [
              85.2956446,
              28.1139041
            ],
            [
              85.2955395,
              28.1139615
            ]
          ]
        ]
      }
    },
    {
      "type": "Feature",
      "properties": {
        "building_id": "NEPAL_OSM_BLD_265007611",
        "type": "yes",
        "name": "Building",
        "district": "Rasuwa",
        "country": "Nepal"
      },
      "geometry": {
        "type": "Polygon",
        "coordinates": [
          [
            [
              85.2958439,
              28.1139886
            ],
            [
              85.2958258,
              28.1139566
            ],
            [
              85.2957879,
              28.1139732
            ],
            [
              85.2957781,
              28.1139559
            ],
            [
              85.2958489,
              28.1139247
            ],
            [
              85.2958423,
              28.113913
            ],
            [
              85.2958752,
              28.1138986
            ],
            [
              85.2959097,
              28.1139596
            ],
            [
              85.2958439,
              28.1139886
            ]
          ]
        ]
      }
    },
    {
      "type": "Feature",
      "properties": {
        "building_id": "NEPAL_OSM_BLD_265007612",
        "type": "yes",
        "name": "Building",
        "district": "Rasuwa",
        "country": "Nepal"
      },
      "geometry": {
        "type": "Polygon",
        "coordinates": [
          [
            [
              85.2963163,
              28.1137807
            ],
            [
              85.2962907,
              28.1137478
            ],
            [
              85.2963874,
              28.113689
            ],
            [
              85.296413,
              28.1137218
            ],
            [
              85.2963163,
              28.1137807
            ]
          ]
        ]
      }
    },
    {
      "type": "Feature",
      "properties": {
        "building_id": "NEPAL_OSM_BLD_265007613",
        "type": "yes",
        "name": "Building",
        "district": "Rasuwa",
        "country": "Nepal"
      },
      "geometry": {
        "type": "Polygon",
        "coordinates": [
          [
            [
              85.2961319,
              28.1137476
            ],
            [
              85.2960859,
              28.1136903
            ],
            [
              85.2961567,
              28.1136461
            ],
            [
              85.2962027,
              28.1137035
            ],
            [
              85.2961319,
              28.1137476
            ]
          ]
        ]
      }
    },
    {
      "type": "Feature",
      "properties": {
        "building_id": "NEPAL_OSM_BLD_265007614",
        "type": "yes",
        "name": "Building",
        "district": "Rasuwa",
        "country": "Nepal"
      },
      "geometry": {
        "type": "Polygon",
        "coordinates": [
          [
            [
              85.2961785,
              28.1135216
            ],
            [
              85.2962823,
              28.1134716
            ],
            [
              85.2963192,
              28.113531
            ],
            [
              85.2962154,
              28.1135811
            ],
            [
              85.2961785,
              28.1135216
            ]
          ]
        ]
      }
    },
    {
      "type": "Feature",
      "properties": {
        "building_id": "NEPAL_OSM_BLD_265007615",
        "type": "yes",
        "name": "Building",
        "district": "Rasuwa",
        "country": "Nepal"
      },
      "geometry": {
        "type": "Polygon",
        "coordinates": [
          [
            [
              85.2959367,
              28.1135037
            ],
            [
              85.2958925,
              28.1134459
            ],
            [
              85.2959565,
              28.1134078
            ],
            [
              85.2960007,
              28.1134656
            ],
            [
              85.2959673,
              28.1134855
            ],
            [
              85.2959367,
              28.1135037
            ]
          ]
        ]
      }
    },
    {
      "type": "Feature",
      "properties": {
        "building_id": "NEPAL_OSM_BLD_265007616",
        "type": "yes",
        "name": "Building",
        "district": "Rasuwa",
        "country": "Nepal"
      },
      "geometry": {
        "type": "Polygon",
        "coordinates": [
          [
            [
              85.2967622,
              28.1129619
            ],
            [
              85.2968366,
              28.1129048
            ],
            [
              85.2968911,
              28.11296
            ],
            [
              85.2968167,
              28.1130171
            ],
            [
              85.2967622,
              28.1129619
            ]
          ]
        ]
      }
    },
    {
      "type": "Feature",
      "properties": {
        "building_id": "NEPAL_OSM_BLD_265007617",
        "type": "yes",
        "name": "Building",
        "district": "Rasuwa",
        "country": "Nepal"
      },
      "geometry": {
        "type": "Polygon",
        "coordinates": [
          [
            [
              85.2968987,
              28.1129268
            ],
            [
              85.2968549,
              28.1128918
            ],
            [
              85.2969652,
              28.1127845
            ],
            [
              85.297009,
              28.1128195
            ],
            [
              85.2968987,
              28.1129268
            ]
          ]
        ]
      }
    },
    {
      "type": "Feature",
      "properties": {
        "building_id": "NEPAL_OSM_BLD_265007618",
        "type": "yes",
        "name": "Building",
        "district": "Rasuwa",
        "country": "Nepal"
      },
      "geometry": {
        "type": "Polygon",
        "coordinates": [
          [
            [
              85.2972432,
              28.1127865
            ],
            [
              85.2972115,
              28.1127418
            ],
            [
              85.2973321,
              28.1126753
            ],
            [
              85.2973637,
              28.1127199
            ],
            [
              85.2972432,
              28.1127865
            ]
          ]
        ]
      }
    },
    {
      "type": "Feature",
      "properties": {
        "building_id": "NEPAL_OSM_BLD_265007619",
        "type": "yes",
        "name": "Building",
        "district": "Rasuwa",
        "country": "Nepal"
      },
      "geometry": {
        "type": "Polygon",
        "coordinates": [
          [
            [
              85.2973143,
              28.1124352
            ],
            [
              85.2972728,
              28.1123783
            ],
            [
              85.297406,
              28.1123028
            ],
            [
              85.2974474,
              28.1123597
            ],
            [
              85.2973143,
              28.1124352
            ]
          ]
        ]
      }
    },
    {
      "type": "Feature",
      "properties": {
        "building_id": "NEPAL_OSM_BLD_265007620",
        "type": "yes",
        "name": "Building",
        "district": "Rasuwa",
        "country": "Nepal"
      },
      "geometry": {
        "type": "Polygon",
        "coordinates": [
          [
            [
              85.2967695,
              28.1131468
            ],
            [
              85.2967263,
              28.1130893
            ],
            [
              85.296808,
              28.1130417
            ],
            [
              85.2968511,
              28.1130993
            ],
            [
              85.2967695,
              28.1131468
            ]
          ]
        ]
      }
    },
    {
      "type": "Feature",
      "properties": {
        "building_id": "NEPAL_OSM_BLD_265007621",
        "type": "yes",
        "name": "Building",
        "district": "Rasuwa",
        "country": "Nepal"
      },
      "geometry": {
        "type": "Polygon",
        "coordinates": [
          [
            [
              85.2971238,
              28.1136065
            ],
            [
              85.2971844,
              28.1135411
            ],
            [
              85.2972398,
              28.113581
            ],
            [
              85.2972575,
              28.1135937
            ],
            [
              85.2971969,
              28.1136591
            ],
            [
              85.2971238,
              28.1136065
            ]
          ]
        ]
      }
    },
    {
      "type": "Feature",
      "properties": {
        "building_id": "NEPAL_OSM_BLD_265007622",
        "type": "yes",
        "name": "Building",
        "district": "Rasuwa",
        "country": "Nepal"
      },
      "geometry": {
        "type": "Polygon",
        "coordinates": [
          [
            [
              85.2965447,
              28.1135582
            ],
            [
              85.2965054,
              28.1134966
            ],
            [
              85.2965827,
              28.1134582
            ],
            [
              85.2966221,
              28.1135199
            ],
            [
              85.2965447,
              28.1135582
            ]
          ]
        ]
      }
    },
    {
      "type": "Feature",
      "properties": {
        "building_id": "NEPAL_OSM_BLD_265007624",
        "type": "yes",
        "name": "Building",
        "district": "Rasuwa",
        "country": "Nepal"
      },
      "geometry": {
        "type": "Polygon",
        "coordinates": [
          [
            [
              85.2967768,
              28.1134491
            ],
            [
              85.296744,
              28.1134079
            ],
            [
              85.2968019,
              28.1133721
            ],
            [
              85.2968346,
              28.1134133
            ],
            [
              85.2967768,
              28.1134491
            ]
          ]
        ]
      }
    },
    {
      "type": "Feature",
      "properties": {
        "building_id": "NEPAL_OSM_BLD_265007625",
        "type": "yes",
        "name": "Building",
        "district": "Rasuwa",
        "country": "Nepal"
      },
      "geometry": {
        "type": "Polygon",
        "coordinates": [
          [
            [
              85.2965895,
              28.1136232
            ],
            [
              85.2967003,
              28.1135568
            ],
            [
              85.2967358,
              28.1136028
            ],
            [
              85.2966249,
              28.1136693
            ],
            [
              85.2965895,
              28.1136232
            ]
          ]
        ]
      }
    },
    {
      "type": "Feature",
      "properties": {
        "building_id": "NEPAL_OSM_BLD_265008497",
        "type": "yes",
        "name": "Building",
        "district": "Rasuwa",
        "country": "Nepal"
      },
      "geometry": {
        "type": "Polygon",
        "coordinates": [
          [
            [
              85.2951478,
              28.1104562
            ],
            [
              85.2950874,
              28.1103508
            ],
            [
              85.2952673,
              28.1102707
            ],
            [
              85.2953276,
              28.110376
            ],
            [
              85.2951478,
              28.1104562
            ]
          ]
        ]
      }
    },
    {
      "type": "Feature",
      "properties": {
        "building_id": "NEPAL_OSM_BLD_265008498",
        "type": "yes",
        "name": "Building",
        "district": "Rasuwa",
        "country": "Nepal"
      },
      "geometry": {
        "type": "Polygon",
        "coordinates": [
          [
            [
              85.2938696,
              28.1104687
            ],
            [
              85.2939349,
              28.1103214
            ],
            [
              85.2940362,
              28.1103563
            ],
            [
              85.2939709,
              28.1105036
            ],
            [
              85.2938696,
              28.1104687
            ]
          ]
        ]
      }
    },
    {
      "type": "Feature",
      "properties": {
        "building_id": "NEPAL_OSM_BLD_265008499",
        "type": "yes",
        "name": "Building",
        "district": "Rasuwa",
        "country": "Nepal"
      },
      "geometry": {
        "type": "Polygon",
        "coordinates": [
          [
            [
              85.2943887,
              28.1105968
            ],
            [
              85.2943674,
              28.1105155
            ],
            [
              85.294505,
              28.1104875
            ],
            [
              85.2945263,
              28.1105688
            ],
            [
              85.2943887,
              28.1105968
            ]
          ]
        ]
      }
    },
    {
      "type": "Feature",
      "properties": {
        "building_id": "NEPAL_OSM_BLD_265008500",
        "type": "yes",
        "name": "Building",
        "district": "Rasuwa",
        "country": "Nepal"
      },
      "geometry": {
        "type": "Polygon",
        "coordinates": [
          [
            [
              85.2936928,
              28.1105104
            ],
            [
              85.2937318,
              28.1104528
            ],
            [
              85.2938696,
              28.1105255
            ],
            [
              85.2938305,
              28.1105831
            ],
            [
              85.2936928,
              28.1105104
            ]
          ]
        ]
      }
    },
    {
      "type": "Feature",
      "properties": {
        "building_id": "NEPAL_OSM_BLD_265008501",
        "type": "yes",
        "name": "Building",
        "district": "Rasuwa",
        "country": "Nepal"
      },
      "geometry": {
        "type": "Polygon",
        "coordinates": [
          [
            [
              85.294064,
              28.1106686
            ],
            [
              85.2939629,
              28.1105529
            ],
            [
              85.2940249,
              28.1105107
            ],
            [
              85.294126,
              28.1106264
            ],
            [
              85.294064,
              28.1106686
            ]
          ]
        ]
      }
    },
    {
      "type": "Feature",
      "properties": {
        "building_id": "NEPAL_OSM_BLD_265008502",
        "type": "yes",
        "name": "Building",
        "district": "Rasuwa",
        "country": "Nepal"
      },
      "geometry": {
        "type": "Polygon",
        "coordinates": [
          [
            [
              85.2939662,
              28.1107212
            ],
            [
              85.2940148,
              28.110676
            ],
            [
              85.2941206,
              28.1107644
            ],
            [
              85.2940719,
              28.1108097
            ],
            [
              85.2939662,
              28.1107212
            ]
          ]
        ]
      }
    },
    {
      "type": "Feature",
      "properties": {
        "building_id": "NEPAL_OSM_BLD_265008503",
        "type": "yes",
        "name": "Building",
        "district": "Rasuwa",
        "country": "Nepal"
      },
      "geometry": {
        "type": "Polygon",
        "coordinates": [
          [
            [
              85.2945173,
              28.1108616
            ],
            [
              85.2945143,
              28.1107751
            ],
            [
              85.2946665,
              28.1107709
            ],
            [
              85.2946695,
              28.1108575
            ],
            [
              85.2945173,
              28.1108616
            ]
          ]
        ]
      }
    },
    {
      "type": "Feature",
      "properties": {
        "building_id": "NEPAL_OSM_BLD_265008504",
        "type": "yes",
        "name": "Building",
        "district": "Rasuwa",
        "country": "Nepal"
      },
      "geometry": {
        "type": "Polygon",
        "coordinates": [
          [
            [
              85.2944371,
              28.1111006
            ],
            [
              85.2944337,
              28.1110055
            ],
            [
              85.2946725,
              28.1109988
            ],
            [
              85.294676,
              28.111095
            ],
            [
              85.2946097,
              28.1110968
            ],
            [
              85.2946107,
              28.111125
            ],
            [
              85.2945201,
              28.1111276
            ],
            [
              85.2945191,
              28.1110983
            ],
            [
              85.2944371,
              28.1111006
            ]
          ]
        ]
      }
    },
    {
      "type": "Feature",
      "properties": {
        "building_id": "NEPAL_OSM_BLD_265008505",
        "type": "yes",
        "name": "Building",
        "district": "Rasuwa",
        "country": "Nepal"
      },
      "geometry": {
        "type": "Polygon",
        "coordinates": [
          [
            [
              85.2941031,
              28.1102822
            ],
            [
              85.2941432,
              28.1102176
            ],
            [
              85.2944851,
              28.1103829
            ],
            [
              85.294445,
              28.1104474
            ],
            [
              85.2941031,
              28.1102822
            ]
          ]
        ]
      }
    },
    {
      "type": "Feature",
      "properties": {
        "building_id": "NEPAL_OSM_BLD_265008506",
        "type": "yes",
        "name": "Building",
        "district": "Rasuwa",
        "country": "Nepal"
      },
      "geometry": {
        "type": "Polygon",
        "coordinates": [
          [
            [
              85.2932736,
              28.1101475
            ],
            [
              85.2933701,
              28.1100647
            ],
            [
              85.2935562,
              28.1102333
            ],
            [
              85.2934497,
              28.1103247
            ],
            [
              85.2934004,
              28.11028
            ],
            [
              85.2934457,
              28.1102411
            ],
            [
              85.2933482,
              28.1101527
            ],
            [
              85.2933128,
              28.110183
            ],
            [
              85.2932736,
              28.1101475
            ]
          ]
        ]
      }
    },
    {
      "type": "Feature",
      "properties": {
        "building_id": "NEPAL_OSM_BLD_265008507",
        "type": "yes",
        "name": "Building",
        "district": "Rasuwa",
        "country": "Nepal"
      },
      "geometry": {
        "type": "Polygon",
        "coordinates": [
          [
            [
              85.2931693,
              28.1104834
            ],
            [
              85.2930962,
              28.1104266
            ],
            [
              85.2932008,
              28.110322
            ],
            [
              85.293395,
              28.1104731
            ],
            [
              85.2932927,
              28.1105755
            ],
            [
              85.2932406,
              28.110535
            ],
            [
              85.2932933,
              28.1104823
            ],
            [
              85.2932242,
              28.1104286
            ],
            [
              85.2931693,
              28.1104834
            ]
          ]
        ]
      }
    },
    {
      "type": "Feature",
      "properties": {
        "building_id": "NEPAL_OSM_BLD_265008508",
        "type": "yes",
        "name": "Building",
        "district": "Rasuwa",
        "country": "Nepal"
      },
      "geometry": {
        "type": "Polygon",
        "coordinates": [
          [
            [
              85.2936728,
              28.11039
            ],
            [
              85.2936019,
              28.1103283
            ],
            [
              85.2936883,
              28.1102511
            ],
            [
              85.2937591,
              28.1103128
            ],
            [
              85.2936728,
              28.11039
            ]
          ]
        ]
      }
    },
    {
      "type": "Feature",
      "properties": {
        "building_id": "NEPAL_OSM_BLD_265008509",
        "type": "yes",
        "name": "Building",
        "district": "Rasuwa",
        "country": "Nepal"
      },
      "geometry": {
        "type": "Polygon",
        "coordinates": [
          [
            [
              85.2957343,
              28.1113583
            ],
            [
              85.2956909,
              28.1112875
            ],
            [
              85.29575,
              28.1112593
            ],
            [
              85.2957935,
              28.1113301
            ],
            [
              85.2957343,
              28.1113583
            ]
          ]
        ]
      }
    },
    {
      "type": "Feature",
      "properties": {
        "building_id": "NEPAL_OSM_BLD_265008511",
        "type": "yes",
        "name": "Building",
        "district": "Rasuwa",
        "country": "Nepal"
      },
      "geometry": {
        "type": "Polygon",
        "coordinates": [
          [
            [
              85.2956733,
              28.1123039
            ],
            [
              85.2956525,
              28.1122269
            ],
            [
              85.29587,
              28.1121811
            ],
            [
              85.2958909,
              28.112258
            ],
            [
              85.2956733,
              28.1123039
            ]
          ]
        ]
      }
    },
    {
      "type": "Feature",
      "properties": {
        "building_id": "NEPAL_OSM_BLD_265008512",
        "type": "yes",
        "name": "Building",
        "district": "Rasuwa",
        "country": "Nepal"
      },
      "geometry": {
        "type": "Polygon",
        "coordinates": [
          [
            [
              85.2958856,
              28.1125637
            ],
            [
              85.295778,
              28.1124029
            ],
            [
              85.2958762,
              28.1123517
            ],
            [
              85.2959839,
              28.1125125
            ],
            [
              85.2958856,
              28.1125637
            ]
          ]
        ]
      }
    },
    {
      "type": "Feature",
      "properties": {
        "building_id": "NEPAL_OSM_BLD_265008513",
        "type": "yes",
        "name": "Building",
        "district": "Rasuwa",
        "country": "Nepal"
      },
      "geometry": {
        "type": "Polygon",
        "coordinates": [
          [
            [
              85.2961189,
              28.1125697
            ],
            [
              85.2960539,
              28.1124847
            ],
            [
              85.296129,
              28.11244
            ],
            [
              85.296194,
              28.1125251
            ],
            [
              85.2961189,
              28.1125697
            ]
          ]
        ]
      }
    },
    {
      "type": "Feature",
      "properties": {
        "building_id": "NEPAL_OSM_BLD_265008514",
        "type": "yes",
        "name": "Building",
        "district": "Rasuwa",
        "country": "Nepal"
      },
      "geometry": {
        "type": "Polygon",
        "coordinates": [
          [
            [
              85.2962369,
              28.1124854
            ],
            [
              85.2961631,
              28.1124145
            ],
            [
              85.2962123,
              28.1123747
            ],
            [
              85.2962861,
              28.1124456
            ],
            [
              85.2962369,
              28.1124854
            ]
          ]
        ]
      }
    },
    {
      "type": "Feature",
      "properties": {
        "building_id": "NEPAL_OSM_BLD_265008515",
        "type": "yes",
        "name": "Building",
        "district": "Rasuwa",
        "country": "Nepal"
      },
      "geometry": {
        "type": "Polygon",
        "coordinates": [
          [
            [
              85.2959096,
              28.1126625
            ],
            [
              85.2958704,
              28.1125874
            ],
            [
              85.2959697,
              28.112547
            ],
            [
              85.2960089,
              28.1126221
            ],
            [
              85.2959096,
              28.1126625
            ]
          ]
        ]
      }
    },
    {
      "type": "Feature",
      "properties": {
        "building_id": "NEPAL_OSM_BLD_265008516",
        "type": "yes",
        "name": "Building",
        "district": "Rasuwa",
        "country": "Nepal"
      },
      "geometry": {
        "type": "Polygon",
        "coordinates": [
          [
            [
              85.2948459,
              28.1129012
            ],
            [
              85.294879,
              28.1127539
            ],
            [
              85.2949092,
              28.1127592
            ],
            [
              85.2950291,
              28.1127803
            ],
            [
              85.2949959,
              28.1129275
            ],
            [
              85.2949775,
              28.1129243
            ],
            [
              85.2948459,
              28.1129012
            ]
          ]
        ]
      }
    },
    {
      "type": "Feature",
      "properties": {
        "building_id": "NEPAL_OSM_BLD_265008517",
        "type": "yes",
        "name": "Building",
        "district": "Rasuwa",
        "country": "Nepal"
      },
      "geometry": {
        "type": "Polygon",
        "coordinates": [
          [
            [
              85.2951864,
              28.1130834
            ],
            [
              85.295126,
              28.1129797
            ],
            [
              85.2952394,
              28.1129283
            ],
            [
              85.2952998,
              28.1130321
            ],
            [
              85.2951864,
              28.1130834
            ]
          ]
        ]
      }
    },
    {
      "type": "Feature",
      "properties": {
        "building_id": "NEPAL_OSM_BLD_265008518",
        "type": "yes",
        "name": "Building",
        "district": "Rasuwa",
        "country": "Nepal"
      },
      "geometry": {
        "type": "Polygon",
        "coordinates": [
          [
            [
              85.2951419,
              28.1129216
            ],
            [
              85.2951042,
              28.1128448
            ],
            [
              85.2952514,
              28.1127886
            ],
            [
              85.2952891,
              28.1128654
            ],
            [
              85.2951419,
              28.1129216
            ]
          ]
        ]
      }
    },
    {
      "type": "Feature",
      "properties": {
        "building_id": "NEPAL_OSM_BLD_265008519",
        "type": "yes",
        "name": "Building",
        "district": "Rasuwa",
        "country": "Nepal"
      },
      "geometry": {
        "type": "Polygon",
        "coordinates": [
          [
            [
              85.2952996,
              28.1128065
            ],
            [
              85.2952464,
              28.1126838
            ],
            [
              85.2954145,
              28.1126273
            ],
            [
              85.2954427,
              28.1126924
            ],
            [
              85.2954238,
              28.1126988
            ],
            [
              85.2954487,
              28.1127563
            ],
            [
              85.2952996,
              28.1128065
            ]
          ]
        ]
      }
    },
    {
      "type": "Feature",
      "properties": {
        "building_id": "NEPAL_OSM_BLD_265008520",
        "type": "yes",
        "name": "Building",
        "district": "Rasuwa",
        "country": "Nepal"
      },
      "geometry": {
        "type": "Polygon",
        "coordinates": [
          [
            [
              85.295318,
              28.1132671
            ],
            [
              85.2952673,
              28.1131553
            ],
            [
              85.2954269,
              28.1130988
            ],
            [
              85.2954674,
              28.1131877
            ],
            [
              85.2953983,
              28.1132121
            ],
            [
              85.2954087,
              28.113235
            ],
            [
              85.295318,
              28.1132671
            ]
          ]
        ]
      }
    },
    {
      "type": "Feature",
      "properties": {
        "building_id": "NEPAL_OSM_BLD_265008521",
        "type": "yes",
        "name": "Building",
        "district": "Rasuwa",
        "country": "Nepal"
      },
      "geometry": {
        "type": "Polygon",
        "coordinates": [
          [
            [
              85.2955562,
              28.1131169
            ],
            [
              85.2955096,
              28.1130465
            ],
            [
              85.2956397,
              28.1129795
            ],
            [
              85.2956863,
              28.1130499
            ],
            [
              85.2955562,
              28.1131169
            ]
          ]
        ]
      }
    },
    {
      "type": "Feature",
      "properties": {
        "building_id": "NEPAL_OSM_BLD_265008523",
        "type": "yes",
        "name": "Building",
        "district": "Rasuwa",
        "country": "Nepal"
      },
      "geometry": {
        "type": "Polygon",
        "coordinates": [
          [
            [
              85.2947361,
              28.1130187
            ],
            [
              85.2947898,
              28.1129315
            ],
            [
              85.2948599,
              28.1129651
            ],
            [
              85.2948062,
              28.1130523
            ],
            [
              85.2947361,
              28.1130187
            ]
          ]
        ]
      }
    },
    {
      "type": "Feature",
      "properties": {
        "building_id": "NEPAL_OSM_BLD_265008524",
        "type": "yes",
        "name": "Building",
        "district": "Rasuwa",
        "country": "Nepal"
      },
      "geometry": {
        "type": "Polygon",
        "coordinates": [
          [
            [
              85.2946438,
              28.1129798
            ],
            [
              85.2946917,
              28.1128993
            ],
            [
              85.2947727,
              28.1129368
            ],
            [
              85.2947247,
              28.1130173
            ],
            [
              85.2946438,
              28.1129798
            ]
          ]
        ]
      }
    },
    {
      "type": "Feature",
      "properties": {
        "building_id": "NEPAL_OSM_BLD_265008526",
        "type": "yes",
        "name": "Building",
        "district": "Rasuwa",
        "country": "Nepal"
      },
      "geometry": {
        "type": "Polygon",
        "coordinates": [
          [
            [
              85.2947722,
              28.1132355
            ],
            [
              85.2946779,
              28.113194
            ],
            [
              85.2947311,
              28.1131002
            ],
            [
              85.2948254,
              28.1131417
            ],
            [
              85.2947722,
              28.1132355
            ]
          ]
        ]
      }
    },
    {
      "type": "Feature",
      "properties": {
        "building_id": "NEPAL_OSM_BLD_265008528",
        "type": "yes",
        "name": "Building",
        "district": "Rasuwa",
        "country": "Nepal"
      },
      "geometry": {
        "type": "Polygon",
        "coordinates": [
          [
            [
              85.2974972,
              28.1113744
            ],
            [
              85.2974337,
              28.1113027
            ],
            [
              85.2975037,
              28.1112545
            ],
            [
              85.2975672,
              28.1113262
            ],
            [
              85.2974972,
              28.1113744
            ]
          ]
        ]
      }
    },
    {
      "type": "Feature",
      "properties": {
        "building_id": "NEPAL_OSM_BLD_265008529",
        "type": "yes",
        "name": "Building",
        "district": "Rasuwa",
        "country": "Nepal"
      },
      "geometry": {
        "type": "Polygon",
        "coordinates": [
          [
            [
              85.2965915,
              28.1111309
            ],
            [
              85.2965557,
              28.11103
            ],
            [
              85.2966903,
              28.1109928
            ],
            [
              85.2967261,
              28.1110937
            ],
            [
              85.2965915,
              28.1111309
            ]
          ]
        ]
      }
    },
    {
      "type": "Feature",
      "properties": {
        "building_id": "NEPAL_OSM_BLD_265008530",
        "type": "yes",
        "name": "Building",
        "district": "Rasuwa",
        "country": "Nepal"
      },
      "geometry": {
        "type": "Polygon",
        "coordinates": [
          [
            [
              85.2979218,
              28.111529
            ],
            [
              85.2978872,
              28.1114449
            ],
            [
              85.2979863,
              28.1114131
            ],
            [
              85.2980209,
              28.1114972
            ],
            [
              85.2979218,
              28.111529
            ]
          ]
        ]
      }
    },
    {
      "type": "Feature",
      "properties": {
        "building_id": "NEPAL_OSM_BLD_265008531",
        "type": "yes",
        "name": "Building",
        "district": "Rasuwa",
        "country": "Nepal"
      },
      "geometry": {
        "type": "Polygon",
        "coordinates": [
          [
            [
              85.2980311,
              28.1114904
            ],
            [
              85.2980019,
              28.1114156
            ],
            [
              85.2981284,
              28.1113773
            ],
            [
              85.2981575,
              28.1114521
            ],
            [
              85.2980311,
              28.1114904
            ]
          ]
        ]
      }
    },
    {
      "type": "Feature",
      "properties": {
        "building_id": "NEPAL_OSM_BLD_265008532",
        "type": "yes",
        "name": "Building",
        "district": "Rasuwa",
        "country": "Nepal"
      },
      "geometry": {
        "type": "Polygon",
        "coordinates": [
          [
            [
              85.2973808,
              28.111728
            ],
            [
              85.2973198,
              28.1116029
            ],
            [
              85.2974299,
              28.1115612
            ],
            [
              85.2974908,
              28.1116862
            ],
            [
              85.2973808,
              28.111728
            ]
          ]
        ]
      }
    },
    {
      "type": "Feature",
      "properties": {
        "building_id": "NEPAL_OSM_BLD_265008533",
        "type": "yes",
        "name": "Building",
        "district": "Rasuwa",
        "country": "Nepal"
      },
      "geometry": {
        "type": "Polygon",
        "coordinates": [
          [
            [
              85.2966927,
              28.1121654
            ],
            [
              85.2966169,
              28.1120919
            ],
            [
              85.2966793,
              28.1120419
            ],
            [
              85.2967551,
              28.1121154
            ],
            [
              85.2966927,
              28.1121654
            ]
          ]
        ]
      }
    },
    {
      "type": "Feature",
      "properties": {
        "building_id": "NEPAL_OSM_BLD_265008534",
        "type": "yes",
        "name": "Building",
        "district": "Rasuwa",
        "country": "Nepal"
      },
      "geometry": {
        "type": "Polygon",
        "coordinates": [
          [
            [
              85.2964846,
              28.1127253
            ],
            [
              85.2963995,
              28.1126385
            ],
            [
              85.2964696,
              28.112585
            ],
            [
              85.2965547,
              28.1126718
            ],
            [
              85.2964846,
              28.1127253
            ]
          ]
        ]
      }
    },
    {
      "type": "Feature",
      "properties": {
        "building_id": "NEPAL_OSM_BLD_265008535",
        "type": "yes",
        "name": "Building",
        "district": "Rasuwa",
        "country": "Nepal"
      },
      "geometry": {
        "type": "Polygon",
        "coordinates": [
          [
            [
              85.2962886,
              28.1127521
            ],
            [
              85.2962133,
              28.1126507
            ],
            [
              85.2963007,
              28.1126002
            ],
            [
              85.296376,
              28.1127016
            ],
            [
              85.2962886,
              28.1127521
            ]
          ]
        ]
      }
    },
    {
      "type": "Feature",
      "properties": {
        "building_id": "NEPAL_OSM_BLD_265008536",
        "type": "yes",
        "name": "Building",
        "district": "Rasuwa",
        "country": "Nepal"
      },
      "geometry": {
        "type": "Polygon",
        "coordinates": [
          [
            [
              85.2963231,
              28.1134898
            ],
            [
              85.2964004,
              28.113446
            ],
            [
              85.2964384,
              28.1134981
            ],
            [
              85.296361,
              28.1135419
            ],
            [
              85.2963231,
              28.1134898
            ]
          ]
        ]
      }
    },
    {
      "type": "Feature",
      "properties": {
        "building_id": "NEPAL_OSM_BLD_265008538",
        "type": "yes",
        "name": "Building",
        "district": "Rasuwa",
        "country": "Nepal"
      },
      "geometry": {
        "type": "Polygon",
        "coordinates": [
          [
            [
              85.2954975,
              28.1134796
            ],
            [
              85.2954954,
              28.1134599
            ],
            [
              85.295586,
              28.1134525
            ],
            [
              85.2955953,
              28.1135403
            ],
            [
              85.2955046,
              28.1135477
            ],
            [
              85.2954975,
              28.1134796
            ]
          ]
        ]
      }
    },
    {
      "type": "Feature",
      "properties": {
        "building_id": "NEPAL_OSM_BLD_265008539",
        "type": "yes",
        "name": "Building",
        "district": "Rasuwa",
        "country": "Nepal"
      },
      "geometry": {
        "type": "Polygon",
        "coordinates": [
          [
            [
              85.2964701,
              28.1133544
            ],
            [
              85.2965357,
              28.1132977
            ],
            [
              85.2965749,
              28.113333
            ],
            [
              85.2965093,
              28.1133897
            ],
            [
              85.2964701,
              28.1133544
            ]
          ]
        ]
      }
    },
    {
      "type": "Feature",
      "properties": {
        "building_id": "NEPAL_OSM_BLD_265008540",
        "type": "yes",
        "name": "Building",
        "district": "Rasuwa",
        "country": "Nepal"
      },
      "geometry": {
        "type": "Polygon",
        "coordinates": [
          [
            [
              85.2966415,
              28.1134057
            ],
            [
              85.2965806,
              28.1133209
            ],
            [
              85.2965962,
              28.1133121
            ],
            [
              85.2965538,
              28.1132531
            ],
            [
              85.296614,
              28.1132195
            ],
            [
              85.296691,
              28.1133267
            ],
            [
              85.2966655,
              28.1133409
            ],
            [
              85.2966918,
              28.1133776
            ],
            [
              85.2966415,
              28.1134057
            ]
          ]
        ]
      }
    },
    {
      "type": "Feature",
      "properties": {
        "building_id": "NEPAL_OSM_BLD_265008541",
        "type": "yes",
        "name": "Building",
        "district": "Rasuwa",
        "country": "Nepal"
      },
      "geometry": {
        "type": "Polygon",
        "coordinates": [
          [
            [
              85.2959447,
              28.1138187
            ],
            [
              85.2960135,
              28.1137549
            ],
            [
              85.2960555,
              28.11379
            ],
            [
              85.2959867,
              28.1138538
            ],
            [
              85.2959447,
              28.1138187
            ]
          ]
        ]
      }
    },
    {
      "type": "Feature",
      "properties": {
        "building_id": "NEPAL_OSM_BLD_265008542",
        "type": "yes",
        "name": "Building",
        "district": "Rasuwa",
        "country": "Nepal"
      },
      "geometry": {
        "type": "Polygon",
        "coordinates": [
          [
            [
              85.2961581,
              28.1133337
            ],
            [
              85.2961138,
              28.1132906
            ],
            [
              85.2961825,
              28.1132356
            ],
            [
              85.2962268,
              28.1132787
            ],
            [
              85.2961581,
              28.1133337
            ]
          ]
        ]
      }
    },
    {
      "type": "Feature",
      "properties": {
        "building_id": "NEPAL_OSM_BLD_265008543",
        "type": "yes",
        "name": "Building",
        "district": "Rasuwa",
        "country": "Nepal"
      },
      "geometry": {
        "type": "Polygon",
        "coordinates": [
          [
            [
              85.2962859,
              28.1132754
            ],
            [
              85.2962228,
              28.1133094
            ],
            [
              85.2962638,
              28.1133686
            ],
            [
              85.2963269,
              28.1133347
            ],
            [
              85.2962859,
              28.1132754
            ]
          ]
        ]
      }
    },
    {
      "type": "Feature",
      "properties": {
        "building_id": "NEPAL_OSM_BLD_265008544",
        "type": "yes",
        "name": "Building",
        "district": "Rasuwa",
        "country": "Nepal"
      },
      "geometry": {
        "type": "Polygon",
        "coordinates": [
          [
            [
              85.2980865,
              28.1117627
            ],
            [
              85.2980825,
              28.1116848
            ],
            [
              85.2982162,
              28.1116795
            ],
            [
              85.2982201,
              28.1117574
            ],
            [
              85.2980865,
              28.1117627
            ]
          ]
        ]
      }
    },
    {
      "type": "Feature",
      "properties": {
        "building_id": "NEPAL_OSM_BLD_265008545",
        "type": "yes",
        "name": "Building",
        "district": "Rasuwa",
        "country": "Nepal"
      },
      "geometry": {
        "type": "Polygon",
        "coordinates": [
          [
            [
              85.3005314,
              28.1095268
            ],
            [
              85.3005513,
              28.1094452
            ],
            [
              85.3006387,
              28.1094617
            ],
            [
              85.3006189,
              28.1095433
            ],
            [
              85.3005314,
              28.1095268
            ]
          ]
        ]
      }
    },
    {
      "type": "Feature",
      "properties": {
        "building_id": "NEPAL_OSM_BLD_265008546",
        "type": "yes",
        "name": "Building",
        "district": "Rasuwa",
        "country": "Nepal"
      },
      "geometry": {
        "type": "Polygon",
        "coordinates": [
          [
            [
              85.3018704,
              28.1093471
            ],
            [
              85.3018259,
              28.1092836
            ],
            [
              85.3019038,
              28.1092412
            ],
            [
              85.3019482,
              28.1093047
            ],
            [
              85.3018704,
              28.1093471
            ]
          ]
        ]
      }
    },
    {
      "type": "Feature",
      "properties": {
        "building_id": "NEPAL_OSM_BLD_265008547",
        "type": "yes",
        "name": "Building",
        "district": "Rasuwa",
        "country": "Nepal"
      },
      "geometry": {
        "type": "Polygon",
        "coordinates": [
          [
            [
              85.3011499,
              28.1083863
            ],
            [
              85.3010073,
              28.1084295
            ],
            [
              85.3010369,
              28.1085056
            ],
            [
              85.3010853,
              28.108491
            ],
            [
              85.3010715,
              28.1084557
            ],
            [
              85.3011658,
              28.1084272
            ],
            [
              85.3011499,
              28.1083863
            ]
          ]
        ]
      }
    },
    {
      "type": "Feature",
      "properties": {
        "building_id": "NEPAL_OSM_BLD_265008548",
        "type": "yes",
        "name": "Building",
        "district": "Rasuwa",
        "country": "Nepal"
      },
      "geometry": {
        "type": "Polygon",
        "coordinates": [
          [
            [
              85.3007309,
              28.1075507
            ],
            [
              85.3007337,
              28.1075194
            ],
            [
              85.3007944,
              28.1075238
            ],
            [
              85.3007916,
              28.107555
            ],
            [
              85.3007309,
              28.1075507
            ]
          ]
        ]
      }
    },
    {
      "type": "Feature",
      "properties": {
        "building_id": "NEPAL_OSM_BLD_265008549",
        "type": "yes",
        "name": "Building",
        "district": "Rasuwa",
        "country": "Nepal"
      },
      "geometry": {
        "type": "Polygon",
        "coordinates": [
          [
            [
              85.301539,
              28.1080885
            ],
            [
              85.3015415,
              28.108047
            ],
            [
              85.3015978,
              28.1080496
            ],
            [
              85.3015953,
              28.1080911
            ],
            [
              85.301539,
              28.1080885
            ]
          ]
        ]
      }
    },
    {
      "type": "Feature",
      "properties": {
        "building_id": "NEPAL_OSM_BLD_265008550",
        "type": "yes",
        "name": "Building",
        "district": "Rasuwa",
        "country": "Nepal"
      },
      "geometry": {
        "type": "Polygon",
        "coordinates": [
          [
            [
              85.3005917,
              28.108873
            ],
            [
              85.3006051,
              28.1088328
            ],
            [
              85.3006943,
              28.108856
            ],
            [
              85.3006808,
              28.1088962
            ],
            [
              85.3005917,
              28.108873
            ]
          ]
        ]
      }
    },
    {
      "type": "Feature",
      "properties": {
        "building_id": "NEPAL_OSM_BLD_265008551",
        "type": "yes",
        "name": "NMB Bank",
        "district": "Rasuwa",
        "country": "Nepal"
      },
      "geometry": {
        "type": "Polygon",
        "coordinates": [
          [
            [
              85.2976429,
              28.1116243
            ],
            [
              85.2976015,
              28.1115372
            ],
            [
              85.2977284,
              28.1114903
            ],
            [
              85.2977698,
              28.1115773
            ],
            [
              85.2976429,
              28.1116243
            ]
          ]
        ]
      }
    },
    {
      "type": "Feature",
      "properties": {
        "building_id": "NEPAL_OSM_BLD_265080668",
        "type": "yes",
        "name": "Building",
        "district": "Rasuwa",
        "country": "Nepal"
      },
      "geometry": {
        "type": "Polygon",
        "coordinates": [
          [
            [
              85.2893691,
              28.1089571
            ],
            [
              85.2893817,
              28.1088923
            ],
            [
              85.2894737,
              28.1089062
            ],
            [
              85.2894611,
              28.108971
            ],
            [
              85.2893691,
              28.1089571
            ]
          ]
        ]
      }
    },
    {
      "type": "Feature",
      "properties": {
        "building_id": "NEPAL_OSM_BLD_265080669",
        "type": "yes",
        "name": "Building",
        "district": "Rasuwa",
        "country": "Nepal"
      },
      "geometry": {
        "type": "Polygon",
        "coordinates": [
          [
            [
              85.2895787,
              28.1086413
            ],
            [
              85.2896186,
              28.1085936
            ],
            [
              85.2897591,
              28.108685
            ],
            [
              85.2897192,
              28.1087327
            ],
            [
              85.2895787,
              28.1086413
            ]
          ]
        ]
      }
    },
    {
      "type": "Feature",
      "properties": {
        "building_id": "NEPAL_OSM_BLD_265080670",
        "type": "yes",
        "name": "Building",
        "district": "Rasuwa",
        "country": "Nepal"
      },
      "geometry": {
        "type": "Polygon",
        "coordinates": [
          [
            [
              85.2881662,
              28.1075647
            ],
            [
              85.2881748,
              28.1075003
            ],
            [
              85.2882969,
              28.107513
            ],
            [
              85.2882883,
              28.1075773
            ],
            [
              85.2881662,
              28.1075647
            ]
          ]
        ]
      }
    },
    {
      "type": "Feature",
      "properties": {
        "building_id": "NEPAL_OSM_BLD_265080671",
        "type": "yes",
        "name": "Building",
        "district": "Rasuwa",
        "country": "Nepal"
      },
      "geometry": {
        "type": "Polygon",
        "coordinates": [
          [
            [
              85.2883967,
              28.1070287
            ],
            [
              85.2884515,
              28.1069526
            ],
            [
              85.2885905,
              28.1070305
            ],
            [
              85.2885357,
              28.1071066
            ],
            [
              85.2883967,
              28.1070287
            ]
          ]
        ]
      }
    },
    {
      "type": "Feature",
      "properties": {
        "building_id": "NEPAL_OSM_BLD_265080672",
        "type": "yes",
        "name": "Building",
        "district": "Rasuwa",
        "country": "Nepal"
      },
      "geometry": {
        "type": "Polygon",
        "coordinates": [
          [
            [
              85.2877984,
              28.107082
            ],
            [
              85.2877991,
              28.107007
            ],
            [
              85.2879216,
              28.107008
            ],
            [
              85.2879208,
              28.107083
            ],
            [
              85.2877984,
              28.107082
            ]
          ]
        ]
      }
    },
    {
      "type": "Feature",
      "properties": {
        "building_id": "NEPAL_OSM_BLD_265080673",
        "type": "yes",
        "name": "Building",
        "district": "Rasuwa",
        "country": "Nepal"
      },
      "geometry": {
        "type": "Polygon",
        "coordinates": [
          [
            [
              85.2882351,
              28.1070258
            ],
            [
              85.2882631,
              28.10698
            ],
            [
              85.2883624,
              28.1070272
            ],
            [
              85.2883343,
              28.1070731
            ],
            [
              85.2882351,
              28.1070258
            ]
          ]
        ]
      }
    },
    {
      "type": "Feature",
      "properties": {
        "building_id": "NEPAL_OSM_BLD_265080675",
        "type": "yes",
        "name": "Building",
        "district": "Rasuwa",
        "country": "Nepal"
      },
      "geometry": {
        "type": "Polygon",
        "coordinates": [
          [
            [
              85.2761771,
              28.0902702
            ],
            [
              85.2761945,
              28.090195
            ],
            [
              85.2762627,
              28.0902073
            ],
            [
              85.2762454,
              28.0902825
            ],
            [
              85.2761771,
              28.0902702
            ]
          ]
        ]
      }
    },
    {
      "type": "Feature",
      "properties": {
        "building_id": "NEPAL_OSM_BLD_265080676",
        "type": "yes",
        "name": "Building",
        "district": "Rasuwa",
        "country": "Nepal"
      },
      "geometry": {
        "type": "Polygon",
        "coordinates": [
          [
            [
              85.2761972,
              28.0901758
            ],
            [
              85.2762135,
              28.0900932
            ],
            [
              85.2762854,
              28.0901042
            ],
            [
              85.2762691,
              28.0901868
            ],
            [
              85.2761972,
              28.0901758
            ]
          ]
        ]
      }
    },
    {
      "type": "Feature",
      "properties": {
        "building_id": "NEPAL_OSM_BLD_265080677",
        "type": "yes",
        "name": "Building",
        "district": "Rasuwa",
        "country": "Nepal"
      },
      "geometry": {
        "type": "Polygon",
        "coordinates": [
          [
            [
              85.2763376,
              28.0899034
            ],
            [
              85.2763581,
              28.0898079
            ],
            [
              85.2764275,
              28.0898195
            ],
            [
              85.276407,
              28.089915
            ],
            [
              85.2763376,
              28.0899034
            ]
          ]
        ]
      }
    },
    {
      "type": "Feature",
      "properties": {
        "building_id": "NEPAL_OSM_BLD_265080678",
        "type": "yes",
        "name": "Building",
        "district": "Rasuwa",
        "country": "Nepal"
      },
      "geometry": {
        "type": "Polygon",
        "coordinates": [
          [
            [
              85.276041,
              28.0900716
            ],
            [
              85.276041,
              28.0900071
            ],
            [
              85.2760999,
              28.0900071
            ],
            [
              85.2760999,
              28.0900716
            ],
            [
              85.276041,
              28.0900716
            ]
          ]
        ]
      }
    },
    {
      "type": "Feature",
      "properties": {
        "building_id": "NEPAL_OSM_BLD_265080679",
        "type": "yes",
        "name": "Building",
        "district": "Rasuwa",
        "country": "Nepal"
      },
      "geometry": {
        "type": "Polygon",
        "coordinates": [
          [
            [
              85.2760323,
              28.0899704
            ],
            [
              85.2760643,
              28.0898845
            ],
            [
              85.2761495,
              28.0899092
            ],
            [
              85.2761174,
              28.0899951
            ],
            [
              85.2760323,
              28.0899704
            ]
          ]
        ]
      }
    },
    {
      "type": "Feature",
      "properties": {
        "building_id": "NEPAL_OSM_BLD_265080680",
        "type": "yes",
        "name": "Building",
        "district": "Rasuwa",
        "country": "Nepal"
      },
      "geometry": {
        "type": "Polygon",
        "coordinates": [
          [
            [
              85.2760923,
              28.0898772
            ],
            [
              85.2761224,
              28.0897986
            ],
            [
              85.2761965,
              28.0898207
            ],
            [
              85.2761664,
              28.0898993
            ],
            [
              85.2760923,
              28.0898772
            ]
          ]
        ]
      }
    },
    {
      "type": "Feature",
      "properties": {
        "building_id": "NEPAL_OSM_BLD_265080681",
        "type": "yes",
        "name": "Building",
        "district": "Rasuwa",
        "country": "Nepal"
      },
      "geometry": {
        "type": "Polygon",
        "coordinates": [
          [
            [
              85.2762925,
              28.0901088
            ],
            [
              85.2763064,
              28.0900574
            ],
            [
              85.2764089,
              28.090079
            ],
            [
              85.276395,
              28.0901304
            ],
            [
              85.2762925,
              28.0901088
            ]
          ]
        ]
      }
    },
    {
      "type": "Feature",
      "properties": {
        "building_id": "NEPAL_OSM_BLD_265080682",
        "type": "yes",
        "name": "Building",
        "district": "Rasuwa",
        "country": "Nepal"
      },
      "geometry": {
        "type": "Polygon",
        "coordinates": [
          [
            [
              85.2759713,
              28.0907458
            ],
            [
              85.2759847,
              28.090678
            ],
            [
              85.276059,
              28.0906894
            ],
            [
              85.2760456,
              28.0907572
            ],
            [
              85.2759713,
              28.0907458
            ]
          ]
        ]
      }
    },
    {
      "type": "Feature",
      "properties": {
        "building_id": "NEPAL_OSM_BLD_265080683",
        "type": "yes",
        "name": "Building",
        "district": "Rasuwa",
        "country": "Nepal"
      },
      "geometry": {
        "type": "Polygon",
        "coordinates": [
          [
            [
              85.2434358,
              28.076921
            ],
            [
              85.2434503,
              28.0768498
            ],
            [
              85.2435506,
              28.0768656
            ],
            [
              85.2435362,
              28.0769368
            ],
            [
              85.2434358,
              28.076921
            ]
          ]
        ]
      }
    },
    {
      "type": "Feature",
      "properties": {
        "building_id": "NEPAL_OSM_BLD_265080684",
        "type": "retail",
        "name": "Building",
        "district": "Rasuwa",
        "country": "Nepal"
      },
      "geometry": {
        "type": "Polygon",
        "coordinates": [
          [
            [
              85.2434353,
              28.0769677
            ],
            [
              85.2434587,
              28.076928
            ],
            [
              85.2435206,
              28.0769564
            ],
            [
              85.2434972,
              28.0769961
            ],
            [
              85.2434353,
              28.0769677
            ]
          ]
        ]
      }
    },
    {
      "type": "Feature",
      "properties": {
        "building_id": "NEPAL_OSM_BLD_265080685",
        "type": "house",
        "name": "Building",
        "district": "Rasuwa",
        "country": "Nepal"
      },
      "geometry": {
        "type": "Polygon",
        "coordinates": [
          [
            [
              85.2432728,
              28.0772425
            ],
            [
              85.2432972,
              28.0771681
            ],
            [
              85.2433565,
              28.0771833
            ],
            [
              85.2433321,
              28.0772577
            ],
            [
              85.2432728,
              28.0772425
            ]
          ]
        ]
      }
    },
    {
      "type": "Feature",
      "properties": {
        "building_id": "NEPAL_OSM_BLD_265080686",
        "type": "yes",
        "name": "Building",
        "district": "Rasuwa",
        "country": "Nepal"
      },
      "geometry": {
        "type": "Polygon",
        "coordinates": [
          [
            [
              85.2434326,
              28.0772702
            ],
            [
              85.2434547,
              28.0772254
            ],
            [
              85.2435075,
              28.0772457
            ],
            [
              85.2434853,
              28.0772905
            ],
            [
              85.2434326,
              28.0772702
            ]
          ]
        ]
      }
    },
    {
      "type": "Feature",
      "properties": {
        "building_id": "NEPAL_OSM_BLD_265080687",
        "type": "yes",
        "name": "Building",
        "district": "Rasuwa",
        "country": "Nepal"
      },
      "geometry": {
        "type": "Polygon",
        "coordinates": [
          [
            [
              85.243634,
              28.0768605
            ],
            [
              85.2436313,
              28.0767963
            ],
            [
              85.2437144,
              28.0767936
            ],
            [
              85.2437172,
              28.0768578
            ],
            [
              85.243634,
              28.0768605
            ]
          ]
        ]
      }
    },
    {
      "type": "Feature",
      "properties": {
        "building_id": "NEPAL_OSM_BLD_265080688",
        "type": "yes",
        "name": "Building",
        "district": "Rasuwa",
        "country": "Nepal"
      },
      "geometry": {
        "type": "Polygon",
        "coordinates": [
          [
            [
              85.2434611,
              28.0767437
            ],
            [
              85.2434555,
              28.0766563
            ],
            [
              85.2435386,
              28.0766522
            ],
            [
              85.2435441,
              28.0767396
            ],
            [
              85.2434611,
              28.0767437
            ]
          ]
        ]
      }
    },
    {
      "type": "Feature",
      "properties": {
        "building_id": "NEPAL_OSM_BLD_265080689",
        "type": "yes",
        "name": "Building",
        "district": "Rasuwa",
        "country": "Nepal"
      },
      "geometry": {
        "type": "Polygon",
        "coordinates": [
          [
            [
              85.243612,
              28.0765236
            ],
            [
              85.2436072,
              28.0764511
            ],
            [
              85.2436859,
              28.076447
            ],
            [
              85.2436907,
              28.0765195
            ],
            [
              85.243612,
              28.0765236
            ]
          ]
        ]
      }
    },
    {
      "type": "Feature",
      "properties": {
        "building_id": "NEPAL_OSM_BLD_265080690",
        "type": "yes",
        "name": "Building",
        "district": "Rasuwa",
        "country": "Nepal"
      },
      "geometry": {
        "type": "Polygon",
        "coordinates": [
          [
            [
              85.2440014,
              28.0763868
            ],
            [
              85.2439873,
              28.0763268
            ],
            [
              85.2440461,
              28.0763161
            ],
            [
              85.2440602,
              28.0763761
            ],
            [
              85.2440014,
              28.0763868
            ]
          ]
        ]
      }
    },
    {
      "type": "Feature",
      "properties": {
        "building_id": "NEPAL_OSM_BLD_265080691",
        "type": "yes",
        "name": "Building",
        "district": "Rasuwa",
        "country": "Nepal"
      },
      "geometry": {
        "type": "Polygon",
        "coordinates": [
          [
            [
              85.2442047,
              28.0770957
            ],
            [
              85.2442486,
              28.0770576
            ],
            [
              85.2443571,
              28.0771548
            ],
            [
              85.2443133,
              28.0771928
            ],
            [
              85.2442047,
              28.0770957
            ]
          ]
        ]
      }
    },
    {
      "type": "Feature",
      "properties": {
        "building_id": "NEPAL_OSM_BLD_265080692",
        "type": "yes",
        "name": "Building",
        "district": "Rasuwa",
        "country": "Nepal"
      },
      "geometry": {
        "type": "Polygon",
        "coordinates": [
          [
            [
              85.2443974,
              28.0770742
            ],
            [
              85.2443511,
              28.0771163
            ],
            [
              85.2444279,
              28.0771822
            ],
            [
              85.2444742,
              28.0771401
            ],
            [
              85.2443974,
              28.0770742
            ]
          ]
        ]
      }
    },
    {
      "type": "Feature",
      "properties": {
        "building_id": "NEPAL_OSM_BLD_265080693",
        "type": "yes",
        "name": "Building",
        "district": "Rasuwa",
        "country": "Nepal"
      },
      "geometry": {
        "type": "Polygon",
        "coordinates": [
          [
            [
              85.2442189,
              28.0774173
            ],
            [
              85.2442531,
              28.0773545
            ],
            [
              85.2445273,
              28.0774708
            ],
            [
              85.244493,
              28.0775337
            ],
            [
              85.2442189,
              28.0774173
            ]
          ]
        ]
      }
    },
    {
      "type": "Feature",
      "properties": {
        "building_id": "NEPAL_OSM_BLD_265080694",
        "type": "yes",
        "name": "Building",
        "district": "Rasuwa",
        "country": "Nepal"
      },
      "geometry": {
        "type": "Polygon",
        "coordinates": [
          [
            [
              85.2437562,
              28.0777176
            ],
            [
              85.2437574,
              28.0776636
            ],
            [
              85.2439339,
              28.0776667
            ],
            [
              85.2439326,
              28.0777207
            ],
            [
              85.2437562,
              28.0777176
            ]
          ]
        ]
      }
    },
    {
      "type": "Feature",
      "properties": {
        "building_id": "NEPAL_OSM_BLD_265080695",
        "type": "yes",
        "name": "Building",
        "district": "Rasuwa",
        "country": "Nepal"
      },
      "geometry": {
        "type": "Polygon",
        "coordinates": [
          [
            [
              85.2438947,
              28.0773132
            ],
            [
              85.243922,
              28.0772536
            ],
            [
              85.2439912,
              28.0772782
            ],
            [
              85.243964,
              28.0773378
            ],
            [
              85.2438947,
              28.0773132
            ]
          ]
        ]
      }
    },
    {
      "type": "Feature",
      "properties": {
        "building_id": "NEPAL_OSM_BLD_265080696",
        "type": "yes",
        "name": "Building",
        "district": "Rasuwa",
        "country": "Nepal"
      },
      "geometry": {
        "type": "Polygon",
        "coordinates": [
          [
            [
              85.2435689,
              28.0775614
            ],
            [
              85.2436077,
              28.077518
            ],
            [
              85.2436605,
              28.0775547
            ],
            [
              85.2436217,
              28.0775981
            ],
            [
              85.2435689,
              28.0775614
            ]
          ]
        ]
      }
    },
    {
      "type": "Feature",
      "properties": {
        "building_id": "NEPAL_OSM_BLD_265080697",
        "type": "yes",
        "name": "Building",
        "district": "Rasuwa",
        "country": "Nepal"
      },
      "geometry": {
        "type": "Polygon",
        "coordinates": [
          [
            [
              85.2436208,
              28.0781501
            ],
            [
              85.2436562,
              28.0780493
            ],
            [
              85.2437783,
              28.0780827
            ],
            [
              85.2437429,
              28.0781835
            ],
            [
              85.2436208,
              28.0781501
            ]
          ]
        ]
      }
    },
    {
      "type": "Feature",
      "properties": {
        "building_id": "NEPAL_OSM_BLD_265080698",
        "type": "yes",
        "name": "Building",
        "district": "Rasuwa",
        "country": "Nepal"
      },
      "geometry": {
        "type": "Polygon",
        "coordinates": [
          [
            [
              85.243563,
              28.0781221
            ],
            [
              85.2434853,
              28.0780729
            ],
            [
              85.2435508,
              28.0779923
            ],
            [
              85.2436285,
              28.0780414
            ],
            [
              85.243563,
              28.0781221
            ]
          ]
        ]
      }
    },
    {
      "type": "Feature",
      "properties": {
        "building_id": "NEPAL_OSM_BLD_265080699",
        "type": "yes",
        "name": "Building",
        "district": "Rasuwa",
        "country": "Nepal"
      },
      "geometry": {
        "type": "Polygon",
        "coordinates": [
          [
            [
              85.2432926,
              28.077942
            ],
            [
              85.2433721,
              28.0778787
            ],
            [
              85.2434107,
              28.0779164
            ],
            [
              85.2433312,
              28.0779797
            ],
            [
              85.2432926,
              28.077942
            ]
          ]
        ]
      }
    },
    {
      "type": "Feature",
      "properties": {
        "building_id": "NEPAL_OSM_BLD_265080700",
        "type": "yes",
        "name": "Building",
        "district": "Rasuwa",
        "country": "Nepal"
      },
      "geometry": {
        "type": "Polygon",
        "coordinates": [
          [
            [
              85.2433865,
              28.0780273
            ],
            [
              85.2433452,
              28.0779908
            ],
            [
              85.24342,
              28.0779248
            ],
            [
              85.2434613,
              28.0779613
            ],
            [
              85.2433865,
              28.0780273
            ]
          ]
        ]
      }
    },
    {
      "type": "Feature",
      "properties": {
        "building_id": "NEPAL_OSM_BLD_265080701",
        "type": "yes",
        "name": "Building",
        "district": "Rasuwa",
        "country": "Nepal"
      },
      "geometry": {
        "type": "Polygon",
        "coordinates": [
          [
            [
              85.2434587,
              28.0780643
            ],
            [
              85.2434156,
              28.0780334
            ],
            [
              85.2434752,
              28.0779688
            ],
            [
              85.2435183,
              28.0779997
            ],
            [
              85.2434587,
              28.0780643
            ]
          ]
        ]
      }
    },
    {
      "type": "Feature",
      "properties": {
        "building_id": "NEPAL_OSM_BLD_265080702",
        "type": "yes",
        "name": "Building",
        "district": "Rasuwa",
        "country": "Nepal"
      },
      "geometry": {
        "type": "Polygon",
        "coordinates": [
          [
            [
              85.243766,
              28.0781686
            ],
            [
              85.2437892,
              28.0780999
            ],
            [
              85.2438481,
              28.0781154
            ],
            [
              85.2438249,
              28.0781841
            ],
            [
              85.243766,
              28.0781686
            ]
          ]
        ]
      }
    },
    {
      "type": "Feature",
      "properties": {
        "building_id": "NEPAL_OSM_BLD_265080703",
        "type": "yes",
        "name": "Building",
        "district": "Rasuwa",
        "country": "Nepal"
      },
      "geometry": {
        "type": "Polygon",
        "coordinates": [
          [
            [
              85.2438277,
              28.0782177
            ],
            [
              85.2438649,
              28.0781171
            ],
            [
              85.2439718,
              28.0781478
            ],
            [
              85.2439346,
              28.0782484
            ],
            [
              85.2438277,
              28.0782177
            ]
          ]
        ]
      }
    },
    {
      "type": "Feature",
      "properties": {
        "building_id": "NEPAL_OSM_BLD_265080704",
        "type": "yes",
        "name": "Building",
        "district": "Rasuwa",
        "country": "Nepal"
      },
      "geometry": {
        "type": "Polygon",
        "coordinates": [
          [
            [
              85.243624,
              28.0778914
            ],
            [
              85.2436292,
              28.077811
            ],
            [
              85.2436857,
              28.0778138
            ],
            [
              85.2436805,
              28.0778942
            ],
            [
              85.243624,
              28.0778914
            ]
          ]
        ]
      }
    },
    {
      "type": "Feature",
      "properties": {
        "building_id": "NEPAL_OSM_BLD_265081633",
        "type": "yes",
        "name": "Building",
        "district": "Rasuwa",
        "country": "Nepal"
      },
      "geometry": {
        "type": "Polygon",
        "coordinates": [
          [
            [
              85.2436899,
              28.0778859
            ],
            [
              85.243698,
              28.0778106
            ],
            [
              85.243751,
              28.0778151
            ],
            [
              85.2437429,
              28.0778904
            ],
            [
              85.2436899,
              28.0778859
            ]
          ]
        ]
      }
    },
    {
      "type": "Feature",
      "properties": {
        "building_id": "NEPAL_OSM_BLD_265081634",
        "type": "yes",
        "name": "Building",
        "district": "Rasuwa",
        "country": "Nepal"
      },
      "geometry": {
        "type": "Polygon",
        "coordinates": [
          [
            [
              85.2437498,
              28.0779141
            ],
            [
              85.2437584,
              28.077846
            ],
            [
              85.2438122,
              28.0778513
            ],
            [
              85.2438037,
              28.0779194
            ],
            [
              85.2437498,
              28.0779141
            ]
          ]
        ]
      }
    },
    {
      "type": "Feature",
      "properties": {
        "building_id": "NEPAL_OSM_BLD_265081635",
        "type": "yes",
        "name": "Building",
        "district": "Rasuwa",
        "country": "Nepal"
      },
      "geometry": {
        "type": "Polygon",
        "coordinates": [
          [
            [
              85.2438145,
              28.0779035
            ],
            [
              85.2438637,
              28.0779178
            ],
            [
              85.2438896,
              28.0778484
            ],
            [
              85.2438404,
              28.0778341
            ],
            [
              85.2438145,
              28.0779035
            ]
          ]
        ]
      }
    },
    {
      "type": "Feature",
      "properties": {
        "building_id": "NEPAL_OSM_BLD_265081636",
        "type": "yes",
        "name": "Building",
        "district": "Rasuwa",
        "country": "Nepal"
      },
      "geometry": {
        "type": "Polygon",
        "coordinates": [
          [
            [
              85.2438738,
              28.0779293
            ],
            [
              85.243935,
              28.0779485
            ],
            [
              85.2439583,
              28.0778907
            ],
            [
              85.2438971,
              28.0778714
            ],
            [
              85.2438738,
              28.0779293
            ]
          ]
        ]
      }
    },
    {
      "type": "Feature",
      "properties": {
        "building_id": "NEPAL_OSM_BLD_265081637",
        "type": "yes",
        "name": "Building",
        "district": "Rasuwa",
        "country": "Nepal"
      },
      "geometry": {
        "type": "Polygon",
        "coordinates": [
          [
            [
              85.2439641,
              28.0779595
            ],
            [
              85.2439821,
              28.0779018
            ],
            [
              85.2440435,
              28.0779167
            ],
            [
              85.2440254,
              28.0779744
            ],
            [
              85.2439641,
              28.0779595
            ]
          ]
        ]
      }
    },
    {
      "type": "Feature",
      "properties": {
        "building_id": "NEPAL_OSM_BLD_265081638",
        "type": "yes",
        "name": "Building",
        "district": "Rasuwa",
        "country": "Nepal"
      },
      "geometry": {
        "type": "Polygon",
        "coordinates": [
          [
            [
              85.2440383,
              28.077968
            ],
            [
              85.2440528,
              28.0779174
            ],
            [
              85.2441105,
              28.0779303
            ],
            [
              85.244096,
              28.0779809
            ],
            [
              85.2440383,
              28.077968
            ]
          ]
        ]
      }
    },
    {
      "type": "Feature",
      "properties": {
        "building_id": "NEPAL_OSM_BLD_265081639",
        "type": "yes",
        "name": "Building",
        "district": "Rasuwa",
        "country": "Nepal"
      },
      "geometry": {
        "type": "Polygon",
        "coordinates": [
          [
            [
              85.2441246,
              28.0780001
            ],
            [
              85.2441263,
              28.0779365
            ],
            [
              85.2441823,
              28.0779376
            ],
            [
              85.2441807,
              28.0780013
            ],
            [
              85.2441246,
              28.0780001
            ]
          ]
        ]
      }
    },
    {
      "type": "Feature",
      "properties": {
        "building_id": "NEPAL_OSM_BLD_265081640",
        "type": "yes",
        "name": "Building",
        "district": "Rasuwa",
        "country": "Nepal"
      },
      "geometry": {
        "type": "Polygon",
        "coordinates": [
          [
            [
              85.244194,
              28.0779956
            ],
            [
              85.2441948,
              28.0779403
            ],
            [
              85.2442443,
              28.0779409
            ],
            [
              85.2442435,
              28.0779962
            ],
            [
              85.244194,
              28.0779956
            ]
          ]
        ]
      }
    },
    {
      "type": "Feature",
      "properties": {
        "building_id": "NEPAL_OSM_BLD_265081641",
        "type": "yes",
        "name": "Building",
        "district": "Rasuwa",
        "country": "Nepal"
      },
      "geometry": {
        "type": "Polygon",
        "coordinates": [
          [
            [
              85.2439612,
              28.0782235
            ],
            [
              85.2439882,
              28.0781499
            ],
            [
              85.2440512,
              28.0781679
            ],
            [
              85.2440242,
              28.0782415
            ],
            [
              85.2439612,
              28.0782235
            ]
          ]
        ]
      }
    },
    {
      "type": "Feature",
      "properties": {
        "building_id": "NEPAL_OSM_BLD_265081642",
        "type": "retail",
        "name": "Building",
        "district": "Rasuwa",
        "country": "Nepal"
      },
      "geometry": {
        "type": "Polygon",
        "coordinates": [
          [
            [
              85.2433442,
              28.0771412
            ],
            [
              85.2433673,
              28.0770919
            ],
            [
              85.2434304,
              28.077115
            ],
            [
              85.2434073,
              28.0771642
            ],
            [
              85.2433442,
              28.0771412
            ]
          ]
        ]
      }
    },
    {
      "type": "Feature",
      "properties": {
        "building_id": "NEPAL_OSM_BLD_265081643",
        "type": "yes",
        "name": "Building",
        "district": "Rasuwa",
        "country": "Nepal"
      },
      "geometry": {
        "type": "Polygon",
        "coordinates": [
          [
            [
              85.2435323,
              28.0771896
            ],
            [
              85.2435537,
              28.077143
            ],
            [
              85.2436135,
              28.0771643
            ],
            [
              85.2435922,
              28.077211
            ],
            [
              85.2435323,
              28.0771896
            ]
          ]
        ]
      }
    },
    {
      "type": "Feature",
      "properties": {
        "building_id": "NEPAL_OSM_BLD_265081644",
        "type": "yes",
        "name": "Building",
        "district": "Rasuwa",
        "country": "Nepal"
      },
      "geometry": {
        "type": "Polygon",
        "coordinates": [
          [
            [
              85.2436664,
              28.0767242
            ],
            [
              85.2436635,
              28.0766226
            ],
            [
              85.243738,
              28.0766209
            ],
            [
              85.2437409,
              28.0767225
            ],
            [
              85.2436664,
              28.0767242
            ]
          ]
        ]
      }
    },
    {
      "type": "Feature",
      "properties": {
        "building_id": "NEPAL_OSM_BLD_265081645",
        "type": "yes",
        "name": "Building",
        "district": "Rasuwa",
        "country": "Nepal"
      },
      "geometry": {
        "type": "Polygon",
        "coordinates": [
          [
            [
              85.2436602,
              28.0766026
            ],
            [
              85.243659,
              28.076538
            ],
            [
              85.2437274,
              28.076537
            ],
            [
              85.2437286,
              28.0766016
            ],
            [
              85.2436602,
              28.0766026
            ]
          ]
        ]
      }
    },
    {
      "type": "Feature",
      "properties": {
        "building_id": "NEPAL_OSM_BLD_265081646",
        "type": "house",
        "name": "Building",
        "district": "Rasuwa",
        "country": "Nepal"
      },
      "geometry": {
        "type": "Polygon",
        "coordinates": [
          [
            [
              85.2434409,
              28.0763215
            ],
            [
              85.2434216,
              28.0762578
            ],
            [
              85.2434965,
              28.0762402
            ],
            [
              85.2435157,
              28.0763039
            ],
            [
              85.2434409,
              28.0763215
            ]
          ]
        ]
      }
    },
    {
      "type": "Feature",
      "properties": {
        "building_id": "NEPAL_OSM_BLD_265081647",
        "type": "yes",
        "name": "Building",
        "district": "Rasuwa",
        "country": "Nepal"
      },
      "geometry": {
        "type": "Polygon",
        "coordinates": [
          [
            [
              85.2440671,
              28.0782081
            ],
            [
              85.2440522,
              28.0781198
            ],
            [
              85.2441213,
              28.0781107
            ],
            [
              85.2441362,
              28.0781991
            ],
            [
              85.2440671,
              28.0782081
            ]
          ]
        ]
      }
    },
    {
      "type": "Feature",
      "properties": {
        "building_id": "NEPAL_OSM_BLD_265081648",
        "type": "yes",
        "name": "Building",
        "district": "Rasuwa",
        "country": "Nepal"
      },
      "geometry": {
        "type": "Polygon",
        "coordinates": [
          [
            [
              85.2441477,
              28.0781939
            ],
            [
              85.2441404,
              28.0781216
            ],
            [
              85.2442982,
              28.0781091
            ],
            [
              85.2443056,
              28.0781814
            ],
            [
              85.2441477,
              28.0781939
            ]
          ]
        ]
      }
    },
    {
      "type": "Feature",
      "properties": {
        "building_id": "NEPAL_OSM_BLD_265081649",
        "type": "yes",
        "name": "Building",
        "district": "Rasuwa",
        "country": "Nepal"
      },
      "geometry": {
        "type": "Polygon",
        "coordinates": [
          [
            [
              85.2276932,
              28.058002
            ],
            [
              85.2276926,
              28.0579321
            ],
            [
              85.227761,
              28.0579316
            ],
            [
              85.2277616,
              28.0580015
            ],
            [
              85.2276932,
              28.058002
            ]
          ]
        ]
      }
    },
    {
      "type": "Feature",
      "properties": {
        "building_id": "NEPAL_OSM_BLD_265081650",
        "type": "yes",
        "name": "Building",
        "district": "Rasuwa",
        "country": "Nepal"
      },
      "geometry": {
        "type": "Polygon",
        "coordinates": [
          [
            [
              85.2276809,
              28.0578836
            ],
            [
              85.2276809,
              28.0578116
            ],
            [
              85.2277577,
              28.0578116
            ],
            [
              85.2277577,
              28.0578836
            ],
            [
              85.2276809,
              28.0578836
            ]
          ]
        ]
      }
    },
    {
      "type": "Feature",
      "properties": {
        "building_id": "NEPAL_OSM_BLD_265081651",
        "type": "yes",
        "name": "Building",
        "district": "Rasuwa",
        "country": "Nepal"
      },
      "geometry": {
        "type": "Polygon",
        "coordinates": [
          [
            [
              85.2276528,
              28.0577857
            ],
            [
              85.2276627,
              28.0577168
            ],
            [
              85.227755,
              28.0577271
            ],
            [
              85.2277451,
              28.0577961
            ],
            [
              85.2276528,
              28.0577857
            ]
          ]
        ]
      }
    },
    {
      "type": "Feature",
      "properties": {
        "building_id": "NEPAL_OSM_BLD_265081652",
        "type": "yes",
        "name": "Building",
        "district": "Rasuwa",
        "country": "Nepal"
      },
      "geometry": {
        "type": "Polygon",
        "coordinates": [
          [
            [
              85.2279242,
              28.0578235
            ],
            [
              85.2279165,
              28.0576869
            ],
            [
              85.2279789,
              28.0576841
            ],
            [
              85.2279866,
              28.0578208
            ],
            [
              85.2279242,
              28.0578235
            ]
          ]
        ]
      }
    },
    {
      "type": "Feature",
      "properties": {
        "building_id": "NEPAL_OSM_BLD_265081653",
        "type": "yes",
        "name": "Building",
        "district": "Rasuwa",
        "country": "Nepal"
      },
      "geometry": {
        "type": "Polygon",
        "coordinates": [
          [
            [
              85.2282631,
              28.0573358
            ],
            [
              85.2282713,
              28.0572585
            ],
            [
              85.2283506,
              28.0572651
            ],
            [
              85.2283424,
              28.0573423
            ],
            [
              85.2282631,
              28.0573358
            ]
          ]
        ]
      }
    },
    {
      "type": "Feature",
      "properties": {
        "building_id": "NEPAL_OSM_BLD_265081654",
        "type": "yes",
        "name": "Building",
        "district": "Rasuwa",
        "country": "Nepal"
      },
      "geometry": {
        "type": "Polygon",
        "coordinates": [
          [
            [
              85.2281457,
              28.057169
            ],
            [
              85.2281667,
              28.0571162
            ],
            [
              85.2282401,
              28.057139
            ],
            [
              85.2282191,
              28.0571918
            ],
            [
              85.2281457,
              28.057169
            ]
          ]
        ]
      }
    },
    {
      "type": "Feature",
      "properties": {
        "building_id": "NEPAL_OSM_BLD_265081655",
        "type": "yes",
        "name": "Building",
        "district": "Rasuwa",
        "country": "Nepal"
      },
      "geometry": {
        "type": "Polygon",
        "coordinates": [
          [
            [
              85.2277594,
              28.0572361
            ],
            [
              85.2277634,
              28.0571407
            ],
            [
              85.2278823,
              28.0571446
            ],
            [
              85.2278783,
              28.05724
            ],
            [
              85.2277594,
              28.0572361
            ]
          ]
        ]
      }
    },
    {
      "type": "Feature",
      "properties": {
        "building_id": "NEPAL_OSM_BLD_265081656",
        "type": "yes",
        "name": "Building",
        "district": "Rasuwa",
        "country": "Nepal"
      },
      "geometry": {
        "type": "Polygon",
        "coordinates": [
          [
            [
              85.2277962,
              28.0573029
            ],
            [
              85.2277951,
              28.0572535
            ],
            [
              85.2278561,
              28.0572524
            ],
            [
              85.2278572,
              28.0573018
            ],
            [
              85.2277962,
              28.0573029
            ]
          ]
        ]
      }
    },
    {
      "type": "Feature",
      "properties": {
        "building_id": "NEPAL_OSM_BLD_265081657",
        "type": "yes",
        "name": "Building",
        "district": "Rasuwa",
        "country": "Nepal"
      },
      "geometry": {
        "type": "Polygon",
        "coordinates": [
          [
            [
              85.2278078,
              28.0570611
            ],
            [
              85.2278209,
              28.0569766
            ],
            [
              85.2279003,
              28.0569862
            ],
            [
              85.2278871,
              28.0570707
            ],
            [
              85.2278078,
              28.0570611
            ]
          ]
        ]
      }
    },
    {
      "type": "Feature",
      "properties": {
        "building_id": "NEPAL_OSM_BLD_265081658",
        "type": "yes",
        "name": "Building",
        "district": "Rasuwa",
        "country": "Nepal"
      },
      "geometry": {
        "type": "Polygon",
        "coordinates": [
          [
            [
              85.227909,
              28.0569316
            ],
            [
              85.2278412,
              28.0569227
            ],
            [
              85.2278345,
              28.0569624
            ],
            [
              85.2279023,
              28.0569713
            ],
            [
              85.227909,
              28.0569316
            ]
          ]
        ]
      }
    },
    {
      "type": "Feature",
      "properties": {
        "building_id": "NEPAL_OSM_BLD_265081659",
        "type": "yes",
        "name": "Building",
        "district": "Rasuwa",
        "country": "Nepal"
      },
      "geometry": {
        "type": "Polygon",
        "coordinates": [
          [
            [
              85.2277295,
              28.0575035
            ],
            [
              85.227741,
              28.0574554
            ],
            [
              85.2278172,
              28.0574696
            ],
            [
              85.2278057,
              28.0575177
            ],
            [
              85.2277295,
              28.0575035
            ]
          ]
        ]
      }
    },
    {
      "type": "Feature",
      "properties": {
        "building_id": "NEPAL_OSM_BLD_265081660",
        "type": "yes",
        "name": "Building",
        "district": "Rasuwa",
        "country": "Nepal"
      },
      "geometry": {
        "type": "Polygon",
        "coordinates": [
          [
            [
              85.2276558,
              28.0576436
            ],
            [
              85.2276673,
              28.0575917
            ],
            [
              85.2277405,
              28.0576043
            ],
            [
              85.227729,
              28.0576563
            ],
            [
              85.2276558,
              28.0576436
            ]
          ]
        ]
      }
    },
    {
      "type": "Feature",
      "properties": {
        "building_id": "NEPAL_OSM_BLD_265081662",
        "type": "yes",
        "name": "Building",
        "district": "Rasuwa",
        "country": "Nepal"
      },
      "geometry": {
        "type": "Polygon",
        "coordinates": [
          [
            [
              85.2278578,
              28.0567869
            ],
            [
              85.2278566,
              28.0567265
            ],
            [
              85.2279298,
              28.0567254
            ],
            [
              85.227931,
              28.0567858
            ],
            [
              85.2278578,
              28.0567869
            ]
          ]
        ]
      }
    },
    {
      "type": "Feature",
      "properties": {
        "building_id": "NEPAL_OSM_BLD_265081664",
        "type": "yes",
        "name": "Building",
        "district": "Rasuwa",
        "country": "Nepal"
      },
      "geometry": {
        "type": "Polygon",
        "coordinates": [
          [
            [
              85.2274328,
              28.056092
            ],
            [
              85.2274316,
              28.0560316
            ],
            [
              85.2274999,
              28.0560305
            ],
            [
              85.2275011,
              28.0560909
            ],
            [
              85.2274328,
              28.056092
            ]
          ]
        ]
      }
    },
    {
      "type": "Feature",
      "properties": {
        "building_id": "NEPAL_OSM_BLD_265081665",
        "type": "yes",
        "name": "Building",
        "district": "Rasuwa",
        "country": "Nepal"
      },
      "geometry": {
        "type": "Polygon",
        "coordinates": [
          [
            [
              85.2271419,
              28.0575442
            ],
            [
              85.2271151,
              28.0574942
            ],
            [
              85.2271675,
              28.0574724
            ],
            [
              85.2271943,
              28.0575224
            ],
            [
              85.2271419,
              28.0575442
            ]
          ]
        ]
      }
    },
    {
      "type": "Feature",
      "properties": {
        "building_id": "NEPAL_OSM_BLD_265081666",
        "type": "yes",
        "name": "Building",
        "district": "Rasuwa",
        "country": "Nepal"
      },
      "geometry": {
        "type": "Polygon",
        "coordinates": [
          [
            [
              85.2269577,
              28.057935
            ],
            [
              85.2269705,
              28.0578771
            ],
            [
              85.2270273,
              28.057887
            ],
            [
              85.2270145,
              28.0579449
            ],
            [
              85.2269577,
              28.057935
            ]
          ]
        ]
      }
    },
    {
      "type": "Feature",
      "properties": {
        "building_id": "NEPAL_OSM_BLD_265081667",
        "type": "yes",
        "name": "Building",
        "district": "Rasuwa",
        "country": "Nepal"
      },
      "geometry": {
        "type": "Polygon",
        "coordinates": [
          [
            [
              85.2267702,
              28.0579034
            ],
            [
              85.2268087,
              28.0578314
            ],
            [
              85.2268592,
              28.0578525
            ],
            [
              85.2268206,
              28.0579244
            ],
            [
              85.2267702,
              28.0579034
            ]
          ]
        ]
      }
    },
    {
      "type": "Feature",
      "properties": {
        "building_id": "NEPAL_OSM_BLD_265081668",
        "type": "yes",
        "name": "Building",
        "district": "Rasuwa",
        "country": "Nepal"
      },
      "geometry": {
        "type": "Polygon",
        "coordinates": [
          [
            [
              85.2266629,
              28.0576858
            ],
            [
              85.2266709,
              28.0576266
            ],
            [
              85.2267454,
              28.0576344
            ],
            [
              85.2267374,
              28.0576936
            ],
            [
              85.2266629,
              28.0576858
            ]
          ]
        ]
      }
    },
    {
      "type": "Feature",
      "properties": {
        "building_id": "NEPAL_OSM_BLD_265081669",
        "type": "yes",
        "name": "Building",
        "district": "Rasuwa",
        "country": "Nepal"
      },
      "geometry": {
        "type": "Polygon",
        "coordinates": [
          [
            [
              85.2264566,
              28.0576563
            ],
            [
              85.2264613,
              28.0575907
            ],
            [
              85.226524,
              28.0575942
            ],
            [
              85.2265193,
              28.0576598
            ],
            [
              85.2264566,
              28.0576563
            ]
          ]
        ]
      }
    },
    {
      "type": "Feature",
      "properties": {
        "building_id": "NEPAL_OSM_BLD_265081670",
        "type": "yes",
        "name": "Building",
        "district": "Rasuwa",
        "country": "Nepal"
      },
      "geometry": {
        "type": "Polygon",
        "coordinates": [
          [
            [
              85.2261349,
              28.0575271
            ],
            [
              85.226145,
              28.0574121
            ],
            [
              85.2261933,
              28.0574154
            ],
            [
              85.2261832,
              28.0575304
            ],
            [
              85.2261349,
              28.0575271
            ]
          ]
        ]
      }
    },
    {
      "type": "Feature",
      "properties": {
        "building_id": "NEPAL_OSM_BLD_265081671",
        "type": "yes",
        "name": "Building",
        "district": "Rasuwa",
        "country": "Nepal"
      },
      "geometry": {
        "type": "Polygon",
        "coordinates": [
          [
            [
              85.2256463,
              28.0573607
            ],
            [
              85.2256458,
              28.0572558
            ],
            [
              85.2257085,
              28.0572556
            ],
            [
              85.225709,
              28.0573604
            ],
            [
              85.2256463,
              28.0573607
            ]
          ]
        ]
      }
    },
    {
      "type": "Feature",
      "properties": {
        "building_id": "NEPAL_OSM_BLD_265081672",
        "type": "yes",
        "name": "Building",
        "district": "Rasuwa",
        "country": "Nepal"
      },
      "geometry": {
        "type": "Polygon",
        "coordinates": [
          [
            [
              85.2252822,
              28.0575748
            ],
            [
              85.2253177,
              28.0574818
            ],
            [
              85.2253031,
              28.0574716
            ],
            [
              85.225326,
              28.0574116
            ],
            [
              85.225404,
              28.0574348
            ],
            [
              85.2253435,
              28.057593
            ],
            [
              85.2252822,
              28.0575748
            ]
          ]
        ]
      }
    },
    {
      "type": "Feature",
      "properties": {
        "building_id": "NEPAL_OSM_BLD_265081673",
        "type": "yes",
        "name": "Building",
        "district": "Rasuwa",
        "country": "Nepal"
      },
      "geometry": {
        "type": "Polygon",
        "coordinates": [
          [
            [
              85.2249458,
              28.0575451
            ],
            [
              85.2249449,
              28.0574526
            ],
            [
              85.2250134,
              28.0574521
            ],
            [
              85.2250143,
              28.0575446
            ],
            [
              85.2249458,
              28.0575451
            ]
          ]
        ]
      }
    },
    {
      "type": "Feature",
      "properties": {
        "building_id": "NEPAL_OSM_BLD_265081674",
        "type": "yes",
        "name": "Building",
        "district": "Rasuwa",
        "country": "Nepal"
      },
      "geometry": {
        "type": "Polygon",
        "coordinates": [
          [
            [
              85.225016,
              28.0576838
            ],
            [
              85.2249912,
              28.0575788
            ],
            [
              85.2250541,
              28.0575673
            ],
            [
              85.2250789,
              28.0576723
            ],
            [
              85.225016,
              28.0576838
            ]
          ]
        ]
      }
    },
    {
      "type": "Feature",
      "properties": {
        "building_id": "NEPAL_OSM_BLD_265081675",
        "type": "yes",
        "name": "Building",
        "district": "Rasuwa",
        "country": "Nepal"
      },
      "geometry": {
        "type": "Polygon",
        "coordinates": [
          [
            [
              85.2249441,
              28.0577263
            ],
            [
              85.2249141,
              28.0576813
            ],
            [
              85.2249769,
              28.0576486
            ],
            [
              85.2250069,
              28.0576935
            ],
            [
              85.2249441,
              28.0577263
            ]
          ]
        ]
      }
    },
    {
      "type": "Feature",
      "properties": {
        "building_id": "NEPAL_OSM_BLD_265081676",
        "type": "yes",
        "name": "Building",
        "district": "Rasuwa",
        "country": "Nepal"
      },
      "geometry": {
        "type": "Polygon",
        "coordinates": [
          [
            [
              85.2247553,
              28.0576492
            ],
            [
              85.2247959,
              28.0576024
            ],
            [
              85.2248601,
              28.0576457
            ],
            [
              85.2248196,
              28.0576925
            ],
            [
              85.2247553,
              28.0576492
            ]
          ]
        ]
      }
    },
    {
      "type": "Feature",
      "properties": {
        "building_id": "NEPAL_OSM_BLD_265081677",
        "type": "yes",
        "name": "Building",
        "district": "Rasuwa",
        "country": "Nepal"
      },
      "geometry": {
        "type": "Polygon",
        "coordinates": [
          [
            [
              85.2246614,
              28.0575053
            ],
            [
              85.2247056,
              28.0574486
            ],
            [
              85.2247674,
              28.0574861
            ],
            [
              85.2247232,
              28.0575428
            ],
            [
              85.2246614,
              28.0575053
            ]
          ]
        ]
      }
    },
    {
      "type": "Feature",
      "properties": {
        "building_id": "NEPAL_OSM_BLD_265081678",
        "type": "yes",
        "name": "Building",
        "district": "Rasuwa",
        "country": "Nepal"
      },
      "geometry": {
        "type": "Polygon",
        "coordinates": [
          [
            [
              85.2248615,
              28.0575526
            ],
            [
              85.2248623,
              28.0574864
            ],
            [
              85.22493,
              28.057487
            ],
            [
              85.2249293,
              28.0575532
            ],
            [
              85.2248615,
              28.0575526
            ]
          ]
        ]
      }
    },
    {
      "type": "Feature",
      "properties": {
        "building_id": "NEPAL_OSM_BLD_265081679",
        "type": "yes",
        "name": "Building",
        "district": "Rasuwa",
        "country": "Nepal"
      },
      "geometry": {
        "type": "Polygon",
        "coordinates": [
          [
            [
              85.2249055,
              28.0576796
            ],
            [
              85.2248396,
              28.0575914
            ],
            [
              85.2248825,
              28.0575665
            ],
            [
              85.2249146,
              28.0576095
            ],
            [
              85.2249366,
              28.0575966
            ],
            [
              85.2249704,
              28.0576419
            ],
            [
              85.2249055,
              28.0576796
            ]
          ]
        ]
      }
    },
    {
      "type": "Feature",
      "properties": {
        "building_id": "NEPAL_OSM_BLD_265081680",
        "type": "yes",
        "name": "Building",
        "district": "Rasuwa",
        "country": "Nepal"
      },
      "geometry": {
        "type": "Polygon",
        "coordinates": [
          [
            [
              85.2246597,
              28.0577362
            ],
            [
              85.2246061,
              28.0576641
            ],
            [
              85.2246553,
              28.0576357
            ],
            [
              85.2247089,
              28.0577078
            ],
            [
              85.2246597,
              28.0577362
            ]
          ]
        ]
      }
    },
    {
      "type": "Feature",
      "properties": {
        "building_id": "NEPAL_OSM_BLD_265082016",
        "type": "yes",
        "name": "Building",
        "district": "Rasuwa",
        "country": "Nepal"
      },
      "geometry": {
        "type": "Polygon",
        "coordinates": [
          [
            [
              85.2244742,
              28.0574113
            ],
            [
              85.2245137,
              28.0573591
            ],
            [
              85.2245724,
              28.0573936
            ],
            [
              85.224533,
              28.0574459
            ],
            [
              85.2244742,
              28.0574113
            ]
          ]
        ]
      }
    },
    {
      "type": "Feature",
      "properties": {
        "building_id": "NEPAL_OSM_BLD_265082017",
        "type": "yes",
        "name": "Building",
        "district": "Rasuwa",
        "country": "Nepal"
      },
      "geometry": {
        "type": "Polygon",
        "coordinates": [
          [
            [
              85.2242466,
              28.0575546
            ],
            [
              85.2242794,
              28.0574425
            ],
            [
              85.2243464,
              28.0574577
            ],
            [
              85.2243136,
              28.0575699
            ],
            [
              85.2242466,
              28.0575546
            ]
          ]
        ]
      }
    },
    {
      "type": "Feature",
      "properties": {
        "building_id": "NEPAL_OSM_BLD_265082018",
        "type": "yes",
        "name": "Building",
        "district": "Rasuwa",
        "country": "Nepal"
      },
      "geometry": {
        "type": "Polygon",
        "coordinates": [
          [
            [
              85.2246123,
              28.0574986
            ],
            [
              85.2245524,
              28.0574532
            ],
            [
              85.2246576,
              28.0573448
            ],
            [
              85.2247176,
              28.0573902
            ],
            [
              85.2246123,
              28.0574986
            ]
          ]
        ]
      }
    },
    {
      "type": "Feature",
      "properties": {
        "building_id": "NEPAL_OSM_BLD_265082019",
        "type": "yes",
        "name": "Building",
        "district": "Rasuwa",
        "country": "Nepal"
      },
      "geometry": {
        "type": "Polygon",
        "coordinates": [
          [
            [
              85.2246691,
              28.0572775
            ],
            [
              85.2246337,
              28.0571993
            ],
            [
              85.2246931,
              28.0571784
            ],
            [
              85.2247284,
              28.0572566
            ],
            [
              85.2246691,
              28.0572775
            ]
          ]
        ]
      }
    },
    {
      "type": "Feature",
      "properties": {
        "building_id": "NEPAL_OSM_BLD_265082020",
        "type": "yes",
        "name": "Building",
        "district": "Rasuwa",
        "country": "Nepal"
      },
      "geometry": {
        "type": "Polygon",
        "coordinates": [
          [
            [
              85.224508,
              28.0572626
            ],
            [
              85.2245029,
              28.0571924
            ],
            [
              85.2245822,
              28.0571879
            ],
            [
              85.2245873,
              28.0572581
            ],
            [
              85.224508,
              28.0572626
            ]
          ]
        ]
      }
    },
    {
      "type": "Feature",
      "properties": {
        "building_id": "NEPAL_OSM_BLD_265082021",
        "type": "yes",
        "name": "Building",
        "district": "Rasuwa",
        "country": "Nepal"
      },
      "geometry": {
        "type": "Polygon",
        "coordinates": [
          [
            [
              85.2245182,
              28.0573529
            ],
            [
              85.2245148,
              28.0572791
            ],
            [
              85.2245769,
              28.0572769
            ],
            [
              85.2245803,
              28.0573507
            ],
            [
              85.2245182,
              28.0573529
            ]
          ]
        ]
      }
    },
    {
      "type": "Feature",
      "properties": {
        "building_id": "NEPAL_OSM_BLD_265082022",
        "type": "yes",
        "name": "Building",
        "district": "Rasuwa",
        "country": "Nepal"
      },
      "geometry": {
        "type": "Polygon",
        "coordinates": [
          [
            [
              85.2246433,
              28.0571703
            ],
            [
              85.2246433,
              28.0570989
            ],
            [
              85.2246965,
              28.0570989
            ],
            [
              85.2246965,
              28.0571703
            ],
            [
              85.2246433,
              28.0571703
            ]
          ]
        ]
      }
    },
    {
      "type": "Feature",
      "properties": {
        "building_id": "NEPAL_OSM_BLD_265082023",
        "type": "yes",
        "name": "Building",
        "district": "Rasuwa",
        "country": "Nepal"
      },
      "geometry": {
        "type": "Polygon",
        "coordinates": [
          [
            [
              85.2247161,
              28.0570078
            ],
            [
              85.2247049,
              28.0571505
            ],
            [
              85.2247639,
              28.0571541
            ],
            [
              85.2247752,
              28.0570114
            ],
            [
              85.2247161,
              28.0570078
            ]
          ]
        ]
      }
    },
    {
      "type": "Feature",
      "properties": {
        "building_id": "NEPAL_OSM_BLD_265082024",
        "type": "yes",
        "name": "Building",
        "district": "Rasuwa",
        "country": "Nepal"
      },
      "geometry": {
        "type": "Polygon",
        "coordinates": [
          [
            [
              85.2246399,
              28.0570897
            ],
            [
              85.2246445,
              28.0569636
            ],
            [
              85.224702,
              28.0569653
            ],
            [
              85.2246974,
              28.0570914
            ],
            [
              85.2246399,
              28.0570897
            ]
          ]
        ]
      }
    },
    {
      "type": "Feature",
      "properties": {
        "building_id": "NEPAL_OSM_BLD_265082025",
        "type": "yes",
        "name": "Building",
        "district": "Rasuwa",
        "country": "Nepal"
      },
      "geometry": {
        "type": "Polygon",
        "coordinates": [
          [
            [
              85.2245979,
              28.0571166
            ],
            [
              85.2245912,
              28.057026
            ],
            [
              85.224527,
              28.0570297
            ],
            [
              85.2245338,
              28.0571203
            ],
            [
              85.2245979,
              28.0571166
            ]
          ]
        ]
      }
    },
    {
      "type": "Feature",
      "properties": {
        "building_id": "NEPAL_OSM_BLD_265082026",
        "type": "yes",
        "name": "Building",
        "district": "Rasuwa",
        "country": "Nepal"
      },
      "geometry": {
        "type": "Polygon",
        "coordinates": [
          [
            [
              85.2244551,
              28.0571254
            ],
            [
              85.2244481,
              28.0570309
            ],
            [
              85.2245078,
              28.0570274
            ],
            [
              85.2245148,
              28.057122
            ],
            [
              85.2244551,
              28.0571254
            ]
          ]
        ]
      }
    },
    {
      "type": "Feature",
      "properties": {
        "building_id": "NEPAL_OSM_BLD_265082027",
        "type": "yes",
        "name": "Building",
        "district": "Rasuwa",
        "country": "Nepal"
      },
      "geometry": {
        "type": "Polygon",
        "coordinates": [
          [
            [
              85.2246514,
              28.0569581
            ],
            [
              85.2246354,
              28.05686
            ],
            [
              85.2246961,
              28.0568523
            ],
            [
              85.2247121,
              28.0569504
            ],
            [
              85.2246514,
              28.0569581
            ]
          ]
        ]
      }
    },
    {
      "type": "Feature",
      "properties": {
        "building_id": "NEPAL_OSM_BLD_265082028",
        "type": "yes",
        "name": "Building",
        "district": "Rasuwa",
        "country": "Nepal"
      },
      "geometry": {
        "type": "Polygon",
        "coordinates": [
          [
            [
              85.2245861,
              28.0567358
            ],
            [
              85.2245832,
              28.0566831
            ],
            [
              85.2246582,
              28.0566799
            ],
            [
              85.2246611,
              28.0567326
            ],
            [
              85.2245861,
              28.0567358
            ]
          ]
        ]
      }
    },
    {
      "type": "Feature",
      "properties": {
        "building_id": "NEPAL_OSM_BLD_265082029",
        "type": "yes",
        "name": "Building",
        "district": "Rasuwa",
        "country": "Nepal"
      },
      "geometry": {
        "type": "Polygon",
        "coordinates": [
          [
            [
              85.2245845,
              28.056669
            ],
            [
              85.2246077,
              28.056526
            ],
            [
              85.2246699,
              28.0565338
            ],
            [
              85.2246467,
              28.0566769
            ],
            [
              85.2245845,
              28.056669
            ]
          ]
        ]
      }
    },
    {
      "type": "Feature",
      "properties": {
        "building_id": "NEPAL_OSM_BLD_265082030",
        "type": "yes",
        "name": "Building",
        "district": "Rasuwa",
        "country": "Nepal"
      },
      "geometry": {
        "type": "Polygon",
        "coordinates": [
          [
            [
              85.2245987,
              28.0564277
            ],
            [
              85.2245895,
              28.0563414
            ],
            [
              85.2246461,
              28.0563367
            ],
            [
              85.2246553,
              28.056423
            ],
            [
              85.2245987,
              28.0564277
            ]
          ]
        ]
      }
    },
    {
      "type": "Feature",
      "properties": {
        "building_id": "NEPAL_OSM_BLD_265082031",
        "type": "yes",
        "name": "Building",
        "district": "Rasuwa",
        "country": "Nepal"
      },
      "geometry": {
        "type": "Polygon",
        "coordinates": [
          [
            [
              85.2245413,
              28.0563375
            ],
            [
              85.2245287,
              28.0562689
            ],
            [
              85.2246229,
              28.0562586
            ],
            [
              85.2246382,
              28.0563226
            ],
            [
              85.2245413,
              28.0563375
            ]
          ]
        ]
      }
    },
    {
      "type": "Feature",
      "properties": {
        "building_id": "NEPAL_OSM_BLD_265082032",
        "type": "yes",
        "name": "Building",
        "district": "Rasuwa",
        "country": "Nepal"
      },
      "geometry": {
        "type": "Polygon",
        "coordinates": [
          [
            [
              85.2243716,
              28.0565328
            ],
            [
              85.2243756,
              28.0564846
            ],
            [
              85.2244637,
              28.0564902
            ],
            [
              85.2244598,
              28.0565384
            ],
            [
              85.2243716,
              28.0565328
            ]
          ]
        ]
      }
    },
    {
      "type": "Feature",
      "properties": {
        "building_id": "NEPAL_OSM_BLD_265082033",
        "type": "yes",
        "name": "Building",
        "district": "Rasuwa",
        "country": "Nepal"
      },
      "geometry": {
        "type": "Polygon",
        "coordinates": [
          [
            [
              85.2243522,
              28.0567646
            ],
            [
              85.2243437,
              28.0567029
            ],
            [
              85.2244064,
              28.0566962
            ],
            [
              85.2244148,
              28.0567579
            ],
            [
              85.2243522,
              28.0567646
            ]
          ]
        ]
      }
    },
    {
      "type": "Feature",
      "properties": {
        "building_id": "NEPAL_OSM_BLD_265082034",
        "type": "yes",
        "name": "Building",
        "district": "Rasuwa",
        "country": "Nepal"
      },
      "geometry": {
        "type": "Polygon",
        "coordinates": [
          [
            [
              85.2243933,
              28.0568625
            ],
            [
              85.2243608,
              28.0567863
            ],
            [
              85.2244216,
              28.0567661
            ],
            [
              85.2244541,
              28.0568423
            ],
            [
              85.2243933,
              28.0568625
            ]
          ]
        ]
      }
    },
    {
      "type": "Feature",
      "properties": {
        "building_id": "NEPAL_OSM_BLD_265082035",
        "type": "yes",
        "name": "Building",
        "district": "Rasuwa",
        "country": "Nepal"
      },
      "geometry": {
        "type": "Polygon",
        "coordinates": [
          [
            [
              85.2244714,
              28.0568404
            ],
            [
              85.224444,
              28.0567613
            ],
            [
              85.2244949,
              28.0567475
            ],
            [
              85.2245223,
              28.0568267
            ],
            [
              85.2244714,
              28.0568404
            ]
          ]
        ]
      }
    },
    {
      "type": "Feature",
      "properties": {
        "building_id": "NEPAL_OSM_BLD_265082036",
        "type": "yes",
        "name": "Building",
        "district": "Rasuwa",
        "country": "Nepal"
      },
      "geometry": {
        "type": "Polygon",
        "coordinates": [
          [
            [
              85.2247412,
              28.0569567
            ],
            [
              85.2247343,
              28.0568986
            ],
            [
              85.2248201,
              28.0568906
            ],
            [
              85.224827,
              28.0569487
            ],
            [
              85.2247412,
              28.0569567
            ]
          ]
        ]
      }
    },
    {
      "type": "Feature",
      "properties": {
        "building_id": "NEPAL_OSM_BLD_265082037",
        "type": "yes",
        "name": "Building",
        "district": "Rasuwa",
        "country": "Nepal"
      },
      "geometry": {
        "type": "Polygon",
        "coordinates": [
          [
            [
              85.2244894,
              28.0569691
            ],
            [
              85.2244896,
              28.0569118
            ],
            [
              85.2245876,
              28.056912
            ],
            [
              85.2245873,
              28.0570083
            ],
            [
              85.2245284,
              28.0570081
            ],
            [
              85.2245285,
              28.0569692
            ],
            [
              85.2244894,
              28.0569691
            ]
          ]
        ]
      }
    },
    {
      "type": "Feature",
      "properties": {
        "building_id": "NEPAL_OSM_BLD_265082038",
        "type": "yes",
        "name": "Building",
        "district": "Rasuwa",
        "country": "Nepal"
      },
      "geometry": {
        "type": "Polygon",
        "coordinates": [
          [
            [
              85.2247824,
              28.056787
            ],
            [
              85.2247297,
              28.0566724
            ],
            [
              85.2247885,
              28.0566514
            ],
            [
              85.2248411,
              28.056766
            ],
            [
              85.2247824,
              28.056787
            ]
          ]
        ]
      }
    },
    {
      "type": "Feature",
      "properties": {
        "building_id": "NEPAL_OSM_BLD_265082039",
        "type": "yes",
        "name": "Building",
        "district": "Rasuwa",
        "country": "Nepal"
      },
      "geometry": {
        "type": "Polygon",
        "coordinates": [
          [
            [
              85.2247766,
              28.0571713
            ],
            [
              85.2247786,
              28.0571134
            ],
            [
              85.224836,
              28.0571149
            ],
            [
              85.2248341,
              28.0571728
            ],
            [
              85.2247766,
              28.0571713
            ]
          ]
        ]
      }
    },
    {
      "type": "Feature",
      "properties": {
        "building_id": "NEPAL_OSM_BLD_265082040",
        "type": "yes",
        "name": "Building",
        "district": "Rasuwa",
        "country": "Nepal"
      },
      "geometry": {
        "type": "Polygon",
        "coordinates": [
          [
            [
              85.224386,
              28.0566342
            ],
            [
              85.2243875,
              28.0565879
            ],
            [
              85.2244611,
              28.0565898
            ],
            [
              85.2244584,
              28.0566379
            ],
            [
              85.224386,
              28.0566342
            ]
          ]
        ]
      }
    },
    {
      "type": "Feature",
      "properties": {
        "building_id": "NEPAL_OSM_BLD_265082041",
        "type": "yes",
        "name": "Building",
        "district": "Rasuwa",
        "country": "Nepal"
      },
      "geometry": {
        "type": "Polygon",
        "coordinates": [
          [
            [
              85.2244408,
              28.0567432
            ],
            [
              85.2244236,
              28.0566521
            ],
            [
              85.2244758,
              28.0566444
            ],
            [
              85.224493,
              28.0567355
            ],
            [
              85.2244408,
              28.0567432
            ]
          ]
        ]
      }
    },
    {
      "type": "Feature",
      "properties": {
        "building_id": "NEPAL_OSM_BLD_265082042",
        "type": "yes",
        "name": "Building",
        "district": "Rasuwa",
        "country": "Nepal"
      },
      "geometry": {
        "type": "Polygon",
        "coordinates": [
          [
            [
              85.2245089,
              28.0567044
            ],
            [
              85.2245086,
              28.0566486
            ],
            [
              85.2245684,
              28.0566483
            ],
            [
              85.2245688,
              28.0567041
            ],
            [
              85.2245089,
              28.0567044
            ]
          ]
        ]
      }
    },
    {
      "type": "Feature",
      "properties": {
        "building_id": "NEPAL_OSM_BLD_265082043",
        "type": "yes",
        "name": "Building",
        "district": "Rasuwa",
        "country": "Nepal"
      },
      "geometry": {
        "type": "Polygon",
        "coordinates": [
          [
            [
              85.2245055,
              28.0566407
            ],
            [
              85.2245088,
              28.0565988
            ],
            [
              85.2245662,
              28.0566023
            ],
            [
              85.2245629,
              28.0566442
            ],
            [
              85.2245055,
              28.0566407
            ]
          ]
        ]
      }
    },
    {
      "type": "Feature",
      "properties": {
        "building_id": "NEPAL_OSM_BLD_265082044",
        "type": "yes",
        "name": "Building",
        "district": "Rasuwa",
        "country": "Nepal"
      },
      "geometry": {
        "type": "Polygon",
        "coordinates": [
          [
            [
              85.224504,
              28.0571709
            ],
            [
              85.2245032,
              28.0571342
            ],
            [
              85.2245731,
              28.057133
            ],
            [
              85.2245739,
              28.0571696
            ],
            [
              85.224504,
              28.0571709
            ]
          ]
        ]
      }
    },
    {
      "type": "Feature",
      "properties": {
        "building_id": "NEPAL_OSM_BLD_265082045",
        "type": "yes",
        "name": "Building",
        "district": "Rasuwa",
        "country": "Nepal"
      },
      "geometry": {
        "type": "Polygon",
        "coordinates": [
          [
            [
              85.2243463,
              28.0577349
            ],
            [
              85.2243019,
              28.0576963
            ],
            [
              85.2243404,
              28.0576618
            ],
            [
              85.2243848,
              28.0577003
            ],
            [
              85.2243463,
              28.0577349
            ]
          ]
        ]
      }
    },
    {
      "type": "Feature",
      "properties": {
        "building_id": "NEPAL_OSM_BLD_265082046",
        "type": "yes",
        "name": "Building",
        "district": "Rasuwa",
        "country": "Nepal"
      },
      "geometry": {
        "type": "Polygon",
        "coordinates": [
          [
            [
              85.2242624,
              28.0576414
            ],
            [
              85.2242481,
              28.0575901
            ],
            [
              85.2243058,
              28.0575776
            ],
            [
              85.22432,
              28.057629
            ],
            [
              85.2242624,
              28.0576414
            ]
          ]
        ]
      }
    },
    {
      "type": "Feature",
      "properties": {
        "building_id": "NEPAL_OSM_BLD_265082047",
        "type": "yes",
        "name": "Building",
        "district": "Rasuwa",
        "country": "Nepal"
      },
      "geometry": {
        "type": "Polygon",
        "coordinates": [
          [
            [
              85.2260754,
              28.0573518
            ],
            [
              85.2260906,
              28.0572869
            ],
            [
              85.2261503,
              28.0572978
            ],
            [
              85.2261351,
              28.0573627
            ],
            [
              85.2260754,
              28.0573518
            ]
          ]
        ]
      }
    },
    {
      "type": "Feature",
      "properties": {
        "building_id": "NEPAL_OSM_BLD_265082048",
        "type": "yes",
        "name": "Building",
        "district": "Rasuwa",
        "country": "Nepal"
      },
      "geometry": {
        "type": "Polygon",
        "coordinates": [
          [
            [
              85.2263241,
              28.0574692
            ],
            [
              85.2263248,
              28.0574078
            ],
            [
              85.2263789,
              28.0574082
            ],
            [
              85.2263782,
              28.0574696
            ],
            [
              85.2263241,
              28.0574692
            ]
          ]
        ]
      }
    },
    {
      "type": "Feature",
      "properties": {
        "building_id": "NEPAL_OSM_BLD_265082049",
        "type": "yes",
        "name": "Building",
        "district": "Rasuwa",
        "country": "Nepal"
      },
      "geometry": {
        "type": "Polygon",
        "coordinates": [
          [
            [
              85.2257656,
              28.0572329
            ],
            [
              85.2257581,
              28.0571652
            ],
            [
              85.2258278,
              28.0571592
            ],
            [
              85.2258354,
              28.0572269
            ],
            [
              85.2257656,
              28.0572329
            ]
          ]
        ]
      }
    },
    {
      "type": "Feature",
      "properties": {
        "building_id": "NEPAL_OSM_BLD_265082135",
        "type": "yes",
        "name": "Building",
        "district": "Rasuwa",
        "country": "Nepal"
      },
      "geometry": {
        "type": "Polygon",
        "coordinates": [
          [
            [
              85.2224103,
              28.0566202
            ],
            [
              85.2224139,
              28.0564307
            ],
            [
              85.2224871,
              28.0564317
            ],
            [
              85.2224836,
              28.0566213
            ],
            [
              85.2224103,
              28.0566202
            ]
          ]
        ]
      }
    },
    {
      "type": "Feature",
      "properties": {
        "building_id": "NEPAL_OSM_BLD_265082136",
        "type": "yes",
        "name": "Building",
        "district": "Rasuwa",
        "country": "Nepal"
      },
      "geometry": {
        "type": "Polygon",
        "coordinates": [
          [
            [
              85.2224301,
              28.0567065
            ],
            [
              85.2224222,
              28.0566428
            ],
            [
              85.2224928,
              28.056636
            ],
            [
              85.2225007,
              28.0566997
            ],
            [
              85.2224301,
              28.0567065
            ]
          ]
        ]
      }
    },
    {
      "type": "Feature",
      "properties": {
        "building_id": "NEPAL_OSM_BLD_265082137",
        "type": "yes",
        "name": "Building",
        "district": "Rasuwa",
        "country": "Nepal"
      },
      "geometry": {
        "type": "Polygon",
        "coordinates": [
          [
            [
              85.2222544,
              28.056635
            ],
            [
              85.2222243,
              28.0564812
            ],
            [
              85.2222938,
              28.0564707
            ],
            [
              85.2223238,
              28.0566244
            ],
            [
              85.2222544,
              28.056635
            ]
          ]
        ]
      }
    },
    {
      "type": "Feature",
      "properties": {
        "building_id": "NEPAL_OSM_BLD_265082138",
        "type": "yes",
        "name": "Building",
        "district": "Rasuwa",
        "country": "Nepal"
      },
      "geometry": {
        "type": "Polygon",
        "coordinates": [
          [
            [
              85.2223862,
              28.0564645
            ],
            [
              85.2223251,
              28.0564702
            ],
            [
              85.2223425,
              28.0566166
            ],
            [
              85.2224036,
              28.0566109
            ],
            [
              85.2223862,
              28.0564645
            ]
          ]
        ]
      }
    },
    {
      "type": "Feature",
      "properties": {
        "building_id": "NEPAL_OSM_BLD_265082139",
        "type": "yes",
        "name": "Building",
        "district": "Rasuwa",
        "country": "Nepal"
      },
      "geometry": {
        "type": "Polygon",
        "coordinates": [
          [
            [
              85.2225275,
              28.0564649
            ],
            [
              85.222498,
              28.0565594
            ],
            [
              85.2225564,
              28.0565735
            ],
            [
              85.2225859,
              28.056479
            ],
            [
              85.2225275,
              28.0564649
            ]
          ]
        ]
      }
    },
    {
      "type": "Feature",
      "properties": {
        "building_id": "NEPAL_OSM_BLD_265082140",
        "type": "yes",
        "name": "Building",
        "district": "Rasuwa",
        "country": "Nepal"
      },
      "geometry": {
        "type": "Polygon",
        "coordinates": [
          [
            [
              85.2226672,
              28.0565079
            ],
            [
              85.2226115,
              28.0564924
            ],
            [
              85.222581,
              28.056578
            ],
            [
              85.2226367,
              28.0565934
            ],
            [
              85.2226672,
              28.0565079
            ]
          ]
        ]
      }
    },
    {
      "type": "Feature",
      "properties": {
        "building_id": "NEPAL_OSM_BLD_272375544",
        "type": "yes",
        "name": "Building",
        "district": "Rasuwa",
        "country": "Nepal"
      },
      "geometry": {
        "type": "Polygon",
        "coordinates": [
          [
            [
              85.3148618,
              28.1691697
            ],
            [
              85.3148564,
              28.1691046
            ],
            [
              85.3149808,
              28.1690966
            ],
            [
              85.3149862,
              28.1691617
            ],
            [
              85.3148618,
              28.1691697
            ]
          ]
        ]
      }
    },
    {
      "type": "Feature",
      "properties": {
        "building_id": "NEPAL_OSM_BLD_272375545",
        "type": "yes",
        "name": "Building",
        "district": "Rasuwa",
        "country": "Nepal"
      },
      "geometry": {
        "type": "Polygon",
        "coordinates": [
          [
            [
              85.3141396,
              28.1691063
            ],
            [
              85.314141,
              28.1690434
            ],
            [
              85.3141796,
              28.169044
            ],
            [
              85.3141783,
              28.169107
            ],
            [
              85.3141396,
              28.1691063
            ]
          ]
        ]
      }
    },
    {
      "type": "Feature",
      "properties": {
        "building_id": "NEPAL_OSM_BLD_277795955",
        "type": "yes",
        "name": "Building",
        "district": "Rasuwa",
        "country": "Nepal"
      },
      "geometry": {
        "type": "Polygon",
        "coordinates": [
          [
            [
              85.460805,
              28.2006059
            ],
            [
              85.4608174,
              28.2005779
            ],
            [
              85.4608492,
              28.2005888
            ],
            [
              85.4608368,
              28.2006168
            ],
            [
              85.460805,
              28.2006059
            ]
          ]
        ]
      }
    },
    {
      "type": "Feature",
      "properties": {
        "building_id": "NEPAL_OSM_BLD_277795956",
        "type": "yes",
        "name": "Building",
        "district": "Rasuwa",
        "country": "Nepal"
      },
      "geometry": {
        "type": "Polygon",
        "coordinates": [
          [
            [
              85.4606579,
              28.2006898
            ],
            [
              85.4606917,
              28.2006223
            ],
            [
              85.4608213,
              28.2006725
            ],
            [
              85.4607876,
              28.20074
            ],
            [
              85.4606579,
              28.2006898
            ]
          ]
        ]
      }
    },
    {
      "type": "Feature",
      "properties": {
        "building_id": "NEPAL_OSM_BLD_277949650",
        "type": "yes",
        "name": "Building",
        "district": "Rasuwa",
        "country": "Nepal"
      },
      "geometry": {
        "type": "Polygon",
        "coordinates": [
          [
            [
              85.3003441,
              28.1104158
            ],
            [
              85.3003992,
              28.1104797
            ],
            [
              85.3004523,
              28.1104441
            ],
            [
              85.3003973,
              28.1103802
            ],
            [
              85.3003441,
              28.1104158
            ]
          ]
        ]
      }
    },
    {
      "type": "Feature",
      "properties": {
        "building_id": "NEPAL_OSM_BLD_277949651",
        "type": "yes",
        "name": "Building",
        "district": "Rasuwa",
        "country": "Nepal"
      },
      "geometry": {
        "type": "Polygon",
        "coordinates": [
          [
            [
              85.2967191,
              28.113764
            ],
            [
              85.2967963,
              28.1137045
            ],
            [
              85.296746,
              28.1136538
            ],
            [
              85.2966689,
              28.1137132
            ],
            [
              85.2967191,
              28.113764
            ]
          ]
        ]
      }
    },
    {
      "type": "Feature",
      "properties": {
        "building_id": "NEPAL_OSM_BLD_277949652",
        "type": "yes",
        "name": "Building",
        "district": "Rasuwa",
        "country": "Nepal"
      },
      "geometry": {
        "type": "Polygon",
        "coordinates": [
          [
            [
              85.2977613,
              28.1133695
            ],
            [
              85.2978917,
              28.1133309
            ],
            [
              85.2978983,
              28.113329
            ],
            [
              85.29786,
              28.1132281
            ],
            [
              85.297723,
              28.1132687
            ],
            [
              85.2977613,
              28.1133695
            ]
          ]
        ]
      }
    },
    {
      "type": "Feature",
      "properties": {
        "building_id": "NEPAL_OSM_BLD_277949653",
        "type": "yes",
        "name": "Building",
        "district": "Rasuwa",
        "country": "Nepal"
      },
      "geometry": {
        "type": "Polygon",
        "coordinates": [
          [
            [
              85.2981245,
              28.1116727
            ],
            [
              85.2982025,
              28.1116719
            ],
            [
              85.2982013,
              28.1115843
            ],
            [
              85.2981233,
              28.1115851
            ],
            [
              85.2981245,
              28.1116727
            ]
          ]
        ]
      }
    },
    {
      "type": "Feature",
      "properties": {
        "building_id": "NEPAL_OSM_BLD_277949654",
        "type": "yes",
        "name": "Building",
        "district": "Rasuwa",
        "country": "Nepal"
      },
      "geometry": {
        "type": "Polygon",
        "coordinates": [
          [
            [
              85.2985753,
              28.1123169
            ],
            [
              85.2986405,
              28.1122854
            ],
            [
              85.2986102,
              28.1122368
            ],
            [
              85.2985451,
              28.1122684
            ],
            [
              85.2985753,
              28.1123169
            ]
          ]
        ]
      }
    },
    {
      "type": "Feature",
      "properties": {
        "building_id": "NEPAL_OSM_BLD_277949655",
        "type": "yes",
        "name": "Building",
        "district": "Rasuwa",
        "country": "Nepal"
      },
      "geometry": {
        "type": "Polygon",
        "coordinates": [
          [
            [
              85.2956401,
              28.1140822
            ],
            [
              85.2957254,
              28.1140555
            ],
            [
              85.2957075,
              28.1140109
            ],
            [
              85.2956222,
              28.1140376
            ],
            [
              85.2956401,
              28.1140822
            ]
          ]
        ]
      }
    },
    {
      "type": "Feature",
      "properties": {
        "building_id": "NEPAL_OSM_BLD_277949656",
        "type": "yes",
        "name": "Building",
        "district": "Rasuwa",
        "country": "Nepal"
      },
      "geometry": {
        "type": "Polygon",
        "coordinates": [
          [
            [
              85.2985094,
              28.1134712
            ],
            [
              85.2986106,
              28.1134431
            ],
            [
              85.2985814,
              28.1133612
            ],
            [
              85.2984802,
              28.1133892
            ],
            [
              85.2985094,
              28.1134712
            ]
          ]
        ]
      }
    },
    {
      "type": "Feature",
      "properties": {
        "building_id": "NEPAL_OSM_BLD_277949657",
        "type": "yes",
        "name": "Building",
        "district": "Rasuwa",
        "country": "Nepal"
      },
      "geometry": {
        "type": "Polygon",
        "coordinates": [
          [
            [
              85.2982261,
              28.1116132
            ],
            [
              85.2983233,
              28.1116099
            ],
            [
              85.2983215,
              28.1115692
            ],
            [
              85.2982243,
              28.1115725
            ],
            [
              85.2982261,
              28.1116132
            ]
          ]
        ]
      }
    },
    {
      "type": "Feature",
      "properties": {
        "building_id": "NEPAL_OSM_BLD_277949658",
        "type": "yes",
        "name": "Building",
        "district": "Rasuwa",
        "country": "Nepal"
      },
      "geometry": {
        "type": "Polygon",
        "coordinates": [
          [
            [
              85.3015685,
              28.1094522
            ],
            [
              85.3016299,
              28.1094305
            ],
            [
              85.3015914,
              28.1093457
            ],
            [
              85.30153,
              28.1093674
            ],
            [
              85.3015685,
              28.1094522
            ]
          ]
        ]
      }
    },
    {
      "type": "Feature",
      "properties": {
        "building_id": "NEPAL_OSM_BLD_277949659",
        "type": "yes",
        "name": "Building",
        "district": "Rasuwa",
        "country": "Nepal"
      },
      "geometry": {
        "type": "Polygon",
        "coordinates": [
          [
            [
              85.2958808,
              28.1129949
            ],
            [
              85.295974,
              28.1129418
            ],
            [
              85.2958923,
              28.1128302
            ],
            [
              85.2957991,
              28.1128832
            ],
            [
              85.2958808,
              28.1129949
            ]
          ]
        ]
      }
    },
    {
      "type": "Feature",
      "properties": {
        "building_id": "NEPAL_OSM_BLD_277949660",
        "type": "yes",
        "name": "Building",
        "district": "Rasuwa",
        "country": "Nepal"
      },
      "geometry": {
        "type": "Polygon",
        "coordinates": [
          [
            [
              85.2964001,
              28.1136307
            ],
            [
              85.2964829,
              28.1135873
            ],
            [
              85.2964432,
              28.1135286
            ],
            [
              85.2963605,
              28.113572
            ],
            [
              85.2964001,
              28.1136307
            ]
          ]
        ]
      }
    },
    {
      "type": "Feature",
      "properties": {
        "building_id": "NEPAL_OSM_BLD_277949661",
        "type": "yes",
        "name": "Building",
        "district": "Rasuwa",
        "country": "Nepal"
      },
      "geometry": {
        "type": "Polygon",
        "coordinates": [
          [
            [
              85.2992468,
              28.1114172
            ],
            [
              85.2993156,
              28.1114991
            ],
            [
              85.2994013,
              28.111443
            ],
            [
              85.2993324,
              28.1113611
            ],
            [
              85.2992468,
              28.1114172
            ]
          ]
        ]
      }
    },
    {
      "type": "Feature",
      "properties": {
        "building_id": "NEPAL_OSM_BLD_277949662",
        "type": "yes",
        "name": "Building",
        "district": "Rasuwa",
        "country": "Nepal"
      },
      "geometry": {
        "type": "Polygon",
        "coordinates": [
          [
            [
              85.2994223,
              28.1113382
            ],
            [
              85.2994691,
              28.1114022
            ],
            [
              85.2995155,
              28.1113758
            ],
            [
              85.2994687,
              28.1113119
            ],
            [
              85.2994223,
              28.1113382
            ]
          ]
        ]
      }
    },
    {
      "type": "Feature",
      "properties": {
        "building_id": "NEPAL_OSM_BLD_277949663",
        "type": "yes",
        "name": "Building",
        "district": "Rasuwa",
        "country": "Nepal"
      },
      "geometry": {
        "type": "Polygon",
        "coordinates": [
          [
            [
              85.3014601,
              28.1097821
            ],
            [
              85.3015681,
              28.1097208
            ],
            [
              85.3015062,
              28.109636
            ],
            [
              85.3013982,
              28.1096973
            ],
            [
              85.3014601,
              28.1097821
            ]
          ]
        ]
      }
    },
    {
      "type": "Feature",
      "properties": {
        "building_id": "NEPAL_OSM_BLD_277949664",
        "type": "yes",
        "name": "Building",
        "district": "Rasuwa",
        "country": "Nepal"
      },
      "geometry": {
        "type": "Polygon",
        "coordinates": [
          [
            [
              85.2949826,
              28.1106217
            ],
            [
              85.2951085,
              28.1105976
            ],
            [
              85.2950829,
              28.1104931
            ],
            [
              85.294957,
              28.1105172
            ],
            [
              85.2949826,
              28.1106217
            ]
          ]
        ]
      }
    },
    {
      "type": "Feature",
      "properties": {
        "building_id": "NEPAL_OSM_BLD_277949665",
        "type": "yes",
        "name": "Building",
        "district": "Rasuwa",
        "country": "Nepal"
      },
      "geometry": {
        "type": "Polygon",
        "coordinates": [
          [
            [
              85.2968207,
              28.1138333
            ],
            [
              85.2968843,
              28.1137852
            ],
            [
              85.2968256,
              28.1137248
            ],
            [
              85.296762,
              28.1137729
            ],
            [
              85.2968207,
              28.1138333
            ]
          ]
        ]
      }
    },
    {
      "type": "Feature",
      "properties": {
        "building_id": "NEPAL_OSM_BLD_277949667",
        "type": "yes",
        "name": "Building",
        "district": "Rasuwa",
        "country": "Nepal"
      },
      "geometry": {
        "type": "Polygon",
        "coordinates": [
          [
            [
              85.2936512,
              28.1107093
            ],
            [
              85.2937966,
              28.1107642
            ],
            [
              85.2938258,
              28.1107041
            ],
            [
              85.2936804,
              28.1106492
            ],
            [
              85.2936512,
              28.1107093
            ]
          ]
        ]
      }
    },
    {
      "type": "Feature",
      "properties": {
        "building_id": "NEPAL_OSM_BLD_277949668",
        "type": "yes",
        "name": "Building",
        "district": "Rasuwa",
        "country": "Nepal"
      },
      "geometry": {
        "type": "Polygon",
        "coordinates": [
          [
            [
              85.296034,
              28.1139192
            ],
            [
              85.2960585,
              28.1138976
            ],
            [
              85.296095,
              28.1139298
            ],
            [
              85.2961587,
              28.1138736
            ],
            [
              85.2960707,
              28.113796
            ],
            [
              85.2959824,
              28.1138738
            ],
            [
              85.296034,
              28.1139192
            ]
          ]
        ]
      }
    },
    {
      "type": "Feature",
      "properties": {
        "building_id": "NEPAL_OSM_BLD_277949669",
        "type": "yes",
        "name": "Building",
        "district": "Rasuwa",
        "country": "Nepal"
      },
      "geometry": {
        "type": "Polygon",
        "coordinates": [
          [
            [
              85.2954304,
              28.1124177
            ],
            [
              85.2955745,
              28.1123536
            ],
            [
              85.295514,
              28.1122478
            ],
            [
              85.2953699,
              28.1123119
            ],
            [
              85.2954304,
              28.1124177
            ]
          ]
        ]
      }
    },
    {
      "type": "Feature",
      "properties": {
        "building_id": "NEPAL_OSM_BLD_277949670",
        "type": "yes",
        "name": "Building",
        "district": "Rasuwa",
        "country": "Nepal"
      },
      "geometry": {
        "type": "Polygon",
        "coordinates": [
          [
            [
              85.2968211,
              28.1132249
            ],
            [
              85.2968855,
              28.113186
            ],
            [
              85.2968461,
              28.1131352
            ],
            [
              85.2967817,
              28.113174
            ],
            [
              85.2968211,
              28.1132249
            ]
          ]
        ]
      }
    },
    {
      "type": "Feature",
      "properties": {
        "building_id": "NEPAL_OSM_BLD_277949672",
        "type": "yes",
        "name": "Building",
        "district": "Rasuwa",
        "country": "Nepal"
      },
      "geometry": {
        "type": "Polygon",
        "coordinates": [
          [
            [
              85.2959681,
              28.110809
            ],
            [
              85.2959692,
              28.1108589
            ],
            [
              85.2961101,
              28.1108565
            ],
            [
              85.296109,
              28.1108067
            ],
            [
              85.2959681,
              28.110809
            ]
          ]
        ]
      }
    },
    {
      "type": "Feature",
      "properties": {
        "building_id": "NEPAL_OSM_BLD_277949673",
        "type": "yes",
        "name": "Building",
        "district": "Rasuwa",
        "country": "Nepal"
      },
      "geometry": {
        "type": "Polygon",
        "coordinates": [
          [
            [
              85.2997573,
              28.1109537
            ],
            [
              85.2997075,
              28.1109946
            ],
            [
              85.2997929,
              28.1110755
            ],
            [
              85.2998427,
              28.1110347
            ],
            [
              85.2997573,
              28.1109537
            ]
          ]
        ]
      }
    },
    {
      "type": "Feature",
      "properties": {
        "building_id": "NEPAL_OSM_BLD_277949676",
        "type": "yes",
        "name": "Building",
        "district": "Rasuwa",
        "country": "Nepal"
      },
      "geometry": {
        "type": "Polygon",
        "coordinates": [
          [
            [
              85.2978025,
              28.1117379
            ],
            [
              85.2978979,
              28.1116882
            ],
            [
              85.2978645,
              28.1116384
            ],
            [
              85.2977692,
              28.1116881
            ],
            [
              85.2978025,
              28.1117379
            ]
          ]
        ]
      }
    },
    {
      "type": "Feature",
      "properties": {
        "building_id": "NEPAL_OSM_BLD_277949679",
        "type": "yes",
        "name": "Building",
        "district": "Rasuwa",
        "country": "Nepal"
      },
      "geometry": {
        "type": "Polygon",
        "coordinates": [
          [
            [
              85.29597,
              28.1109272
            ],
            [
              85.2961011,
              28.1109249
            ],
            [
              85.2960998,
              28.1108688
            ],
            [
              85.2959687,
              28.1108711
            ],
            [
              85.29597,
              28.1109272
            ]
          ]
        ]
      }
    },
    {
      "type": "Feature",
      "properties": {
        "building_id": "NEPAL_OSM_BLD_277949680",
        "type": "yes",
        "name": "Building",
        "district": "Rasuwa",
        "country": "Nepal"
      },
      "geometry": {
        "type": "Polygon",
        "coordinates": [
          [
            [
              85.3011325,
              28.1095517
            ],
            [
              85.3011902,
              28.1095325
            ],
            [
              85.3011657,
              28.109475
            ],
            [
              85.301108,
              28.1094942
            ],
            [
              85.3011325,
              28.1095517
            ]
          ]
        ]
      }
    },
    {
      "type": "Feature",
      "properties": {
        "building_id": "NEPAL_OSM_BLD_277949681",
        "type": "yes",
        "name": "Building",
        "district": "Rasuwa",
        "country": "Nepal"
      },
      "geometry": {
        "type": "Polygon",
        "coordinates": [
          [
            [
              85.2957633,
              28.1139387
            ],
            [
              85.2958877,
              28.1138838
            ],
            [
              85.2958488,
              28.113815
            ],
            [
              85.2957243,
              28.1138699
            ],
            [
              85.2957633,
              28.1139387
            ]
          ]
        ]
      }
    },
    {
      "type": "Feature",
      "properties": {
        "building_id": "NEPAL_OSM_BLD_277949682",
        "type": "yes",
        "name": "Building",
        "district": "Rasuwa",
        "country": "Nepal"
      },
      "geometry": {
        "type": "Polygon",
        "coordinates": [
          [
            [
              85.2969794,
              28.1117645
            ],
            [
              85.2970932,
              28.1118568
            ],
            [
              85.2971747,
              28.1117786
            ],
            [
              85.2970609,
              28.1116863
            ],
            [
              85.2969794,
              28.1117645
            ]
          ]
        ]
      }
    },
    {
      "type": "Feature",
      "properties": {
        "building_id": "NEPAL_OSM_BLD_277949683",
        "type": "yes",
        "name": "Building",
        "district": "Rasuwa",
        "country": "Nepal"
      },
      "geometry": {
        "type": "Polygon",
        "coordinates": [
          [
            [
              85.2989956,
              28.1119769
            ],
            [
              85.2990819,
              28.1119395
            ],
            [
              85.2990286,
              28.111844
            ],
            [
              85.2989423,
              28.1118814
            ],
            [
              85.2989956,
              28.1119769
            ]
          ]
        ]
      }
    },
    {
      "type": "Feature",
      "properties": {
        "building_id": "NEPAL_OSM_BLD_277949684",
        "type": "yes",
        "name": "Building",
        "district": "Rasuwa",
        "country": "Nepal"
      },
      "geometry": {
        "type": "Polygon",
        "coordinates": [
          [
            [
              85.3007506,
              28.1098417
            ],
            [
              85.3007558,
              28.1099241
            ],
            [
              85.3008549,
              28.1099192
            ],
            [
              85.3008497,
              28.1098368
            ],
            [
              85.3007506,
              28.1098417
            ]
          ]
        ]
      }
    },
    {
      "type": "Feature",
      "properties": {
        "building_id": "NEPAL_OSM_BLD_277949687",
        "type": "yes",
        "name": "Building",
        "district": "Rasuwa",
        "country": "Nepal"
      },
      "geometry": {
        "type": "Polygon",
        "coordinates": [
          [
            [
              85.2958923,
              28.1140407
            ],
            [
              85.2959441,
              28.1140107
            ],
            [
              85.2959143,
              28.1139705
            ],
            [
              85.2958625,
              28.1140005
            ],
            [
              85.2958923,
              28.1140407
            ]
          ]
        ]
      }
    },
    {
      "type": "Feature",
      "properties": {
        "building_id": "NEPAL_OSM_BLD_277949689",
        "type": "yes",
        "name": "Building",
        "district": "Rasuwa",
        "country": "Nepal"
      },
      "geometry": {
        "type": "Polygon",
        "coordinates": [
          [
            [
              85.2956579,
              28.1128438
            ],
            [
              85.2957202,
              28.1127888
            ],
            [
              85.2956229,
              28.112703
            ],
            [
              85.2955606,
              28.1127579
            ],
            [
              85.2956579,
              28.1128438
            ]
          ]
        ]
      }
    },
    {
      "type": "Feature",
      "properties": {
        "building_id": "NEPAL_OSM_BLD_277949690",
        "type": "yes",
        "name": "Building",
        "district": "Rasuwa",
        "country": "Nepal"
      },
      "geometry": {
        "type": "Polygon",
        "coordinates": [
          [
            [
              85.2949197,
              28.1131581
            ],
            [
              85.2950197,
              28.1130094
            ],
            [
              85.2949518,
              28.1129738
            ],
            [
              85.2948517,
              28.1131226
            ],
            [
              85.2949197,
              28.1131581
            ]
          ]
        ]
      }
    },
    {
      "type": "Feature",
      "properties": {
        "building_id": "NEPAL_OSM_BLD_277949692",
        "type": "yes",
        "name": "Building",
        "district": "Rasuwa",
        "country": "Nepal"
      },
      "geometry": {
        "type": "Polygon",
        "coordinates": [
          [
            [
              85.2993223,
              28.1113334
            ],
            [
              85.299403,
              28.1112994
            ],
            [
              85.299361,
              28.1112216
            ],
            [
              85.2992802,
              28.1112556
            ],
            [
              85.2993223,
              28.1113334
            ]
          ]
        ]
      }
    },
    {
      "type": "Feature",
      "properties": {
        "building_id": "NEPAL_OSM_BLD_277949695",
        "type": "yes",
        "name": "Building",
        "district": "Rasuwa",
        "country": "Nepal"
      },
      "geometry": {
        "type": "Polygon",
        "coordinates": [
          [
            [
              85.3007677,
              28.1094427
            ],
            [
              85.3008794,
              28.1094416
            ],
            [
              85.3008779,
              28.1093278
            ],
            [
              85.3007662,
              28.109329
            ],
            [
              85.3007677,
              28.1094427
            ]
          ]
        ]
      }
    },
    {
      "type": "Feature",
      "properties": {
        "building_id": "NEPAL_OSM_BLD_277949696",
        "type": "yes",
        "name": "Building",
        "district": "Rasuwa",
        "country": "Nepal"
      },
      "geometry": {
        "type": "Polygon",
        "coordinates": [
          [
            [
              85.2956669,
              28.1138323
            ],
            [
              85.2957488,
              28.1138189
            ],
            [
              85.295737,
              28.1137625
            ],
            [
              85.2956551,
              28.1137758
            ],
            [
              85.2956669,
              28.1138323
            ]
          ]
        ]
      }
    },
    {
      "type": "Feature",
      "properties": {
        "building_id": "NEPAL_OSM_BLD_277949697",
        "type": "yes",
        "name": "Building",
        "district": "Rasuwa",
        "country": "Nepal"
      },
      "geometry": {
        "type": "Polygon",
        "coordinates": [
          [
            [
              85.2965855,
              28.1131647
            ],
            [
              85.2966387,
              28.1131229
            ],
            [
              85.2965982,
              28.1130827
            ],
            [
              85.296545,
              28.1131245
            ],
            [
              85.2965855,
              28.1131647
            ]
          ]
        ]
      }
    },
    {
      "type": "Feature",
      "properties": {
        "building_id": "NEPAL_OSM_BLD_277949698",
        "type": "yes",
        "name": "Building",
        "district": "Rasuwa",
        "country": "Nepal"
      },
      "geometry": {
        "type": "Polygon",
        "coordinates": [
          [
            [
              85.2963569,
              28.1117271
            ],
            [
              85.296436,
              28.1116655
            ],
            [
              85.2963975,
              28.111627
            ],
            [
              85.2963185,
              28.1116886
            ],
            [
              85.2963569,
              28.1117271
            ]
          ]
        ]
      }
    },
    {
      "type": "Feature",
      "properties": {
        "building_id": "NEPAL_OSM_BLD_277949699",
        "type": "yes",
        "name": "Building",
        "district": "Rasuwa",
        "country": "Nepal"
      },
      "geometry": {
        "type": "Polygon",
        "coordinates": [
          [
            [
              85.2957643,
              28.1127018
            ],
            [
              85.2957083,
              28.1126168
            ],
            [
              85.2956377,
              28.112653
            ],
            [
              85.2956937,
              28.112738
            ],
            [
              85.2957643,
              28.1127018
            ]
          ]
        ]
      }
    },
    {
      "type": "Feature",
      "properties": {
        "building_id": "NEPAL_OSM_BLD_277949700",
        "type": "yes",
        "name": "Building",
        "district": "Rasuwa",
        "country": "Nepal"
      },
      "geometry": {
        "type": "Polygon",
        "coordinates": [
          [
            [
              85.2949151,
              28.1131707
            ],
            [
              85.2950143,
              28.1132311
            ],
            [
              85.2950749,
              28.1131528
            ],
            [
              85.2950092,
              28.1130557
            ],
            [
              85.2949151,
              28.1131707
            ]
          ]
        ]
      }
    },
    {
      "type": "Feature",
      "properties": {
        "building_id": "NEPAL_OSM_BLD_277949701",
        "type": "yes",
        "name": "Building",
        "district": "Rasuwa",
        "country": "Nepal"
      },
      "geometry": {
        "type": "Polygon",
        "coordinates": [
          [
            [
              85.2963594,
              28.1120953
            ],
            [
              85.2964255,
              28.1120371
            ],
            [
              85.2963737,
              28.1119914
            ],
            [
              85.2963076,
              28.1120497
            ],
            [
              85.2963594,
              28.1120953
            ]
          ]
        ]
      }
    },
    {
      "type": "Feature",
      "properties": {
        "building_id": "NEPAL_OSM_BLD_277949702",
        "type": "yes",
        "name": "Building",
        "district": "Rasuwa",
        "country": "Nepal"
      },
      "geometry": {
        "type": "Polygon",
        "coordinates": [
          [
            [
              85.2969718,
              28.1121148
            ],
            [
              85.2970638,
              28.1121781
            ],
            [
              85.2971144,
              28.1121208
            ],
            [
              85.2970224,
              28.1120575
            ],
            [
              85.2969718,
              28.1121148
            ]
          ]
        ]
      }
    },
    {
      "type": "Feature",
      "properties": {
        "building_id": "NEPAL_OSM_BLD_277949703",
        "type": "yes",
        "name": "Building",
        "district": "Rasuwa",
        "country": "Nepal"
      },
      "geometry": {
        "type": "Polygon",
        "coordinates": [
          [
            [
              85.2992361,
              28.1124996
            ],
            [
              85.2993386,
              28.1124802
            ],
            [
              85.2993056,
              28.1123446
            ],
            [
              85.299203,
              28.1123641
            ],
            [
              85.2992361,
              28.1124996
            ]
          ]
        ]
      }
    },
    {
      "type": "Feature",
      "properties": {
        "building_id": "NEPAL_OSM_BLD_277949704",
        "type": "yes",
        "name": "Building",
        "district": "Rasuwa",
        "country": "Nepal"
      },
      "geometry": {
        "type": "Polygon",
        "coordinates": [
          [
            [
              85.3018012,
              28.1093998
            ],
            [
              85.3016856,
              28.1094699
            ],
            [
              85.3017673,
              28.1095747
            ],
            [
              85.3018829,
              28.1095047
            ],
            [
              85.3018012,
              28.1093998
            ]
          ]
        ]
      }
    },
    {
      "type": "Feature",
      "properties": {
        "building_id": "NEPAL_OSM_BLD_277949705",
        "type": "yes",
        "name": "Building",
        "district": "Rasuwa",
        "country": "Nepal"
      },
      "geometry": {
        "type": "Polygon",
        "coordinates": [
          [
            [
              85.3017346,
              28.1112624
            ],
            [
              85.3018288,
              28.1112145
            ],
            [
              85.3017699,
              28.1111244
            ],
            [
              85.3016758,
              28.1111723
            ],
            [
              85.3017346,
              28.1112624
            ]
          ]
        ]
      }
    },
    {
      "type": "Feature",
      "properties": {
        "building_id": "NEPAL_OSM_BLD_277949706",
        "type": "yes",
        "name": "Building",
        "district": "Rasuwa",
        "country": "Nepal"
      },
      "geometry": {
        "type": "Polygon",
        "coordinates": [
          [
            [
              85.3018153,
              28.1094136
            ],
            [
              85.3018812,
              28.1094975
            ],
            [
              85.3019454,
              28.1094583
            ],
            [
              85.3018794,
              28.1093744
            ],
            [
              85.3018153,
              28.1094136
            ]
          ]
        ]
      }
    },
    {
      "type": "Feature",
      "properties": {
        "building_id": "NEPAL_OSM_BLD_277949707",
        "type": "yes",
        "name": "Building",
        "district": "Rasuwa",
        "country": "Nepal"
      },
      "geometry": {
        "type": "Polygon",
        "coordinates": [
          [
            [
              85.2994556,
              28.1107799
            ],
            [
              85.299555,
              28.1108774
            ],
            [
              85.2996848,
              28.1107743
            ],
            [
              85.2995854,
              28.1106769
            ],
            [
              85.2994556,
              28.1107799
            ]
          ]
        ]
      }
    },
    {
      "type": "Feature",
      "properties": {
        "building_id": "NEPAL_OSM_BLD_277949708",
        "type": "yes",
        "name": "Building",
        "district": "Rasuwa",
        "country": "Nepal"
      },
      "geometry": {
        "type": "Polygon",
        "coordinates": [
          [
            [
              85.2956161,
              28.1109644
            ],
            [
              85.2956959,
              28.110928
            ],
            [
              85.2956668,
              28.1108783
            ],
            [
              85.2955869,
              28.1109147
            ],
            [
              85.2956161,
              28.1109644
            ]
          ]
        ]
      }
    },
    {
      "type": "Feature",
      "properties": {
        "building_id": "NEPAL_OSM_BLD_277949710",
        "type": "yes",
        "name": "Building",
        "district": "Rasuwa",
        "country": "Nepal"
      },
      "geometry": {
        "type": "Polygon",
        "coordinates": [
          [
            [
              85.301713,
              28.1093718
            ],
            [
              85.301776,
              28.1093346
            ],
            [
              85.3017314,
              28.109276
            ],
            [
              85.3016685,
              28.1093132
            ],
            [
              85.301713,
              28.1093718
            ]
          ]
        ]
      }
    },
    {
      "type": "Feature",
      "properties": {
        "building_id": "NEPAL_OSM_BLD_277949711",
        "type": "yes",
        "name": "Building",
        "district": "Rasuwa",
        "country": "Nepal"
      },
      "geometry": {
        "type": "Polygon",
        "coordinates": [
          [
            [
              85.2950598,
              28.1121913
            ],
            [
              85.2951301,
              28.11226
            ],
            [
              85.2952076,
              28.1121982
            ],
            [
              85.2951373,
              28.1121295
            ],
            [
              85.2950598,
              28.1121913
            ]
          ]
        ]
      }
    },
    {
      "type": "Feature",
      "properties": {
        "building_id": "NEPAL_OSM_BLD_277949712",
        "type": "yes",
        "name": "Building",
        "district": "Rasuwa",
        "country": "Nepal"
      },
      "geometry": {
        "type": "Polygon",
        "coordinates": [
          [
            [
              85.3001595,
              28.1100002
            ],
            [
              85.3002491,
              28.1101273
            ],
            [
              85.3003828,
              28.1100541
            ],
            [
              85.3002932,
              28.1099269
            ],
            [
              85.3001595,
              28.1100002
            ]
          ]
        ]
      }
    },
    {
      "type": "Feature",
      "properties": {
        "building_id": "NEPAL_OSM_BLD_277949713",
        "type": "yes",
        "name": "Building",
        "district": "Rasuwa",
        "country": "Nepal"
      },
      "geometry": {
        "type": "Polygon",
        "coordinates": [
          [
            [
              85.2972089,
              28.1117888
            ],
            [
              85.2973539,
              28.1117224
            ],
            [
              85.2973071,
              28.1116428
            ],
            [
              85.297162,
              28.1117092
            ],
            [
              85.2972089,
              28.1117888
            ]
          ]
        ]
      }
    },
    {
      "type": "Feature",
      "properties": {
        "building_id": "NEPAL_OSM_BLD_277949714",
        "type": "yes",
        "name": "Building",
        "district": "Rasuwa",
        "country": "Nepal"
      },
      "geometry": {
        "type": "Polygon",
        "coordinates": [
          [
            [
              85.3001741,
              28.1107225
            ],
            [
              85.3002457,
              28.1106651
            ],
            [
              85.3001416,
              28.1105642
            ],
            [
              85.30007,
              28.1106217
            ],
            [
              85.3001741,
              28.1107225
            ]
          ]
        ]
      }
    },
    {
      "type": "Feature",
      "properties": {
        "building_id": "NEPAL_OSM_BLD_277949715",
        "type": "yes",
        "name": "Building",
        "district": "Rasuwa",
        "country": "Nepal"
      },
      "geometry": {
        "type": "Polygon",
        "coordinates": [
          [
            [
              85.3015902,
              28.109983
            ],
            [
              85.3016655,
              28.1099498
            ],
            [
              85.3016211,
              28.1098715
            ],
            [
              85.3015458,
              28.1099047
            ],
            [
              85.3015902,
              28.109983
            ]
          ]
        ]
      }
    },
    {
      "type": "Feature",
      "properties": {
        "building_id": "NEPAL_OSM_BLD_277949716",
        "type": "yes",
        "name": "Building",
        "district": "Rasuwa",
        "country": "Nepal"
      },
      "geometry": {
        "type": "Polygon",
        "coordinates": [
          [
            [
              85.3014901,
              28.1094585
            ],
            [
              85.301554,
              28.1094402
            ],
            [
              85.3015291,
              28.1093729
            ],
            [
              85.3014653,
              28.1093912
            ],
            [
              85.3014901,
              28.1094585
            ]
          ]
        ]
      }
    },
    {
      "type": "Feature",
      "properties": {
        "building_id": "NEPAL_OSM_BLD_277949717",
        "type": "yes",
        "name": "Building",
        "district": "Rasuwa",
        "country": "Nepal"
      },
      "geometry": {
        "type": "Polygon",
        "coordinates": [
          [
            [
              85.2967342,
              28.1122853
            ],
            [
              85.2968342,
              28.1123712
            ],
            [
              85.296886,
              28.1123243
            ],
            [
              85.2967861,
              28.1122384
            ],
            [
              85.2967342,
              28.1122853
            ]
          ]
        ]
      }
    },
    {
      "type": "Feature",
      "properties": {
        "building_id": "NEPAL_OSM_BLD_277949718",
        "type": "yes",
        "name": "Building",
        "district": "Rasuwa",
        "country": "Nepal"
      },
      "geometry": {
        "type": "Polygon",
        "coordinates": [
          [
            [
              85.3013448,
              28.1100276
            ],
            [
              85.3013911,
              28.1100914
            ],
            [
              85.3015312,
              28.1100124
            ],
            [
              85.301485,
              28.1099486
            ],
            [
              85.3013448,
              28.1100276
            ]
          ]
        ]
      }
    },
    {
      "type": "Feature",
      "properties": {
        "building_id": "NEPAL_OSM_BLD_277949719",
        "type": "yes",
        "name": "Building",
        "district": "Rasuwa",
        "country": "Nepal"
      },
      "geometry": {
        "type": "Polygon",
        "coordinates": [
          [
            [
              85.2962671,
              28.1136687
            ],
            [
              85.29631,
              28.1136382
            ],
            [
              85.2962745,
              28.1135994
            ],
            [
              85.2962316,
              28.1136299
            ],
            [
              85.2962671,
              28.1136687
            ]
          ]
        ]
      }
    },
    {
      "type": "Feature",
      "properties": {
        "building_id": "NEPAL_OSM_BLD_277949720",
        "type": "yes",
        "name": "Building",
        "district": "Rasuwa",
        "country": "Nepal"
      },
      "geometry": {
        "type": "Polygon",
        "coordinates": [
          [
            [
              85.2966005,
              28.1122275
            ],
            [
              85.2966674,
              28.1121743
            ],
            [
              85.2966161,
              28.1121242
            ],
            [
              85.2965492,
              28.1121774
            ],
            [
              85.2966005,
              28.1122275
            ]
          ]
        ]
      }
    },
    {
      "type": "Feature",
      "properties": {
        "building_id": "NEPAL_OSM_BLD_277949721",
        "type": "yes",
        "name": "Building",
        "district": "Rasuwa",
        "country": "Nepal"
      },
      "geometry": {
        "type": "Polygon",
        "coordinates": [
          [
            [
              85.2975058,
              28.1119065
            ],
            [
              85.2975753,
              28.1118629
            ],
            [
              85.2975219,
              28.1117966
            ],
            [
              85.2974524,
              28.1118402
            ],
            [
              85.2975058,
              28.1119065
            ]
          ]
        ]
      }
    },
    {
      "type": "Feature",
      "properties": {
        "building_id": "NEPAL_OSM_BLD_277949722",
        "type": "yes",
        "name": "Building",
        "district": "Rasuwa",
        "country": "Nepal"
      },
      "geometry": {
        "type": "Polygon",
        "coordinates": [
          [
            [
              85.2986131,
              28.1093666
            ],
            [
              85.2986426,
              28.1094424
            ],
            [
              85.2988299,
              28.1093858
            ],
            [
              85.2988003,
              28.1093099
            ],
            [
              85.2986131,
              28.1093666
            ]
          ]
        ]
      }
    },
    {
      "type": "Feature",
      "properties": {
        "building_id": "NEPAL_OSM_BLD_277949723",
        "type": "yes",
        "name": "Building",
        "district": "Rasuwa",
        "country": "Nepal"
      },
      "geometry": {
        "type": "Polygon",
        "coordinates": [
          [
            [
              85.2943152,
              28.1099442
            ],
            [
              85.2944225,
              28.1099143
            ],
            [
              85.2943923,
              28.1098298
            ],
            [
              85.2942849,
              28.1098598
            ],
            [
              85.2943152,
              28.1099442
            ]
          ]
        ]
      }
    },
    {
      "type": "Feature",
      "properties": {
        "building_id": "NEPAL_OSM_BLD_277949724",
        "type": "yes",
        "name": "Building",
        "district": "Rasuwa",
        "country": "Nepal"
      },
      "geometry": {
        "type": "Polygon",
        "coordinates": [
          [
            [
              85.2970452,
              28.1136857
            ],
            [
              85.2971197,
              28.113611
            ],
            [
              85.2969512,
              28.1134803
            ],
            [
              85.2968767,
              28.113555
            ],
            [
              85.2970452,
              28.1136857
            ]
          ]
        ]
      }
    },
    {
      "type": "Feature",
      "properties": {
        "building_id": "NEPAL_OSM_BLD_277949725",
        "type": "yes",
        "name": "Building",
        "district": "Rasuwa",
        "country": "Nepal"
      },
      "geometry": {
        "type": "Polygon",
        "coordinates": [
          [
            [
              85.2970574,
              28.113365
            ],
            [
              85.297106,
              28.1133195
            ],
            [
              85.2970614,
              28.1132825
            ],
            [
              85.2970128,
              28.113328
            ],
            [
              85.2970574,
              28.113365
            ]
          ]
        ]
      }
    },
    {
      "type": "Feature",
      "properties": {
        "building_id": "NEPAL_OSM_BLD_277949726",
        "type": "yes",
        "name": "Building",
        "district": "Rasuwa",
        "country": "Nepal"
      },
      "geometry": {
        "type": "Polygon",
        "coordinates": [
          [
            [
              85.2972694,
              28.1134196
            ],
            [
              85.2973193,
              28.1134682
            ],
            [
              85.2973666,
              28.1134303
            ],
            [
              85.2973167,
              28.1133819
            ],
            [
              85.2972694,
              28.1134196
            ]
          ]
        ]
      }
    },
    {
      "type": "Feature",
      "properties": {
        "building_id": "NEPAL_OSM_BLD_277949727",
        "type": "yes",
        "name": "Building",
        "district": "Rasuwa",
        "country": "Nepal"
      },
      "geometry": {
        "type": "Polygon",
        "coordinates": [
          [
            [
              85.2977243,
              28.1117967
            ],
            [
              85.2978091,
              28.1117525
            ],
            [
              85.2977661,
              28.1116883
            ],
            [
              85.2976813,
              28.1117325
            ],
            [
              85.2977243,
              28.1117967
            ]
          ]
        ]
      }
    },
    {
      "type": "Feature",
      "properties": {
        "building_id": "NEPAL_OSM_BLD_277949728",
        "type": "yes",
        "name": "Building",
        "district": "Rasuwa",
        "country": "Nepal"
      },
      "geometry": {
        "type": "Polygon",
        "coordinates": [
          [
            [
              85.3001607,
              28.1121145
            ],
            [
              85.3002415,
              28.1120684
            ],
            [
              85.3001954,
              28.1120056
            ],
            [
              85.3001146,
              28.1120517
            ],
            [
              85.3001607,
              28.1121145
            ]
          ]
        ]
      }
    },
    {
      "type": "Feature",
      "properties": {
        "building_id": "NEPAL_OSM_BLD_277949729",
        "type": "yes",
        "name": "Building",
        "district": "Rasuwa",
        "country": "Nepal"
      },
      "geometry": {
        "type": "Polygon",
        "coordinates": [
          [
            [
              85.2942886,
              28.1110504
            ],
            [
              85.2943407,
              28.111052
            ],
            [
              85.2943449,
              28.1109391
            ],
            [
              85.294284,
              28.1109374
            ],
            [
              85.2942832,
              28.1109588
            ],
            [
              85.2942798,
              28.1110502
            ],
            [
              85.2942886,
              28.1110504
            ]
          ]
        ]
      }
    },
    {
      "type": "Feature",
      "properties": {
        "building_id": "NEPAL_OSM_BLD_277949730",
        "type": "yes",
        "name": "Building",
        "district": "Rasuwa",
        "country": "Nepal"
      },
      "geometry": {
        "type": "Polygon",
        "coordinates": [
          [
            [
              85.2963129,
              28.113016
            ],
            [
              85.2964471,
              28.1129617
            ],
            [
              85.2963881,
              28.1128484
            ],
            [
              85.296254,
              28.1129027
            ],
            [
              85.2963129,
              28.113016
            ]
          ]
        ]
      }
    },
    {
      "type": "Feature",
      "properties": {
        "building_id": "NEPAL_OSM_BLD_277949731",
        "type": "yes",
        "name": "Building",
        "district": "Rasuwa",
        "country": "Nepal"
      },
      "geometry": {
        "type": "Polygon",
        "coordinates": [
          [
            [
              85.3014102,
              28.109473
            ],
            [
              85.3014816,
              28.1094524
            ],
            [
              85.3014594,
              28.1093922
            ],
            [
              85.3013879,
              28.1094127
            ],
            [
              85.3014102,
              28.109473
            ]
          ]
        ]
      }
    },
    {
      "type": "Feature",
      "properties": {
        "building_id": "NEPAL_OSM_BLD_277949732",
        "type": "yes",
        "name": "Building",
        "district": "Rasuwa",
        "country": "Nepal"
      },
      "geometry": {
        "type": "Polygon",
        "coordinates": [
          [
            [
              85.2982994,
              28.1119145
            ],
            [
              85.298399,
              28.1118849
            ],
            [
              85.2983746,
              28.1118211
            ],
            [
              85.2982751,
              28.1118507
            ],
            [
              85.2982994,
              28.1119145
            ]
          ]
        ]
      }
    },
    {
      "type": "Feature",
      "properties": {
        "building_id": "NEPAL_OSM_BLD_277949733",
        "type": "yes",
        "name": "Building",
        "district": "Rasuwa",
        "country": "Nepal"
      },
      "geometry": {
        "type": "Polygon",
        "coordinates": [
          [
            [
              85.2966215,
              28.1112864
            ],
            [
              85.2966722,
              28.1112699
            ],
            [
              85.2966359,
              28.1111833
            ],
            [
              85.2965853,
              28.1111998
            ],
            [
              85.2966215,
              28.1112864
            ]
          ]
        ]
      }
    },
    {
      "type": "Feature",
      "properties": {
        "building_id": "NEPAL_OSM_BLD_277949734",
        "type": "yes",
        "name": "Building",
        "district": "Rasuwa",
        "country": "Nepal"
      },
      "geometry": {
        "type": "Polygon",
        "coordinates": [
          [
            [
              85.2976572,
              28.1118541
            ],
            [
              85.2977192,
              28.11181
            ],
            [
              85.2976529,
              28.1117376
            ],
            [
              85.297591,
              28.1117817
            ],
            [
              85.2976572,
              28.1118541
            ]
          ]
        ]
      }
    },
    {
      "type": "Feature",
      "properties": {
        "building_id": "NEPAL_OSM_BLD_277949735",
        "type": "yes",
        "name": "Building",
        "district": "Rasuwa",
        "country": "Nepal"
      },
      "geometry": {
        "type": "Polygon",
        "coordinates": [
          [
            [
              85.2973772,
              28.1118937
            ],
            [
              85.297454,
              28.111989
            ],
            [
              85.2975279,
              28.1119426
            ],
            [
              85.2974511,
              28.1118473
            ],
            [
              85.2973772,
              28.1118937
            ]
          ]
        ]
      }
    },
    {
      "type": "Feature",
      "properties": {
        "building_id": "NEPAL_OSM_BLD_277949736",
        "type": "yes",
        "name": "Building",
        "district": "Rasuwa",
        "country": "Nepal"
      },
      "geometry": {
        "type": "Polygon",
        "coordinates": [
          [
            [
              85.2937676,
              28.109534
            ],
            [
              85.2938645,
              28.1095388
            ],
            [
              85.2938629,
              28.1095647
            ],
            [
              85.2939317,
              28.1095681
            ],
            [
              85.2939378,
              28.1094705
            ],
            [
              85.2937721,
              28.1094624
            ],
            [
              85.2937676,
              28.109534
            ]
          ]
        ]
      }
    },
    {
      "type": "Feature",
      "properties": {
        "building_id": "NEPAL_OSM_BLD_277949737",
        "type": "yes",
        "name": "Building",
        "district": "Rasuwa",
        "country": "Nepal"
      },
      "geometry": {
        "type": "Polygon",
        "coordinates": [
          [
            [
              85.2995529,
              28.1105344
            ],
            [
              85.2995927,
              28.1105669
            ],
            [
              85.2995665,
              28.1105918
            ],
            [
              85.2996126,
              28.1106295
            ],
            [
              85.2996355,
              28.1106078
            ],
            [
              85.2996928,
              28.1105532
            ],
            [
              85.2996069,
              28.110483
            ],
            [
              85.2995529,
              28.1105344
            ]
          ]
        ]
      }
    },
    {
      "type": "Feature",
      "properties": {
        "building_id": "NEPAL_OSM_BLD_277950030",
        "type": "yes",
        "name": "Building",
        "district": "Rasuwa",
        "country": "Nepal"
      },
      "geometry": {
        "type": "Polygon",
        "coordinates": [
          [
            [
              85.2964511,
              28.1124919
            ],
            [
              85.2965465,
              28.1125704
            ],
            [
              85.2965998,
              28.1125201
            ],
            [
              85.2965043,
              28.1124415
            ],
            [
              85.2964511,
              28.1124919
            ]
          ]
        ]
      }
    },
    {
      "type": "Feature",
      "properties": {
        "building_id": "NEPAL_OSM_BLD_277950031",
        "type": "yes",
        "name": "Building",
        "district": "Rasuwa",
        "country": "Nepal"
      },
      "geometry": {
        "type": "Polygon",
        "coordinates": [
          [
            [
              85.2963174,
              28.1125792
            ],
            [
              85.2963872,
              28.1126431
            ],
            [
              85.2964895,
              28.1125562
            ],
            [
              85.2964196,
              28.1124923
            ],
            [
              85.2963174,
              28.1125792
            ]
          ]
        ]
      }
    },
    {
      "type": "Feature",
      "properties": {
        "building_id": "NEPAL_OSM_BLD_277950032",
        "type": "yes",
        "name": "Building",
        "district": "Rasuwa",
        "country": "Nepal"
      },
      "geometry": {
        "type": "Polygon",
        "coordinates": [
          [
            [
              85.2983378,
              28.1128192
            ],
            [
              85.2984787,
              28.1128916
            ],
            [
              85.2985274,
              28.1128179
            ],
            [
              85.2983864,
              28.1127455
            ],
            [
              85.2983378,
              28.1128192
            ]
          ]
        ]
      }
    },
    {
      "type": "Feature",
      "properties": {
        "building_id": "NEPAL_OSM_BLD_277950033",
        "type": "yes",
        "name": "Building",
        "district": "Rasuwa",
        "country": "Nepal"
      },
      "geometry": {
        "type": "Polygon",
        "coordinates": [
          [
            [
              85.298436,
              28.1129333
            ],
            [
              85.2984645,
              28.1128904
            ],
            [
              85.2983908,
              28.1128524
            ],
            [
              85.2983624,
              28.1128953
            ],
            [
              85.298436,
              28.1129333
            ]
          ]
        ]
      }
    },
    {
      "type": "Feature",
      "properties": {
        "building_id": "NEPAL_OSM_BLD_277950034",
        "type": "yes",
        "name": "Building",
        "district": "Rasuwa",
        "country": "Nepal"
      },
      "geometry": {
        "type": "Polygon",
        "coordinates": [
          [
            [
              85.2971532,
              28.112724
            ],
            [
              85.2972872,
              28.1126317
            ],
            [
              85.2971982,
              28.1125312
            ],
            [
              85.2970642,
              28.1126235
            ],
            [
              85.2971532,
              28.112724
            ]
          ]
        ]
      }
    },
    {
      "type": "Feature",
      "properties": {
        "building_id": "NEPAL_OSM_BLD_277950035",
        "type": "yes",
        "name": "Building",
        "district": "Rasuwa",
        "country": "Nepal"
      },
      "geometry": {
        "type": "Polygon",
        "coordinates": [
          [
            [
              85.2984827,
              28.112752
            ],
            [
              85.2985671,
              28.1126707
            ],
            [
              85.2985,
              28.1126166
            ],
            [
              85.2984156,
              28.1126979
            ],
            [
              85.2984827,
              28.112752
            ]
          ]
        ]
      }
    },
    {
      "type": "Feature",
      "properties": {
        "building_id": "NEPAL_OSM_BLD_277950036",
        "type": "yes",
        "name": "Building",
        "district": "Rasuwa",
        "country": "Nepal"
      },
      "geometry": {
        "type": "Polygon",
        "coordinates": [
          [
            [
              85.2979981,
              28.111406
            ],
            [
              85.2981082,
              28.1113639
            ],
            [
              85.2980763,
              28.111299
            ],
            [
              85.2979662,
              28.1113411
            ],
            [
              85.2979981,
              28.111406
            ]
          ]
        ]
      }
    },
    {
      "type": "Feature",
      "properties": {
        "building_id": "NEPAL_OSM_BLD_277950037",
        "type": "yes",
        "name": "Building",
        "district": "Rasuwa",
        "country": "Nepal"
      },
      "geometry": {
        "type": "Polygon",
        "coordinates": [
          [
            [
              85.2985471,
              28.112905
            ],
            [
              85.2985957,
              28.1129284
            ],
            [
              85.2986268,
              28.1128783
            ],
            [
              85.2985782,
              28.1128548
            ],
            [
              85.2985471,
              28.112905
            ]
          ]
        ]
      }
    },
    {
      "type": "Feature",
      "properties": {
        "building_id": "NEPAL_OSM_BLD_277950038",
        "type": "yes",
        "name": "Building",
        "district": "Rasuwa",
        "country": "Nepal"
      },
      "geometry": {
        "type": "Polygon",
        "coordinates": [
          [
            [
              85.2986439,
              28.1129912
            ],
            [
              85.298687,
              28.1129487
            ],
            [
              85.298631,
              28.1129044
            ],
            [
              85.2985878,
              28.1129469
            ],
            [
              85.2986439,
              28.1129912
            ]
          ]
        ]
      }
    },
    {
      "type": "Feature",
      "properties": {
        "building_id": "NEPAL_OSM_BLD_277950039",
        "type": "yes",
        "name": "Building",
        "district": "Rasuwa",
        "country": "Nepal"
      },
      "geometry": {
        "type": "Polygon",
        "coordinates": [
          [
            [
              85.298155,
              28.111376
            ],
            [
              85.2981657,
              28.1114671
            ],
            [
              85.2982722,
              28.1114574
            ],
            [
              85.2982615,
              28.1113663
            ],
            [
              85.298155,
              28.111376
            ]
          ]
        ]
      }
    },
    {
      "type": "Feature",
      "properties": {
        "building_id": "NEPAL_OSM_BLD_277950040",
        "type": "yes",
        "name": "Building",
        "district": "Rasuwa",
        "country": "Nepal"
      },
      "geometry": {
        "type": "Polygon",
        "coordinates": [
          [
            [
              85.2989124,
              28.1112786
            ],
            [
              85.2990305,
              28.1112465
            ],
            [
              85.2990124,
              28.1111946
            ],
            [
              85.2988943,
              28.1112267
            ],
            [
              85.2989124,
              28.1112786
            ]
          ]
        ]
      }
    },
    {
      "type": "Feature",
      "properties": {
        "building_id": "NEPAL_OSM_BLD_277950041",
        "type": "yes",
        "name": "Building",
        "district": "Rasuwa",
        "country": "Nepal"
      },
      "geometry": {
        "type": "Polygon",
        "coordinates": [
          [
            [
              85.3012625,
              28.1113543
            ],
            [
              85.3013404,
              28.1113166
            ],
            [
              85.3013031,
              28.1112567
            ],
            [
              85.3012252,
              28.1112945
            ],
            [
              85.3012625,
              28.1113543
            ]
          ]
        ]
      }
    },
    {
      "type": "Feature",
      "properties": {
        "building_id": "NEPAL_OSM_BLD_277950042",
        "type": "yes",
        "name": "Building",
        "district": "Rasuwa",
        "country": "Nepal"
      },
      "geometry": {
        "type": "Polygon",
        "coordinates": [
          [
            [
              85.3009066,
              28.1116625
            ],
            [
              85.3009562,
              28.111609
            ],
            [
              85.3009028,
              28.1115705
            ],
            [
              85.3008532,
              28.1116239
            ],
            [
              85.3009066,
              28.1116625
            ]
          ]
        ]
      }
    },
    {
      "type": "Feature",
      "properties": {
        "building_id": "NEPAL_OSM_BLD_277950043",
        "type": "yes",
        "name": "Building",
        "district": "Rasuwa",
        "country": "Nepal"
      },
      "geometry": {
        "type": "Polygon",
        "coordinates": [
          [
            [
              85.2968554,
              28.1130838
            ],
            [
              85.2969104,
              28.1130557
            ],
            [
              85.2968783,
              28.1130068
            ],
            [
              85.2968233,
              28.1130349
            ],
            [
              85.2968554,
              28.1130838
            ]
          ]
        ]
      }
    },
    {
      "type": "Feature",
      "properties": {
        "building_id": "NEPAL_OSM_BLD_277978386",
        "type": "yes",
        "name": "Building",
        "district": "Rasuwa",
        "country": "Nepal"
      },
      "geometry": {
        "type": "Polygon",
        "coordinates": [
          [
            [
              85.3122725,
              28.1294905
            ],
            [
              85.3123369,
              28.1294864
            ],
            [
              85.3123251,
              28.1293436
            ],
            [
              85.3122607,
              28.1293478
            ],
            [
              85.3122725,
              28.1294905
            ]
          ]
        ]
      }
    },
    {
      "type": "Feature",
      "properties": {
        "building_id": "NEPAL_OSM_BLD_277978387",
        "type": "yes",
        "name": "Building",
        "district": "Rasuwa",
        "country": "Nepal"
      },
      "geometry": {
        "type": "Polygon",
        "coordinates": [
          [
            [
              85.3113471,
              28.1293597
            ],
            [
              85.3113558,
              28.129296
            ],
            [
              85.3112978,
              28.12929
            ],
            [
              85.3112892,
              28.1293537
            ],
            [
              85.3113471,
              28.1293597
            ]
          ]
        ]
      }
    },
    {
      "type": "Feature",
      "properties": {
        "building_id": "NEPAL_OSM_BLD_277978388",
        "type": "yes",
        "name": "Building",
        "district": "Rasuwa",
        "country": "Nepal"
      },
      "geometry": {
        "type": "Polygon",
        "coordinates": [
          [
            [
              85.3120738,
              28.1300978
            ],
            [
              85.3121516,
              28.1301001
            ],
            [
              85.3121541,
              28.1300379
            ],
            [
              85.3120763,
              28.1300355
            ],
            [
              85.3120738,
              28.1300978
            ]
          ]
        ]
      }
    },
    {
      "type": "Feature",
      "properties": {
        "building_id": "NEPAL_OSM_BLD_277978389",
        "type": "yes",
        "name": "Building",
        "district": "Rasuwa",
        "country": "Nepal"
      },
      "geometry": {
        "type": "Polygon",
        "coordinates": [
          [
            [
              85.3112407,
              28.1285646
            ],
            [
              85.3113075,
              28.1285706
            ],
            [
              85.3113164,
              28.1284938
            ],
            [
              85.3112496,
              28.1284878
            ],
            [
              85.3112407,
              28.1285646
            ]
          ]
        ]
      }
    },
    {
      "type": "Feature",
      "properties": {
        "building_id": "NEPAL_OSM_BLD_277978390",
        "type": "yes",
        "name": "Building",
        "district": "Rasuwa",
        "country": "Nepal"
      },
      "geometry": {
        "type": "Polygon",
        "coordinates": [
          [
            [
              85.3125378,
              28.1295588
            ],
            [
              85.3126209,
              28.1295546
            ],
            [
              85.3126163,
              28.1294828
            ],
            [
              85.3125332,
              28.1294869
            ],
            [
              85.3125378,
              28.1295588
            ]
          ]
        ]
      }
    },
    {
      "type": "Feature",
      "properties": {
        "building_id": "NEPAL_OSM_BLD_277978391",
        "type": "yes",
        "name": "Building",
        "district": "Rasuwa",
        "country": "Nepal"
      },
      "geometry": {
        "type": "Polygon",
        "coordinates": [
          [
            [
              85.3113155,
              28.1287736
            ],
            [
              85.3114122,
              28.1287853
            ],
            [
              85.3114207,
              28.1287309
            ],
            [
              85.311324,
              28.1287192
            ],
            [
              85.3113155,
              28.1287736
            ]
          ]
        ]
      }
    },
    {
      "type": "Feature",
      "properties": {
        "building_id": "NEPAL_OSM_BLD_277978392",
        "type": "yes",
        "name": "Building",
        "district": "Rasuwa",
        "country": "Nepal"
      },
      "geometry": {
        "type": "Polygon",
        "coordinates": [
          [
            [
              85.3121758,
              28.1302373
            ],
            [
              85.3122348,
              28.1302267
            ],
            [
              85.3122212,
              28.130168
            ],
            [
              85.3121622,
              28.1301786
            ],
            [
              85.3121758,
              28.1302373
            ]
          ]
        ]
      }
    },
    {
      "type": "Feature",
      "properties": {
        "building_id": "NEPAL_OSM_BLD_277978393",
        "type": "yes",
        "name": "Building",
        "district": "Rasuwa",
        "country": "Nepal"
      },
      "geometry": {
        "type": "Polygon",
        "coordinates": [
          [
            [
              85.3124328,
              28.1281875
            ],
            [
              85.31252,
              28.1282396
            ],
            [
              85.3125645,
              28.1281816
            ],
            [
              85.3124774,
              28.1281295
            ],
            [
              85.3124328,
              28.1281875
            ]
          ]
        ]
      }
    },
    {
      "type": "Feature",
      "properties": {
        "building_id": "NEPAL_OSM_BLD_277978394",
        "type": "yes",
        "name": "Building",
        "district": "Rasuwa",
        "country": "Nepal"
      },
      "geometry": {
        "type": "Polygon",
        "coordinates": [
          [
            [
              85.3125326,
              28.1288127
            ],
            [
              85.3126502,
              28.1288638
            ],
            [
              85.3126847,
              28.128802
            ],
            [
              85.3125671,
              28.1287509
            ],
            [
              85.3125326,
              28.1288127
            ]
          ]
        ]
      }
    },
    {
      "type": "Feature",
      "properties": {
        "building_id": "NEPAL_OSM_BLD_277978395",
        "type": "yes",
        "name": "Building",
        "district": "Rasuwa",
        "country": "Nepal"
      },
      "geometry": {
        "type": "Polygon",
        "coordinates": [
          [
            [
              85.3132167,
              28.129849
            ],
            [
              85.3132916,
              28.1298774
            ],
            [
              85.3133265,
              28.1298059
            ],
            [
              85.3132516,
              28.1297774
            ],
            [
              85.3132167,
              28.129849
            ]
          ]
        ]
      }
    },
    {
      "type": "Feature",
      "properties": {
        "building_id": "NEPAL_OSM_BLD_277978396",
        "type": "yes",
        "name": "Building",
        "district": "Rasuwa",
        "country": "Nepal"
      },
      "geometry": {
        "type": "Polygon",
        "coordinates": [
          [
            [
              85.3123497,
              28.1294484
            ],
            [
              85.3124493,
              28.1294467
            ],
            [
              85.3124478,
              28.1293768
            ],
            [
              85.3123482,
              28.1293785
            ],
            [
              85.3123497,
              28.1294484
            ]
          ]
        ]
      }
    },
    {
      "type": "Feature",
      "properties": {
        "building_id": "NEPAL_OSM_BLD_277978397",
        "type": "yes",
        "name": "Building",
        "district": "Rasuwa",
        "country": "Nepal"
      },
      "geometry": {
        "type": "Polygon",
        "coordinates": [
          [
            [
              85.3137525,
              28.1303262
            ],
            [
              85.3138322,
              28.1303455
            ],
            [
              85.3138528,
              28.1302791
            ],
            [
              85.3137731,
              28.1302598
            ],
            [
              85.3137525,
              28.1303262
            ]
          ]
        ]
      }
    },
    {
      "type": "Feature",
      "properties": {
        "building_id": "NEPAL_OSM_BLD_277978398",
        "type": "yes",
        "name": "Building",
        "district": "Rasuwa",
        "country": "Nepal"
      },
      "geometry": {
        "type": "Polygon",
        "coordinates": [
          [
            [
              85.3137802,
              28.1296509
            ],
            [
              85.3138975,
              28.1296912
            ],
            [
              85.3139199,
              28.1296404
            ],
            [
              85.3138026,
              28.1296001
            ],
            [
              85.3137802,
              28.1296509
            ]
          ]
        ]
      }
    },
    {
      "type": "Feature",
      "properties": {
        "building_id": "NEPAL_OSM_BLD_277978399",
        "type": "yes",
        "name": "Building",
        "district": "Rasuwa",
        "country": "Nepal"
      },
      "geometry": {
        "type": "Polygon",
        "coordinates": [
          [
            [
              85.3122521,
              28.1297168
            ],
            [
              85.3123062,
              28.1297561
            ],
            [
              85.3123535,
              28.1297056
            ],
            [
              85.3122994,
              28.1296663
            ],
            [
              85.3122521,
              28.1297168
            ]
          ]
        ]
      }
    },
    {
      "type": "Feature",
      "properties": {
        "building_id": "NEPAL_OSM_BLD_277978400",
        "type": "yes",
        "name": "Building",
        "district": "Rasuwa",
        "country": "Nepal"
      },
      "geometry": {
        "type": "Polygon",
        "coordinates": [
          [
            [
              85.311446,
              28.1284791
            ],
            [
              85.3115795,
              28.1284862
            ],
            [
              85.3115856,
              28.1283981
            ],
            [
              85.3114521,
              28.128391
            ],
            [
              85.311446,
              28.1284791
            ]
          ]
        ]
      }
    },
    {
      "type": "Feature",
      "properties": {
        "building_id": "NEPAL_OSM_BLD_277978401",
        "type": "yes",
        "name": "Building",
        "district": "Rasuwa",
        "country": "Nepal"
      },
      "geometry": {
        "type": "Polygon",
        "coordinates": [
          [
            [
              85.3131139,
              28.1297494
            ],
            [
              85.31326,
              28.1297494
            ],
            [
              85.31326,
              28.129685
            ],
            [
              85.3131139,
              28.129685
            ],
            [
              85.3131139,
              28.1297494
            ]
          ]
        ]
      }
    },
    {
      "type": "Feature",
      "properties": {
        "building_id": "NEPAL_OSM_BLD_277978402",
        "type": "yes",
        "name": "Building",
        "district": "Rasuwa",
        "country": "Nepal"
      },
      "geometry": {
        "type": "Polygon",
        "coordinates": [
          [
            [
              85.311023,
              28.129284
            ],
            [
              85.3110837,
              28.129289
            ],
            [
              85.3110941,
              28.1291915
            ],
            [
              85.3110334,
              28.1291865
            ],
            [
              85.311023,
              28.129284
            ]
          ]
        ]
      }
    },
    {
      "type": "Feature",
      "properties": {
        "building_id": "NEPAL_OSM_BLD_277978403",
        "type": "yes",
        "name": "Building",
        "district": "Rasuwa",
        "country": "Nepal"
      },
      "geometry": {
        "type": "Polygon",
        "coordinates": [
          [
            [
              85.3124796,
              28.1300479
            ],
            [
              85.3125493,
              28.1300479
            ],
            [
              85.3125493,
              28.1299829
            ],
            [
              85.3124796,
              28.1299829
            ],
            [
              85.3124796,
              28.1300479
            ]
          ]
        ]
      }
    },
    {
      "type": "Feature",
      "properties": {
        "building_id": "NEPAL_OSM_BLD_277978404",
        "type": "yes",
        "name": "Building",
        "district": "Rasuwa",
        "country": "Nepal"
      },
      "geometry": {
        "type": "Polygon",
        "coordinates": [
          [
            [
              85.3126164,
              28.1291901
            ],
            [
              85.3127022,
              28.1292623
            ],
            [
              85.3127607,
              28.1292082
            ],
            [
              85.3126748,
              28.129136
            ],
            [
              85.3126164,
              28.1291901
            ]
          ]
        ]
      }
    },
    {
      "type": "Feature",
      "properties": {
        "building_id": "NEPAL_OSM_BLD_277978405",
        "type": "yes",
        "name": "Building",
        "district": "Rasuwa",
        "country": "Nepal"
      },
      "geometry": {
        "type": "Polygon",
        "coordinates": [
          [
            [
              85.308073,
              28.127931
            ],
            [
              85.3081857,
              28.1279487
            ],
            [
              85.3082055,
              28.1278509
            ],
            [
              85.3080928,
              28.1278331
            ],
            [
              85.308073,
              28.127931
            ]
          ]
        ]
      }
    },
    {
      "type": "Feature",
      "properties": {
        "building_id": "NEPAL_OSM_BLD_277978406",
        "type": "yes",
        "name": "Building",
        "district": "Rasuwa",
        "country": "Nepal"
      },
      "geometry": {
        "type": "Polygon",
        "coordinates": [
          [
            [
              85.3120879,
              28.129724
            ],
            [
              85.3121462,
              28.129783
            ],
            [
              85.3121788,
              28.129758
            ],
            [
              85.3121205,
              28.129699
            ],
            [
              85.3120879,
              28.129724
            ]
          ]
        ]
      }
    },
    {
      "type": "Feature",
      "properties": {
        "building_id": "NEPAL_OSM_BLD_277978407",
        "type": "yes",
        "name": "Building",
        "district": "Rasuwa",
        "country": "Nepal"
      },
      "geometry": {
        "type": "Polygon",
        "coordinates": [
          [
            [
              85.3124704,
              28.1293139
            ],
            [
              85.312526,
              28.1293464
            ],
            [
              85.3125481,
              28.129317
            ],
            [
              85.3124925,
              28.1292845
            ],
            [
              85.3124704,
              28.1293139
            ]
          ]
        ]
      }
    },
    {
      "type": "Feature",
      "properties": {
        "building_id": "NEPAL_OSM_BLD_277978408",
        "type": "yes",
        "name": "Building",
        "district": "Rasuwa",
        "country": "Nepal"
      },
      "geometry": {
        "type": "Polygon",
        "coordinates": [
          [
            [
              85.311548,
              28.1286748
            ],
            [
              85.3116054,
              28.1286702
            ],
            [
              85.3116,
              28.1286183
            ],
            [
              85.3115426,
              28.128623
            ],
            [
              85.311548,
              28.1286748
            ]
          ]
        ]
      }
    },
    {
      "type": "Feature",
      "properties": {
        "building_id": "NEPAL_OSM_BLD_277978409",
        "type": "yes",
        "name": "Building",
        "district": "Rasuwa",
        "country": "Nepal"
      },
      "geometry": {
        "type": "Polygon",
        "coordinates": [
          [
            [
              85.3138781,
              28.1294953
            ],
            [
              85.3139573,
              28.1295509
            ],
            [
              85.3140007,
              28.1295028
            ],
            [
              85.3139216,
              28.1294472
            ],
            [
              85.3138781,
              28.1294953
            ]
          ]
        ]
      }
    },
    {
      "type": "Feature",
      "properties": {
        "building_id": "NEPAL_OSM_BLD_277978410",
        "type": "yes",
        "name": "Building",
        "district": "Rasuwa",
        "country": "Nepal"
      },
      "geometry": {
        "type": "Polygon",
        "coordinates": [
          [
            [
              85.3081964,
              28.1279517
            ],
            [
              85.3082546,
              28.1279638
            ],
            [
              85.3082786,
              28.1278738
            ],
            [
              85.3082204,
              28.1278617
            ],
            [
              85.3081964,
              28.1279517
            ]
          ]
        ]
      }
    },
    {
      "type": "Feature",
      "properties": {
        "building_id": "NEPAL_OSM_BLD_277978411",
        "type": "yes",
        "name": "Building",
        "district": "Rasuwa",
        "country": "Nepal"
      },
      "geometry": {
        "type": "Polygon",
        "coordinates": [
          [
            [
              85.3122066,
              28.1300966
            ],
            [
              85.3122294,
              28.1301522
            ],
            [
              85.3122944,
              28.1301314
            ],
            [
              85.3122716,
              28.1300759
            ],
            [
              85.3122066,
              28.1300966
            ]
          ]
        ]
      }
    },
    {
      "type": "Feature",
      "properties": {
        "building_id": "NEPAL_OSM_BLD_277978412",
        "type": "yes",
        "name": "Building",
        "district": "Rasuwa",
        "country": "Nepal"
      },
      "geometry": {
        "type": "Polygon",
        "coordinates": [
          [
            [
              85.3134398,
              28.1301763
            ],
            [
              85.3134777,
              28.1301205
            ],
            [
              85.3133854,
              28.1300717
            ],
            [
              85.3133475,
              28.1301275
            ],
            [
              85.3134398,
              28.1301763
            ]
          ]
        ]
      }
    },
    {
      "type": "Feature",
      "properties": {
        "building_id": "NEPAL_OSM_BLD_277978413",
        "type": "yes",
        "name": "Building",
        "district": "Rasuwa",
        "country": "Nepal"
      },
      "geometry": {
        "type": "Polygon",
        "coordinates": [
          [
            [
              85.3109901,
              28.1292012
            ],
            [
              85.3109896,
              28.1291398
            ],
            [
              85.3109352,
              28.1291402
            ],
            [
              85.3109357,
              28.1292015
            ],
            [
              85.3109901,
              28.1292012
            ]
          ]
        ]
      }
    },
    {
      "type": "Feature",
      "properties": {
        "building_id": "NEPAL_OSM_BLD_277978414",
        "type": "yes",
        "name": "Building",
        "district": "Rasuwa",
        "country": "Nepal"
      },
      "geometry": {
        "type": "Polygon",
        "coordinates": [
          [
            [
              85.3112902,
              28.129272
            ],
            [
              85.3113606,
              28.1292909
            ],
            [
              85.3113805,
              28.1292333
            ],
            [
              85.3113101,
              28.1292143
            ],
            [
              85.3112902,
              28.129272
            ]
          ]
        ]
      }
    },
    {
      "type": "Feature",
      "properties": {
        "building_id": "NEPAL_OSM_BLD_277978415",
        "type": "yes",
        "name": "Building",
        "district": "Rasuwa",
        "country": "Nepal"
      },
      "geometry": {
        "type": "Polygon",
        "coordinates": [
          [
            [
              85.3137927,
              28.1297206
            ],
            [
              85.3138645,
              28.1297478
            ],
            [
              85.3138854,
              28.1297049
            ],
            [
              85.3138136,
              28.1296777
            ],
            [
              85.3137927,
              28.1297206
            ]
          ]
        ]
      }
    },
    {
      "type": "Feature",
      "properties": {
        "building_id": "NEPAL_OSM_BLD_277978416",
        "type": "yes",
        "name": "Building",
        "district": "Rasuwa",
        "country": "Nepal"
      },
      "geometry": {
        "type": "Polygon",
        "coordinates": [
          [
            [
              85.3126553,
              28.1298167
            ],
            [
              85.3127264,
              28.1298409
            ],
            [
              85.3127519,
              28.1297827
            ],
            [
              85.3126808,
              28.1297584
            ],
            [
              85.3126553,
              28.1298167
            ]
          ]
        ]
      }
    },
    {
      "type": "Feature",
      "properties": {
        "building_id": "NEPAL_OSM_BLD_277978417",
        "type": "yes",
        "name": "Building",
        "district": "Rasuwa",
        "country": "Nepal"
      },
      "geometry": {
        "type": "Polygon",
        "coordinates": [
          [
            [
              85.312065,
              28.1287159
            ],
            [
              85.3121655,
              28.1287744
            ],
            [
              85.3121961,
              28.1287336
            ],
            [
              85.3120956,
              28.128675
            ],
            [
              85.312065,
              28.1287159
            ]
          ]
        ]
      }
    },
    {
      "type": "Feature",
      "properties": {
        "building_id": "NEPAL_OSM_BLD_277978418",
        "type": "yes",
        "name": "Building",
        "district": "Rasuwa",
        "country": "Nepal"
      },
      "geometry": {
        "type": "Polygon",
        "coordinates": [
          [
            [
              85.3127536,
              28.1292314
            ],
            [
              85.3129793,
              28.1292899
            ],
            [
              85.313006,
              28.12921
            ],
            [
              85.3127803,
              28.1291514
            ],
            [
              85.3127536,
              28.1292314
            ]
          ]
        ]
      }
    },
    {
      "type": "Feature",
      "properties": {
        "building_id": "NEPAL_OSM_BLD_277978419",
        "type": "yes",
        "name": "Building",
        "district": "Rasuwa",
        "country": "Nepal"
      },
      "geometry": {
        "type": "Polygon",
        "coordinates": [
          [
            [
              85.3121261,
              28.1291962
            ],
            [
              85.312196,
              28.1292507
            ],
            [
              85.3122458,
              28.129201
            ],
            [
              85.3121759,
              28.1291465
            ],
            [
              85.3121261,
              28.1291962
            ]
          ]
        ]
      }
    },
    {
      "type": "Feature",
      "properties": {
        "building_id": "NEPAL_OSM_BLD_277978420",
        "type": "yes",
        "name": "Building",
        "district": "Rasuwa",
        "country": "Nepal"
      },
      "geometry": {
        "type": "Polygon",
        "coordinates": [
          [
            [
              85.3123829,
              28.1295185
            ],
            [
              85.3124754,
              28.1295664
            ],
            [
              85.3125013,
              28.1295276
            ],
            [
              85.3124088,
              28.1294797
            ],
            [
              85.3123829,
              28.1295185
            ]
          ]
        ]
      }
    },
    {
      "type": "Feature",
      "properties": {
        "building_id": "NEPAL_OSM_BLD_277978421",
        "type": "yes",
        "name": "Building",
        "district": "Rasuwa",
        "country": "Nepal"
      },
      "geometry": {
        "type": "Polygon",
        "coordinates": [
          [
            [
              85.3122958,
              28.1298649
            ],
            [
              85.3124115,
              28.1298724
            ],
            [
              85.3124167,
              28.1298102
            ],
            [
              85.312301,
              28.1298027
            ],
            [
              85.3122958,
              28.1298649
            ]
          ]
        ]
      }
    },
    {
      "type": "Feature",
      "properties": {
        "building_id": "NEPAL_OSM_BLD_277978422",
        "type": "yes",
        "name": "Building",
        "district": "Rasuwa",
        "country": "Nepal"
      },
      "geometry": {
        "type": "Polygon",
        "coordinates": [
          [
            [
              85.3114742,
              28.1286206
            ],
            [
              85.3115633,
              28.1286156
            ],
            [
              85.3115583,
              28.1285465
            ],
            [
              85.3114692,
              28.1285515
            ],
            [
              85.3114742,
              28.1286206
            ]
          ]
        ]
      }
    },
    {
      "type": "Feature",
      "properties": {
        "building_id": "NEPAL_OSM_BLD_277978423",
        "type": "yes",
        "name": "Building",
        "district": "Rasuwa",
        "country": "Nepal"
      },
      "geometry": {
        "type": "Polygon",
        "coordinates": [
          [
            [
              85.3126139,
              28.1281899
            ],
            [
              85.3126796,
              28.1282195
            ],
            [
              85.3127025,
              28.1281799
            ],
            [
              85.3126368,
              28.1281503
            ],
            [
              85.3126139,
              28.1281899
            ]
          ]
        ]
      }
    },
    {
      "type": "Feature",
      "properties": {
        "building_id": "NEPAL_OSM_BLD_277978424",
        "type": "yes",
        "name": "Building",
        "district": "Rasuwa",
        "country": "Nepal"
      },
      "geometry": {
        "type": "Polygon",
        "coordinates": [
          [
            [
              85.3135628,
              28.1297319
            ],
            [
              85.313633,
              28.1296474
            ],
            [
              85.3135048,
              28.1295646
            ],
            [
              85.3134347,
              28.129649
            ],
            [
              85.3135628,
              28.1297319
            ]
          ]
        ]
      }
    },
    {
      "type": "Feature",
      "properties": {
        "building_id": "NEPAL_OSM_BLD_277978426",
        "type": "yes",
        "name": "Building",
        "district": "Rasuwa",
        "country": "Nepal"
      },
      "geometry": {
        "type": "Polygon",
        "coordinates": [
          [
            [
              85.3134376,
              28.1299761
            ],
            [
              85.3134727,
              28.129915
            ],
            [
              85.3133377,
              28.1298547
            ],
            [
              85.3133026,
              28.1299157
            ],
            [
              85.3134376,
              28.1299761
            ]
          ]
        ]
      }
    },
    {
      "type": "Feature",
      "properties": {
        "building_id": "NEPAL_OSM_BLD_277978427",
        "type": "yes",
        "name": "Building",
        "district": "Rasuwa",
        "country": "Nepal"
      },
      "geometry": {
        "type": "Polygon",
        "coordinates": [
          [
            [
              85.3107096,
              28.129276
            ],
            [
              85.3107468,
              28.1292071
            ],
            [
              85.3106603,
              28.1291708
            ],
            [
              85.3106231,
              28.1292397
            ],
            [
              85.3107096,
              28.129276
            ]
          ]
        ]
      }
    },
    {
      "type": "Feature",
      "properties": {
        "building_id": "NEPAL_OSM_BLD_277978428",
        "type": "retail",
        "name": "Building",
        "district": "Rasuwa",
        "country": "Nepal"
      },
      "geometry": {
        "type": "Polygon",
        "coordinates": [
          [
            [
              85.3120887,
              28.1295709
            ],
            [
              85.3121617,
              28.1296194
            ],
            [
              85.3122024,
              28.1295717
            ],
            [
              85.3121294,
              28.1295232
            ],
            [
              85.3120887,
              28.1295709
            ]
          ]
        ]
      }
    },
    {
      "type": "Feature",
      "properties": {
        "building_id": "NEPAL_OSM_BLD_277978429",
        "type": "yes",
        "name": "Building",
        "district": "Rasuwa",
        "country": "Nepal"
      },
      "geometry": {
        "type": "Polygon",
        "coordinates": [
          [
            [
              85.3111153,
              28.1291862
            ],
            [
              85.3111874,
              28.1292097
            ],
            [
              85.3112085,
              28.129159
            ],
            [
              85.3111365,
              28.1291356
            ],
            [
              85.3111153,
              28.1291862
            ]
          ]
        ]
      }
    },
    {
      "type": "Feature",
      "properties": {
        "building_id": "NEPAL_OSM_BLD_277978430",
        "type": "yes",
        "name": "Building",
        "district": "Rasuwa",
        "country": "Nepal"
      },
      "geometry": {
        "type": "Polygon",
        "coordinates": [
          [
            [
              85.3107659,
              28.1293832
            ],
            [
              85.3108304,
              28.1293882
            ],
            [
              85.3108383,
              28.129309
            ],
            [
              85.3107739,
              28.129304
            ],
            [
              85.3107659,
              28.1293832
            ]
          ]
        ]
      }
    },
    {
      "type": "Feature",
      "properties": {
        "building_id": "NEPAL_OSM_BLD_277978431",
        "type": "house",
        "name": "Building",
        "district": "Rasuwa",
        "country": "Nepal"
      },
      "geometry": {
        "type": "Polygon",
        "coordinates": [
          [
            [
              85.310487,
              28.1283179
            ],
            [
              85.3105552,
              28.1282794
            ],
            [
              85.3105025,
              28.1282066
            ],
            [
              85.3104343,
              28.1282451
            ],
            [
              85.310487,
              28.1283179
            ]
          ]
        ]
      }
    },
    {
      "type": "Feature",
      "properties": {
        "building_id": "NEPAL_OSM_BLD_277978433",
        "type": "yes",
        "name": "Building",
        "district": "Rasuwa",
        "country": "Nepal"
      },
      "geometry": {
        "type": "Polygon",
        "coordinates": [
          [
            [
              85.3110934,
              28.1293511
            ],
            [
              85.3111604,
              28.1293594
            ],
            [
              85.3111759,
              28.1292621
            ],
            [
              85.3111088,
              28.1292539
            ],
            [
              85.3110934,
              28.1293511
            ]
          ]
        ]
      }
    },
    {
      "type": "Feature",
      "properties": {
        "building_id": "NEPAL_OSM_BLD_277978434",
        "type": "yes",
        "name": "Building",
        "district": "Rasuwa",
        "country": "Nepal"
      },
      "geometry": {
        "type": "Polygon",
        "coordinates": [
          [
            [
              85.3122914,
              28.1295392
            ],
            [
              85.3123696,
              28.1296082
            ],
            [
              85.3124104,
              28.1295722
            ],
            [
              85.3123322,
              28.1295032
            ],
            [
              85.3122914,
              28.1295392
            ]
          ]
        ]
      }
    },
    {
      "type": "Feature",
      "properties": {
        "building_id": "NEPAL_OSM_BLD_277978435",
        "type": "yes",
        "name": "Building",
        "district": "Rasuwa",
        "country": "Nepal"
      },
      "geometry": {
        "type": "Polygon",
        "coordinates": [
          [
            [
              85.3112739,
              28.1284633
            ],
            [
              85.3113321,
              28.128468
            ],
            [
              85.3113361,
              28.1284295
            ],
            [
              85.3112779,
              28.1284247
            ],
            [
              85.3112739,
              28.1284633
            ]
          ]
        ]
      }
    },
    {
      "type": "Feature",
      "properties": {
        "building_id": "NEPAL_OSM_BLD_277978436",
        "type": "yes",
        "name": "Building",
        "district": "Rasuwa",
        "country": "Nepal"
      },
      "geometry": {
        "type": "Polygon",
        "coordinates": [
          [
            [
              85.3129409,
              28.1299309
            ],
            [
              85.3130234,
              28.1299713
            ],
            [
              85.31307,
              28.1298973
            ],
            [
              85.3129876,
              28.1298569
            ],
            [
              85.3129409,
              28.1299309
            ]
          ]
        ]
      }
    },
    {
      "type": "Feature",
      "properties": {
        "building_id": "NEPAL_OSM_BLD_277978437",
        "type": "yes",
        "name": "Building",
        "district": "Rasuwa",
        "country": "Nepal"
      },
      "geometry": {
        "type": "Polygon",
        "coordinates": [
          [
            [
              85.3136823,
              28.1302443
            ],
            [
              85.3137497,
              28.1302585
            ],
            [
              85.3137692,
              28.1301866
            ],
            [
              85.3137018,
              28.1301723
            ],
            [
              85.3136823,
              28.1302443
            ]
          ]
        ]
      }
    },
    {
      "type": "Feature",
      "properties": {
        "building_id": "NEPAL_OSM_BLD_277978438",
        "type": "yes",
        "name": "Building",
        "district": "Rasuwa",
        "country": "Nepal"
      },
      "geometry": {
        "type": "Polygon",
        "coordinates": [
          [
            [
              85.312411,
              28.1296461
            ],
            [
              85.3124825,
              28.1296476
            ],
            [
              85.3124841,
              28.129588
            ],
            [
              85.3124127,
              28.1295865
            ],
            [
              85.312411,
              28.1296461
            ]
          ]
        ]
      }
    },
    {
      "type": "Feature",
      "properties": {
        "building_id": "NEPAL_OSM_BLD_277978439",
        "type": "yes",
        "name": "Building",
        "district": "Rasuwa",
        "country": "Nepal"
      },
      "geometry": {
        "type": "Polygon",
        "coordinates": [
          [
            [
              85.3123135,
              28.1280314
            ],
            [
              85.3123564,
              28.1280917
            ],
            [
              85.312404,
              28.1280654
            ],
            [
              85.3123611,
              28.1280051
            ],
            [
              85.3123135,
              28.1280314
            ]
          ]
        ]
      }
    },
    {
      "type": "Feature",
      "properties": {
        "building_id": "NEPAL_OSM_BLD_277978440",
        "type": "yes",
        "name": "Building",
        "district": "Rasuwa",
        "country": "Nepal"
      },
      "geometry": {
        "type": "Polygon",
        "coordinates": [
          [
            [
              85.311312,
              28.1287085
            ],
            [
              85.3114152,
              28.1287195
            ],
            [
              85.3114292,
              28.1286179
            ],
            [
              85.3113259,
              28.1286069
            ],
            [
              85.311312,
              28.1287085
            ]
          ]
        ]
      }
    },
    {
      "type": "Feature",
      "properties": {
        "building_id": "NEPAL_OSM_BLD_277978441",
        "type": "yes",
        "name": "Building",
        "district": "Rasuwa",
        "country": "Nepal"
      },
      "geometry": {
        "type": "Polygon",
        "coordinates": [
          [
            [
              85.3122547,
              28.1286874
            ],
            [
              85.3123486,
              28.1287326
            ],
            [
              85.3123774,
              28.128686
            ],
            [
              85.3122835,
              28.1286408
            ],
            [
              85.3122547,
              28.1286874
            ]
          ]
        ]
      }
    },
    {
      "type": "Feature",
      "properties": {
        "building_id": "NEPAL_OSM_BLD_277978442",
        "type": "yes",
        "name": "Building",
        "district": "Rasuwa",
        "country": "Nepal"
      },
      "geometry": {
        "type": "Polygon",
        "coordinates": [
          [
            [
              85.3082497,
              28.1279799
            ],
            [
              85.3083326,
              28.1280028
            ],
            [
              85.3083635,
              28.1279157
            ],
            [
              85.3082918,
              28.1278959
            ],
            [
              85.3082807,
              28.1278928
            ],
            [
              85.3082497,
              28.1279799
            ]
          ]
        ]
      }
    },
    {
      "type": "Feature",
      "properties": {
        "building_id": "NEPAL_OSM_BLD_277978443",
        "type": "yes",
        "name": "Building",
        "district": "Rasuwa",
        "country": "Nepal"
      },
      "geometry": {
        "type": "Polygon",
        "coordinates": [
          [
            [
              85.3122343,
              28.1295957
            ],
            [
              85.3121757,
              28.1296452
            ],
            [
              85.3122413,
              28.1297056
            ],
            [
              85.3122999,
              28.1296562
            ],
            [
              85.3122343,
              28.1295957
            ]
          ]
        ]
      }
    },
    {
      "type": "Feature",
      "properties": {
        "building_id": "NEPAL_OSM_BLD_277978444",
        "type": "yes",
        "name": "Building",
        "district": "Rasuwa",
        "country": "Nepal"
      },
      "geometry": {
        "type": "Polygon",
        "coordinates": [
          [
            [
              85.3120293,
              28.1291589
            ],
            [
              85.3121068,
              28.129194
            ],
            [
              85.3121438,
              28.1291304
            ],
            [
              85.3120662,
              28.1290953
            ],
            [
              85.3120293,
              28.1291589
            ]
          ]
        ]
      }
    },
    {
      "type": "Feature",
      "properties": {
        "building_id": "NEPAL_OSM_BLD_277978445",
        "type": "house",
        "name": "Building",
        "district": "Rasuwa",
        "country": "Nepal"
      },
      "geometry": {
        "type": "Polygon",
        "coordinates": [
          [
            [
              85.3108411,
              28.129139
            ],
            [
              85.310916,
              28.1291621
            ],
            [
              85.3109435,
              28.1290926
            ],
            [
              85.3108687,
              28.1290695
            ],
            [
              85.3108411,
              28.129139
            ]
          ]
        ]
      }
    },
    {
      "type": "Feature",
      "properties": {
        "building_id": "NEPAL_OSM_BLD_277978446",
        "type": "yes",
        "name": "Building",
        "district": "Rasuwa",
        "country": "Nepal"
      },
      "geometry": {
        "type": "Polygon",
        "coordinates": [
          [
            [
              85.3114361,
              28.1287056
            ],
            [
              85.3115234,
              28.1287081
            ],
            [
              85.3115257,
              28.128646
            ],
            [
              85.3114384,
              28.1286435
            ],
            [
              85.3114361,
              28.1287056
            ]
          ]
        ]
      }
    },
    {
      "type": "Feature",
      "properties": {
        "building_id": "NEPAL_OSM_BLD_277978447",
        "type": "yes",
        "name": "Building",
        "district": "Rasuwa",
        "country": "Nepal"
      },
      "geometry": {
        "type": "Polygon",
        "coordinates": [
          [
            [
              85.3121953,
              28.1292586
            ],
            [
              85.312256,
              28.1293211
            ],
            [
              85.312312,
              28.1292789
            ],
            [
              85.3122513,
              28.1292163
            ],
            [
              85.3121953,
              28.1292586
            ]
          ]
        ]
      }
    },
    {
      "type": "Feature",
      "properties": {
        "building_id": "NEPAL_OSM_BLD_277978448",
        "type": "yes",
        "name": "Building",
        "district": "Rasuwa",
        "country": "Nepal"
      },
      "geometry": {
        "type": "Polygon",
        "coordinates": [
          [
            [
              85.3135335,
              28.1297988
            ],
            [
              85.3135781,
              28.1298473
            ],
            [
              85.3136238,
              28.1298147
            ],
            [
              85.3135792,
              28.1297662
            ],
            [
              85.3135335,
              28.1297988
            ]
          ]
        ]
      }
    },
    {
      "type": "Feature",
      "properties": {
        "building_id": "NEPAL_OSM_BLD_277978449",
        "type": "yes",
        "name": "Building",
        "district": "Rasuwa",
        "country": "Nepal"
      },
      "geometry": {
        "type": "Polygon",
        "coordinates": [
          [
            [
              85.3134437,
              28.1299986
            ],
            [
              85.313565,
              28.130056
            ],
            [
              85.3136057,
              28.129989
            ],
            [
              85.3134844,
              28.1299317
            ],
            [
              85.3134437,
              28.1299986
            ]
          ]
        ]
      }
    },
    {
      "type": "Feature",
      "properties": {
        "building_id": "NEPAL_OSM_BLD_277978450",
        "type": "house",
        "name": "Building",
        "district": "Rasuwa",
        "country": "Nepal"
      },
      "geometry": {
        "type": "Polygon",
        "coordinates": [
          [
            [
              85.3107041,
              28.1290587
            ],
            [
              85.3107822,
              28.1291029
            ],
            [
              85.3108274,
              28.1290408
            ],
            [
              85.3107494,
              28.1289965
            ],
            [
              85.3107041,
              28.1290587
            ]
          ]
        ]
      }
    },
    {
      "type": "Feature",
      "properties": {
        "building_id": "NEPAL_OSM_BLD_277978451",
        "type": "yes",
        "name": "Building",
        "district": "Rasuwa",
        "country": "Nepal"
      },
      "geometry": {
        "type": "Polygon",
        "coordinates": [
          [
            [
              85.312516,
              28.1296322
            ],
            [
              85.3126249,
              28.1296346
            ],
            [
              85.3126265,
              28.129575
            ],
            [
              85.3125176,
              28.1295726
            ],
            [
              85.312516,
              28.1296322
            ]
          ]
        ]
      }
    },
    {
      "type": "Feature",
      "properties": {
        "building_id": "NEPAL_OSM_BLD_277978452",
        "type": "retail",
        "name": "Building",
        "district": "Rasuwa",
        "country": "Nepal"
      },
      "geometry": {
        "type": "Polygon",
        "coordinates": [
          [
            [
              85.3132,
              28.1300285
            ],
            [
              85.3132508,
              28.1300553
            ],
            [
              85.3132782,
              28.130015
            ],
            [
              85.3132274,
              28.1299882
            ],
            [
              85.3132,
              28.1300285
            ]
          ]
        ]
      }
    },
    {
      "type": "Feature",
      "properties": {
        "building_id": "NEPAL_OSM_BLD_277978453",
        "type": "yes",
        "name": "Building",
        "district": "Rasuwa",
        "country": "Nepal"
      },
      "geometry": {
        "type": "Polygon",
        "coordinates": [
          [
            [
              85.3125441,
              28.1293417
            ],
            [
              85.3125971,
              28.1293707
            ],
            [
              85.3126261,
              28.1293294
            ],
            [
              85.3125731,
              28.1293004
            ],
            [
              85.3125441,
              28.1293417
            ]
          ]
        ]
      }
    },
    {
      "type": "Feature",
      "properties": {
        "building_id": "NEPAL_OSM_BLD_277978454",
        "type": "yes",
        "name": "Building",
        "district": "Rasuwa",
        "country": "Nepal"
      },
      "geometry": {
        "type": "Polygon",
        "coordinates": [
          [
            [
              85.312047,
              28.1301936
            ],
            [
              85.3121168,
              28.1302018
            ],
            [
              85.3121269,
              28.1301352
            ],
            [
              85.3120572,
              28.1301269
            ],
            [
              85.312047,
              28.1301936
            ]
          ]
        ]
      }
    },
    {
      "type": "Feature",
      "properties": {
        "building_id": "NEPAL_OSM_BLD_277978455",
        "type": "yes",
        "name": "Building",
        "district": "Rasuwa",
        "country": "Nepal"
      },
      "geometry": {
        "type": "Polygon",
        "coordinates": [
          [
            [
              85.3128741,
              28.1293502
            ],
            [
              85.3129443,
              28.1293619
            ],
            [
              85.3129578,
              28.1292987
            ],
            [
              85.3128876,
              28.129287
            ],
            [
              85.3128741,
              28.1293502
            ]
          ]
        ]
      }
    },
    {
      "type": "Feature",
      "properties": {
        "building_id": "NEPAL_OSM_BLD_277978456",
        "type": "yes",
        "name": "Building",
        "district": "Rasuwa",
        "country": "Nepal"
      },
      "geometry": {
        "type": "Polygon",
        "coordinates": [
          [
            [
              85.3138853,
              28.1303753
            ],
            [
              85.3139703,
              28.1303964
            ],
            [
              85.3140084,
              28.130277
            ],
            [
              85.3139234,
              28.1302559
            ],
            [
              85.3138853,
              28.1303753
            ]
          ]
        ]
      }
    },
    {
      "type": "Feature",
      "properties": {
        "building_id": "NEPAL_OSM_BLD_277978457",
        "type": "house",
        "name": "Building",
        "district": "Rasuwa",
        "country": "Nepal"
      },
      "geometry": {
        "type": "Polygon",
        "coordinates": [
          [
            [
              85.3133462,
              28.1301192
            ],
            [
              85.3133841,
              28.1300634
            ],
            [
              85.3132903,
              28.1300138
            ],
            [
              85.3132524,
              28.1300696
            ],
            [
              85.3133462,
              28.1301192
            ]
          ]
        ]
      }
    },
    {
      "type": "Feature",
      "properties": {
        "building_id": "NEPAL_OSM_BLD_277978458",
        "type": "house",
        "name": "Building",
        "district": "Rasuwa",
        "country": "Nepal"
      },
      "geometry": {
        "type": "Polygon",
        "coordinates": [
          [
            [
              85.3130262,
              28.1299865
            ],
            [
              85.3131698,
              28.1300569
            ],
            [
              85.3132231,
              28.1299724
            ],
            [
              85.3130794,
              28.129902
            ],
            [
              85.3130262,
              28.1299865
            ]
          ]
        ]
      }
    },
    {
      "type": "Feature",
      "properties": {
        "building_id": "NEPAL_OSM_BLD_277978459",
        "type": "yes",
        "name": "Building",
        "district": "Rasuwa",
        "country": "Nepal"
      },
      "geometry": {
        "type": "Polygon",
        "coordinates": [
          [
            [
              85.312416,
              28.1297645
            ],
            [
              85.312473,
              28.1297755
            ],
            [
              85.3124887,
              28.129712
            ],
            [
              85.3124317,
              28.129701
            ],
            [
              85.312416,
              28.1297645
            ]
          ]
        ]
      }
    },
    {
      "type": "Feature",
      "properties": {
        "building_id": "NEPAL_OSM_BLD_277978460",
        "type": "yes",
        "name": "Building",
        "district": "Rasuwa",
        "country": "Nepal"
      },
      "geometry": {
        "type": "Polygon",
        "coordinates": [
          [
            [
              85.3123303,
              28.129789
            ],
            [
              85.3123911,
              28.1298007
            ],
            [
              85.3124079,
              28.1297327
            ],
            [
              85.3123472,
              28.129721
            ],
            [
              85.3123303,
              28.129789
            ]
          ]
        ]
      }
    },
    {
      "type": "Feature",
      "properties": {
        "building_id": "NEPAL_OSM_BLD_277978461",
        "type": "yes",
        "name": "Building",
        "district": "Rasuwa",
        "country": "Nepal"
      },
      "geometry": {
        "type": "Polygon",
        "coordinates": [
          [
            [
              85.3121107,
              28.1296709
            ],
            [
              85.3122055,
              28.1297582
            ],
            [
              85.3122471,
              28.129723
            ],
            [
              85.3121523,
              28.1296357
            ],
            [
              85.3121107,
              28.1296709
            ]
          ]
        ]
      }
    },
    {
      "type": "Feature",
      "properties": {
        "building_id": "NEPAL_OSM_BLD_277978462",
        "type": "yes",
        "name": "Building",
        "district": "Rasuwa",
        "country": "Nepal"
      },
      "geometry": {
        "type": "Polygon",
        "coordinates": [
          [
            [
              85.3126107,
              28.1294616
            ],
            [
              85.3126269,
              28.1293945
            ],
            [
              85.3124858,
              28.1293681
            ],
            [
              85.3124696,
              28.1294352
            ],
            [
              85.3126107,
              28.1294616
            ]
          ]
        ]
      }
    },
    {
      "type": "Feature",
      "properties": {
        "building_id": "NEPAL_OSM_BLD_277979213",
        "type": "school",
        "name": "Building",
        "district": "Rasuwa",
        "country": "Nepal"
      },
      "geometry": {
        "type": "Polygon",
        "coordinates": [
          [
            [
              85.3159327,
              28.1312541
            ],
            [
              85.3160842,
              28.1312908
            ],
            [
              85.3161059,
              28.1312213
            ],
            [
              85.3159543,
              28.1311846
            ],
            [
              85.3159327,
              28.1312541
            ]
          ]
        ]
      }
    },
    {
      "type": "Feature",
      "properties": {
        "building_id": "NEPAL_OSM_BLD_277979214",
        "type": "school",
        "name": "Building",
        "district": "Rasuwa",
        "country": "Nepal"
      },
      "geometry": {
        "type": "Polygon",
        "coordinates": [
          [
            [
              85.3162465,
              28.1314061
            ],
            [
              85.31631,
              28.1313795
            ],
            [
              85.3162443,
              28.1312577
            ],
            [
              85.3161808,
              28.1312843
            ],
            [
              85.3162465,
              28.1314061
            ]
          ]
        ]
      }
    },
    {
      "type": "Feature",
      "properties": {
        "building_id": "NEPAL_OSM_BLD_277979215",
        "type": "school",
        "name": "Building",
        "district": "Rasuwa",
        "country": "Nepal"
      },
      "geometry": {
        "type": "Polygon",
        "coordinates": [
          [
            [
              85.3163531,
              28.1316484
            ],
            [
              85.3164011,
              28.1316349
            ],
            [
              85.3163176,
              28.1314042
            ],
            [
              85.3162696,
              28.1314177
            ],
            [
              85.3163531,
              28.1316484
            ]
          ]
        ]
      }
    },
    {
      "type": "Feature",
      "properties": {
        "building_id": "NEPAL_OSM_BLD_277979801",
        "type": "yes",
        "name": "Building",
        "district": "Rasuwa",
        "country": "Nepal"
      },
      "geometry": {
        "type": "Polygon",
        "coordinates": [
          [
            [
              85.3159408,
              28.1280053
            ],
            [
              85.3160074,
              28.1280425
            ],
            [
              85.3160434,
              28.1279924
            ],
            [
              85.3159768,
              28.1279551
            ],
            [
              85.3159408,
              28.1280053
            ]
          ]
        ]
      }
    },
    {
      "type": "Feature",
      "properties": {
        "building_id": "NEPAL_OSM_BLD_277979802",
        "type": "school",
        "name": "Building",
        "district": "Rasuwa",
        "country": "Nepal"
      },
      "geometry": {
        "type": "Polygon",
        "coordinates": [
          [
            [
              85.3161446,
              28.1314544
            ],
            [
              85.3162132,
              28.1314332
            ],
            [
              85.3161702,
              28.1313249
            ],
            [
              85.3161016,
              28.1313461
            ],
            [
              85.3161446,
              28.1314544
            ]
          ]
        ]
      }
    },
    {
      "type": "Feature",
      "properties": {
        "building_id": "NEPAL_OSM_BLD_277979803",
        "type": "yes",
        "name": "Building",
        "district": "Rasuwa",
        "country": "Nepal"
      },
      "geometry": {
        "type": "Polygon",
        "coordinates": [
          [
            [
              85.3162557,
              28.1283131
            ],
            [
              85.3163296,
              28.1283332
            ],
            [
              85.3163498,
              28.1282755
            ],
            [
              85.3162758,
              28.1282554
            ],
            [
              85.3162557,
              28.1283131
            ]
          ]
        ]
      }
    },
    {
      "type": "Feature",
      "properties": {
        "building_id": "NEPAL_OSM_BLD_277979804",
        "type": "yes",
        "name": "Building",
        "district": "Rasuwa",
        "country": "Nepal"
      },
      "geometry": {
        "type": "Polygon",
        "coordinates": [
          [
            [
              85.3163213,
              28.1317766
            ],
            [
              85.3164192,
              28.1317151
            ],
            [
              85.3163815,
              28.1316685
            ],
            [
              85.3162836,
              28.13173
            ],
            [
              85.3163213,
              28.1317766
            ]
          ]
        ]
      }
    },
    {
      "type": "Feature",
      "properties": {
        "building_id": "NEPAL_OSM_BLD_278145170",
        "type": "house",
        "name": "Building",
        "district": "Rasuwa",
        "country": "Nepal"
      },
      "geometry": {
        "type": "Polygon",
        "coordinates": [
          [
            [
              85.5199362,
              28.2167963
            ],
            [
              85.5200138,
              28.2168158
            ],
            [
              85.520031,
              28.2167632
            ],
            [
              85.5199534,
              28.2167436
            ],
            [
              85.5199362,
              28.2167963
            ]
          ]
        ]
      }
    },
    {
      "type": "Feature",
      "properties": {
        "building_id": "NEPAL_OSM_BLD_278145172",
        "type": "house",
        "name": "Building",
        "district": "Rasuwa",
        "country": "Nepal"
      },
      "geometry": {
        "type": "Polygon",
        "coordinates": [
          [
            [
              85.5198273,
              28.2168395
            ],
            [
              85.5199115,
              28.2168773
            ],
            [
              85.519947,
              28.2168159
            ],
            [
              85.5198627,
              28.2167781
            ],
            [
              85.5198273,
              28.2168395
            ]
          ]
        ]
      }
    },
    {
      "type": "Feature",
      "properties": {
        "building_id": "NEPAL_OSM_BLD_278145246",
        "type": "house",
        "name": "Building",
        "district": "Rasuwa",
        "country": "Nepal"
      },
      "geometry": {
        "type": "Polygon",
        "coordinates": [
          [
            [
              85.525885,
              28.2149148
            ],
            [
              85.5259309,
              28.2149481
            ],
            [
              85.525962,
              28.2149148
            ],
            [
              85.5259161,
              28.2148815
            ],
            [
              85.525885,
              28.2149148
            ]
          ]
        ]
      }
    },
    {
      "type": "Feature",
      "properties": {
        "building_id": "NEPAL_OSM_BLD_317948478",
        "type": "yes",
        "name": "Building",
        "district": "Rasuwa",
        "country": "Nepal"
      },
      "geometry": {
        "type": "Polygon",
        "coordinates": [
          [
            [
              85.2630381,
              28.1601147
            ],
            [
              85.2630596,
              28.1601275
            ],
            [
              85.2630811,
              28.1600997
            ],
            [
              85.2630596,
              28.1600868
            ],
            [
              85.2630381,
              28.1601147
            ]
          ]
        ]
      }
    },
    {
      "type": "Feature",
      "properties": {
        "building_id": "NEPAL_OSM_BLD_317948479",
        "type": "yes",
        "name": "Building",
        "district": "Rasuwa",
        "country": "Nepal"
      },
      "geometry": {
        "type": "Polygon",
        "coordinates": [
          [
            [
              85.2628916,
              28.1597582
            ],
            [
              85.262908,
              28.1597727
            ],
            [
              85.2629333,
              28.1597504
            ],
            [
              85.2629168,
              28.1597359
            ],
            [
              85.2628916,
              28.1597582
            ]
          ]
        ]
      }
    },
    {
      "type": "Feature",
      "properties": {
        "building_id": "NEPAL_OSM_BLD_317948481",
        "type": "yes",
        "name": "Building",
        "district": "Rasuwa",
        "country": "Nepal"
      },
      "geometry": {
        "type": "Polygon",
        "coordinates": [
          [
            [
              85.1989289,
              28.18946
            ],
            [
              85.1988224,
              28.1893439
            ],
            [
              85.1987656,
              28.1893843
            ],
            [
              85.1988721,
              28.1895004
            ],
            [
              85.1989289,
              28.18946
            ]
          ]
        ]
      }
    },
    {
      "type": "Feature",
      "properties": {
        "building_id": "NEPAL_OSM_BLD_317948482",
        "type": "yes",
        "name": "Building",
        "district": "Rasuwa",
        "country": "Nepal"
      },
      "geometry": {
        "type": "Polygon",
        "coordinates": [
          [
            [
              85.241867,
              28.1626568
            ],
            [
              85.2419472,
              28.1625661
            ],
            [
              85.2418814,
              28.1625208
            ],
            [
              85.2418012,
              28.1626115
            ],
            [
              85.241867,
              28.1626568
            ]
          ]
        ]
      }
    },
    {
      "type": "Feature",
      "properties": {
        "building_id": "NEPAL_OSM_BLD_317948483",
        "type": "yes",
        "name": "Building",
        "district": "Rasuwa",
        "country": "Nepal"
      },
      "geometry": {
        "type": "Polygon",
        "coordinates": [
          [
            [
              85.2574522,
              28.1577973
            ],
            [
              85.2575302,
              28.1577516
            ],
            [
              85.2574844,
              28.1576907
            ],
            [
              85.2574063,
              28.1577364
            ],
            [
              85.2574522,
              28.1577973
            ]
          ]
        ]
      }
    },
    {
      "type": "Feature",
      "properties": {
        "building_id": "NEPAL_OSM_BLD_317948484",
        "type": "yes",
        "name": "Building",
        "district": "Rasuwa",
        "country": "Nepal"
      },
      "geometry": {
        "type": "Polygon",
        "coordinates": [
          [
            [
              85.2606318,
              28.1610147
            ],
            [
              85.2606482,
              28.1610317
            ],
            [
              85.2606817,
              28.1610067
            ],
            [
              85.2606653,
              28.1609897
            ],
            [
              85.2606318,
              28.1610147
            ]
          ]
        ]
      }
    },
    {
      "type": "Feature",
      "properties": {
        "building_id": "NEPAL_OSM_BLD_317948485",
        "type": "yes",
        "name": "Building",
        "district": "Rasuwa",
        "country": "Nepal"
      },
      "geometry": {
        "type": "Polygon",
        "coordinates": [
          [
            [
              85.1997257,
              28.1902593
            ],
            [
              85.1997609,
              28.1902392
            ],
            [
              85.1997306,
              28.190198
            ],
            [
              85.1996954,
              28.1902181
            ],
            [
              85.1997257,
              28.1902593
            ]
          ]
        ]
      }
    },
    {
      "type": "Feature",
      "properties": {
        "building_id": "NEPAL_OSM_BLD_317948486",
        "type": "yes",
        "name": "Building",
        "district": "Rasuwa",
        "country": "Nepal"
      },
      "geometry": {
        "type": "Polygon",
        "coordinates": [
          [
            [
              85.2615326,
              28.1602139
            ],
            [
              85.2615533,
              28.160223
            ],
            [
              85.2615723,
              28.1601896
            ],
            [
              85.2615515,
              28.1601804
            ],
            [
              85.2615326,
              28.1602139
            ]
          ]
        ]
      }
    },
    {
      "type": "Feature",
      "properties": {
        "building_id": "NEPAL_OSM_BLD_317948487",
        "type": "yes",
        "name": "Building",
        "district": "Rasuwa",
        "country": "Nepal"
      },
      "geometry": {
        "type": "Polygon",
        "coordinates": [
          [
            [
              85.2428261,
              28.1638103
            ],
            [
              85.2426984,
              28.1637101
            ],
            [
              85.2426532,
              28.1637548
            ],
            [
              85.2427808,
              28.1638551
            ],
            [
              85.2428261,
              28.1638103
            ]
          ]
        ]
      }
    },
    {
      "type": "Feature",
      "properties": {
        "building_id": "NEPAL_OSM_BLD_317948488",
        "type": "ruins",
        "name": "Building",
        "district": "Rasuwa",
        "country": "Nepal"
      },
      "geometry": {
        "type": "Polygon",
        "coordinates": [
          [
            [
              85.2569993,
              28.1581034
            ],
            [
              85.2570541,
              28.1581588
            ],
            [
              85.2571095,
              28.1581163
            ],
            [
              85.2570547,
              28.1580609
            ],
            [
              85.2569993,
              28.1581034
            ]
          ]
        ]
      }
    },
    {
      "type": "Feature",
      "properties": {
        "building_id": "NEPAL_OSM_BLD_317948489",
        "type": "yes",
        "name": "Building",
        "district": "Rasuwa",
        "country": "Nepal"
      },
      "geometry": {
        "type": "Polygon",
        "coordinates": [
          [
            [
              85.2014962,
              28.1916742
            ],
            [
              85.201548,
              28.1916742
            ],
            [
              85.201548,
              28.1916301
            ],
            [
              85.2014962,
              28.1916301
            ],
            [
              85.2014962,
              28.1916742
            ]
          ]
        ]
      }
    },
    {
      "type": "Feature",
      "properties": {
        "building_id": "NEPAL_OSM_BLD_317948490",
        "type": "yes",
        "name": "Building",
        "district": "Rasuwa",
        "country": "Nepal"
      },
      "geometry": {
        "type": "Polygon",
        "coordinates": [
          [
            [
              85.2569874,
              28.1580691
            ],
            [
              85.2570485,
              28.1580403
            ],
            [
              85.2570095,
              28.157976
            ],
            [
              85.2569484,
              28.1580048
            ],
            [
              85.2569874,
              28.1580691
            ]
          ]
        ]
      }
    },
    {
      "type": "Feature",
      "properties": {
        "building_id": "NEPAL_OSM_BLD_317948491",
        "type": "yes",
        "name": "Building",
        "district": "Rasuwa",
        "country": "Nepal"
      },
      "geometry": {
        "type": "Polygon",
        "coordinates": [
          [
            [
              85.1997162,
              28.1901296
            ],
            [
              85.1997546,
              28.1900848
            ],
            [
              85.1996927,
              28.1900436
            ],
            [
              85.1996543,
              28.1900884
            ],
            [
              85.1997162,
              28.1901296
            ]
          ]
        ]
      }
    },
    {
      "type": "Feature",
      "properties": {
        "building_id": "NEPAL_OSM_BLD_317948493",
        "type": "yes",
        "name": "Building",
        "district": "Rasuwa",
        "country": "Nepal"
      },
      "geometry": {
        "type": "Polygon",
        "coordinates": [
          [
            [
              85.2578976,
              28.1576055
            ],
            [
              85.2579888,
              28.1575677
            ],
            [
              85.2579544,
              28.1575033
            ],
            [
              85.2578632,
              28.1575411
            ],
            [
              85.2578976,
              28.1576055
            ]
          ]
        ]
      }
    },
    {
      "type": "Feature",
      "properties": {
        "building_id": "NEPAL_OSM_BLD_317948495",
        "type": "yes",
        "name": "Building",
        "district": "Rasuwa",
        "country": "Nepal"
      },
      "geometry": {
        "type": "Polygon",
        "coordinates": [
          [
            [
              85.2550621,
              28.1561525
            ],
            [
              85.2551497,
              28.1561157
            ],
            [
              85.2550992,
              28.1560221
            ],
            [
              85.2550116,
              28.1560589
            ],
            [
              85.2550621,
              28.1561525
            ]
          ]
        ]
      }
    },
    {
      "type": "Feature",
      "properties": {
        "building_id": "NEPAL_OSM_BLD_317948496",
        "type": "yes",
        "name": "Building",
        "district": "Rasuwa",
        "country": "Nepal"
      },
      "geometry": {
        "type": "Polygon",
        "coordinates": [
          [
            [
              85.1992804,
              28.1900442
            ],
            [
              85.1992211,
              28.1900041
            ],
            [
              85.1991773,
              28.1900545
            ],
            [
              85.1992367,
              28.1900946
            ],
            [
              85.1992804,
              28.1900442
            ]
          ]
        ]
      }
    },
    {
      "type": "Feature",
      "properties": {
        "building_id": "NEPAL_OSM_BLD_317948497",
        "type": "yes",
        "name": "Building",
        "district": "Rasuwa",
        "country": "Nepal"
      },
      "geometry": {
        "type": "Polygon",
        "coordinates": [
          [
            [
              85.2585471,
              28.1585807
            ],
            [
              85.2586069,
              28.1585279
            ],
            [
              85.2585087,
              28.1584412
            ],
            [
              85.2584488,
              28.158494
            ],
            [
              85.2585471,
              28.1585807
            ]
          ]
        ]
      }
    },
    {
      "type": "Feature",
      "properties": {
        "building_id": "NEPAL_OSM_BLD_317948498",
        "type": "yes",
        "name": "Building",
        "district": "Rasuwa",
        "country": "Nepal"
      },
      "geometry": {
        "type": "Polygon",
        "coordinates": [
          [
            [
              85.2010936,
              28.1931272
            ],
            [
              85.2011623,
              28.1930774
            ],
            [
              85.2010551,
              28.1929625
            ],
            [
              85.2009863,
              28.1930123
            ],
            [
              85.2010936,
              28.1931272
            ]
          ]
        ]
      }
    },
    {
      "type": "Feature",
      "properties": {
        "building_id": "NEPAL_OSM_BLD_317948499",
        "type": "yes",
        "name": "Building",
        "district": "Rasuwa",
        "country": "Nepal"
      },
      "geometry": {
        "type": "Polygon",
        "coordinates": [
          [
            [
              85.2608432,
              28.1606918
            ],
            [
              85.2608849,
              28.1606918
            ],
            [
              85.2608849,
              28.1606305
            ],
            [
              85.2608432,
              28.1606305
            ],
            [
              85.2608432,
              28.1606918
            ]
          ]
        ]
      }
    },
    {
      "type": "Feature",
      "properties": {
        "building_id": "NEPAL_OSM_BLD_317948500",
        "type": "yes",
        "name": "Building",
        "district": "Rasuwa",
        "country": "Nepal"
      },
      "geometry": {
        "type": "Polygon",
        "coordinates": [
          [
            [
              85.242657,
              28.1635901
            ],
            [
              85.2427011,
              28.1635502
            ],
            [
              85.2425622,
              28.163431
            ],
            [
              85.2425181,
              28.1634709
            ],
            [
              85.242657,
              28.1635901
            ]
          ]
        ]
      }
    },
    {
      "type": "Feature",
      "properties": {
        "building_id": "NEPAL_OSM_BLD_317948501",
        "type": "yes",
        "name": "Building",
        "district": "Rasuwa",
        "country": "Nepal"
      },
      "geometry": {
        "type": "Polygon",
        "coordinates": [
          [
            [
              85.1986051,
              28.1896382
            ],
            [
              85.1986582,
              28.1896353
            ],
            [
              85.1986531,
              28.1895618
            ],
            [
              85.1986,
              28.1895647
            ],
            [
              85.1986051,
              28.1896382
            ]
          ]
        ]
      }
    },
    {
      "type": "Feature",
      "properties": {
        "building_id": "NEPAL_OSM_BLD_317948502",
        "type": "yes",
        "name": "Building",
        "district": "Rasuwa",
        "country": "Nepal"
      },
      "geometry": {
        "type": "Polygon",
        "coordinates": [
          [
            [
              85.2021495,
              28.1928593
            ],
            [
              85.2021861,
              28.1929195
            ],
            [
              85.2022862,
              28.1928723
            ],
            [
              85.2022496,
              28.192812
            ],
            [
              85.2021495,
              28.1928593
            ]
          ]
        ]
      }
    },
    {
      "type": "Feature",
      "properties": {
        "building_id": "NEPAL_OSM_BLD_317948503",
        "type": "yes",
        "name": "Building",
        "district": "Rasuwa",
        "country": "Nepal"
      },
      "geometry": {
        "type": "Polygon",
        "coordinates": [
          [
            [
              85.1992361,
              28.1898861
            ],
            [
              85.1992779,
              28.1898511
            ],
            [
              85.1992348,
              28.189811
            ],
            [
              85.199193,
              28.189846
            ],
            [
              85.1992361,
              28.1898861
            ]
          ]
        ]
      }
    },
    {
      "type": "Feature",
      "properties": {
        "building_id": "NEPAL_OSM_BLD_317948505",
        "type": "yes",
        "name": "Building",
        "district": "Rasuwa",
        "country": "Nepal"
      },
      "geometry": {
        "type": "Polygon",
        "coordinates": [
          [
            [
              85.2022702,
              28.1927159
            ],
            [
              85.2022991,
              28.192767
            ],
            [
              85.2024099,
              28.1927181
            ],
            [
              85.202381,
              28.1926671
            ],
            [
              85.2022702,
              28.1927159
            ]
          ]
        ]
      }
    },
    {
      "type": "Feature",
      "properties": {
        "building_id": "NEPAL_OSM_BLD_317948506",
        "type": "yes",
        "name": "Building",
        "district": "Rasuwa",
        "country": "Nepal"
      },
      "geometry": {
        "type": "Polygon",
        "coordinates": [
          [
            [
              85.2000161,
              28.190481
            ],
            [
              85.1999756,
              28.1904169
            ],
            [
              85.1999151,
              28.1904466
            ],
            [
              85.1999556,
              28.1905106
            ],
            [
              85.2000161,
              28.190481
            ]
          ]
        ]
      }
    },
    {
      "type": "Feature",
      "properties": {
        "building_id": "NEPAL_OSM_BLD_317948507",
        "type": "yes",
        "name": "Building",
        "district": "Rasuwa",
        "country": "Nepal"
      },
      "geometry": {
        "type": "Polygon",
        "coordinates": [
          [
            [
              85.1989128,
              28.1897452
            ],
            [
              85.1988888,
              28.189704
            ],
            [
              85.1988411,
              28.1897256
            ],
            [
              85.1988651,
              28.1897668
            ],
            [
              85.1989128,
              28.1897452
            ]
          ]
        ]
      }
    },
    {
      "type": "Feature",
      "properties": {
        "building_id": "NEPAL_OSM_BLD_317948508",
        "type": "yes",
        "name": "Building",
        "district": "Rasuwa",
        "country": "Nepal"
      },
      "geometry": {
        "type": "Polygon",
        "coordinates": [
          [
            [
              85.2426217,
              28.1624929
            ],
            [
              85.2426507,
              28.1625294
            ],
            [
              85.2428857,
              28.1623845
            ],
            [
              85.2428443,
              28.1623323
            ],
            [
              85.2426093,
              28.1624773
            ],
            [
              85.2426217,
              28.1624929
            ]
          ]
        ]
      }
    },
    {
      "type": "Feature",
      "properties": {
        "building_id": "NEPAL_OSM_BLD_317948510",
        "type": "yes",
        "name": "Somdang Guest House",
        "district": "Rasuwa",
        "country": "Nepal"
      },
      "geometry": {
        "type": "Polygon",
        "coordinates": [
          [
            [
              85.1989469,
              28.1898132
            ],
            [
              85.1989217,
              28.1897575
            ],
            [
              85.1988565,
              28.1897804
            ],
            [
              85.1988818,
              28.1898361
            ],
            [
              85.1989469,
              28.1898132
            ]
          ]
        ]
      }
    },
    {
      "type": "Feature",
      "properties": {
        "building_id": "NEPAL_OSM_BLD_317948511",
        "type": "yes",
        "name": "Building",
        "district": "Rasuwa",
        "country": "Nepal"
      },
      "geometry": {
        "type": "Polygon",
        "coordinates": [
          [
            [
              85.2423684,
              28.1624898
            ],
            [
              85.2424023,
              28.1624634
            ],
            [
              85.2423683,
              28.1624295
            ],
            [
              85.2423344,
              28.162456
            ],
            [
              85.2423684,
              28.1624898
            ]
          ]
        ]
      }
    },
    {
      "type": "Feature",
      "properties": {
        "building_id": "NEPAL_OSM_BLD_317948513",
        "type": "yes",
        "name": "Building",
        "district": "Rasuwa",
        "country": "Nepal"
      },
      "geometry": {
        "type": "Polygon",
        "coordinates": [
          [
            [
              85.198761,
              28.1897002
            ],
            [
              85.1988314,
              28.189692
            ],
            [
              85.1988225,
              28.189633
            ],
            [
              85.1987522,
              28.1896412
            ],
            [
              85.198761,
              28.1897002
            ]
          ]
        ]
      }
    },
    {
      "type": "Feature",
      "properties": {
        "building_id": "NEPAL_OSM_BLD_317948514",
        "type": "yes",
        "name": "Building",
        "district": "Rasuwa",
        "country": "Nepal"
      },
      "geometry": {
        "type": "Polygon",
        "coordinates": [
          [
            [
              85.2429082,
              28.1637333
            ],
            [
              85.2427806,
              28.163633
            ],
            [
              85.2427353,
              28.1636778
            ],
            [
              85.242863,
              28.163778
            ],
            [
              85.2429082,
              28.1637333
            ]
          ]
        ]
      }
    },
    {
      "type": "Feature",
      "properties": {
        "building_id": "NEPAL_OSM_BLD_317948515",
        "type": "yes",
        "name": "Building",
        "district": "Rasuwa",
        "country": "Nepal"
      },
      "geometry": {
        "type": "Polygon",
        "coordinates": [
          [
            [
              85.1996765,
              28.1904384
            ],
            [
              85.1996035,
              28.1903254
            ],
            [
              85.1995564,
              28.190349
            ],
            [
              85.1996636,
              28.190515
            ],
            [
              85.1997749,
              28.1904592
            ],
            [
              85.1997406,
              28.1904062
            ],
            [
              85.1996765,
              28.1904384
            ]
          ]
        ]
      }
    },
    {
      "type": "Feature",
      "properties": {
        "building_id": "NEPAL_OSM_BLD_317948517",
        "type": "yes",
        "name": "Building",
        "district": "Rasuwa",
        "country": "Nepal"
      },
      "geometry": {
        "type": "Polygon",
        "coordinates": [
          [
            [
              85.2425909,
              28.1636546
            ],
            [
              85.2426408,
              28.1636131
            ],
            [
              85.2426257,
              28.1635989
            ],
            [
              85.2425032,
              28.1634841
            ],
            [
              85.2424532,
              28.1635256
            ],
            [
              85.2425909,
              28.1636546
            ]
          ]
        ]
      }
    },
    {
      "type": "Feature",
      "properties": {
        "building_id": "NEPAL_OSM_BLD_317948518",
        "type": "yes",
        "name": "Building",
        "district": "Rasuwa",
        "country": "Nepal"
      },
      "geometry": {
        "type": "Polygon",
        "coordinates": [
          [
            [
              85.2623912,
              28.1599676
            ],
            [
              85.2624139,
              28.1599398
            ],
            [
              85.2623901,
              28.1599246
            ],
            [
              85.2623674,
              28.1599525
            ],
            [
              85.2623912,
              28.1599676
            ]
          ]
        ]
      }
    },
    {
      "type": "Feature",
      "properties": {
        "building_id": "NEPAL_OSM_BLD_317948519",
        "type": "yes",
        "name": "Building",
        "district": "Rasuwa",
        "country": "Nepal"
      },
      "geometry": {
        "type": "Polygon",
        "coordinates": [
          [
            [
              85.2426146,
              28.1629593
            ],
            [
              85.24275,
              28.1630385
            ],
            [
              85.2428193,
              28.1629463
            ],
            [
              85.2427714,
              28.1629183
            ],
            [
              85.2427651,
              28.1629146
            ],
            [
              85.2427297,
              28.1629616
            ],
            [
              85.2426486,
              28.1629141
            ],
            [
              85.2426146,
              28.1629593
            ]
          ]
        ]
      }
    },
    {
      "type": "Feature",
      "properties": {
        "building_id": "NEPAL_OSM_BLD_317948520",
        "type": "yes",
        "name": "Building",
        "district": "Rasuwa",
        "country": "Nepal"
      },
      "geometry": {
        "type": "Polygon",
        "coordinates": [
          [
            [
              85.2625251,
              28.1601403
            ],
            [
              85.2625497,
              28.1601177
            ],
            [
              85.2625182,
              28.1600909
            ],
            [
              85.2624935,
              28.1601135
            ],
            [
              85.2625251,
              28.1601403
            ]
          ]
        ]
      }
    },
    {
      "type": "Feature",
      "properties": {
        "building_id": "NEPAL_OSM_BLD_317948522",
        "type": "yes",
        "name": "Building",
        "district": "Rasuwa",
        "country": "Nepal"
      },
      "geometry": {
        "type": "Polygon",
        "coordinates": [
          [
            [
              85.1990315,
              28.1896451
            ],
            [
              85.1989395,
              28.1895013
            ],
            [
              85.1988833,
              28.1895293
            ],
            [
              85.1989753,
              28.189673
            ],
            [
              85.1990315,
              28.1896451
            ]
          ]
        ]
      }
    },
    {
      "type": "Feature",
      "properties": {
        "building_id": "NEPAL_OSM_BLD_317948524",
        "type": "yes",
        "name": "Building",
        "district": "Rasuwa",
        "country": "Nepal"
      },
      "geometry": {
        "type": "Polygon",
        "coordinates": [
          [
            [
              85.1993113,
              28.1899535
            ],
            [
              85.1993387,
              28.1899017
            ],
            [
              85.1992819,
              28.1898782
            ],
            [
              85.1992544,
              28.18993
            ],
            [
              85.1993113,
              28.1899535
            ]
          ]
        ]
      }
    }
  ]
}