{
  "type": "FeatureCollection",
  "features": [
    {
      "type": "Feature",
      "properties": {
        "name": "Kumarakom - Vechoor Road",
        "highway": "primary",
        "surface": "asphalt",
        "osm_id": 27137275
      },
      "geometry": {
        "type": "LineString",
        "coordinates": [
          [
            76.4327549,
            9.6153225
          ],
          [
            76.4327524,
            9.6153333
          ],
          [
            76.4327217,
            9.615423
          ],
          [
            76.4326488,
            9.6155693
          ],
          [
            76.4326256,
            9.6156158
          ],
          [
            76.4324702,
            9.6159275
          ],
          [
            76.4322811,
            9.6163367
          ],
          [
            76.4322435,
            9.6164228
          ],
          [
            76.4321821,
            9.6165634
          ],
          [
            76.431916,
            9.617149
          ],
          [
            76.4307429,
            9.6195677
          ],
          [
            76.4306384,
            9.6197883
          ]
        ]
      }
    },
    {
      "type": "Feature",
      "properties": {
        "name": "Residential Road",
        "highway": "residential",
        "surface": "asphalt",
        "osm_id": 27916398
      },
      "geometry": {
        "type": "LineString",
        "coordinates": [
          [
            76.431583,
            9.612316
          ],
          [
            76.4314901,
            9.6126137
          ],
          [
            76.431179,
            9.6131914
          ],
          [
            76.4311211,
            9.613374
          ],
          [
            76.4311482,
            9.6141565
          ],
          [
            76.4311666,
            9.6142087
          ],
          [
            76.4311409,
            9.6149365
          ],
          [
            76.4311053,
            9.6152315
          ],
          [
            76.4309909,
            9.6156108
          ],
          [
            76.4307483,
            9.6158788
          ],
          [
            76.4306198,
            9.6160243
          ]
        ]
      }
    },
    {
      "type": "Feature",
      "properties": {
        "name": "Kaippuzhamuttu Bridge",
        "highway": "primary",
        "surface": "asphalt",
        "osm_id": 28194253
      },
      "geometry": {
        "type": "LineString",
        "coordinates": [
          [
            76.4306682,
            9.6482552
          ],
          [
            76.4303635,
            9.6489686
          ]
        ]
      }
    },
    {
      "type": "Feature",
      "properties": {
        "name": "Kuruppamthara - Kallara Road",
        "highway": "secondary",
        "surface": "asphalt",
        "osm_id": 30988884
      },
      "geometry": {
        "type": "LineString",
        "coordinates": [
          [
            76.5048662,
            9.7320032
          ],
          [
            76.5048039,
            9.7318731
          ],
          [
            76.5046288,
            9.7315758
          ],
          [
            76.5044745,
            9.7311809
          ],
          [
            76.5041758,
            9.7302989
          ],
          [
            76.5041482,
            9.7302174
          ],
          [
            76.5041032,
            9.7301935
          ],
          [
            76.503867,
            9.7301992
          ],
          [
            76.5037975,
            9.730175
          ],
          [
            76.5037331,
            9.7300349
          ],
          [
            76.5036601,
            9.7297401
          ]
        ]
      }
    },
    {
      "type": "Feature",
      "properties": {
        "name": "Kuruppamthara - Kallara Road",
        "highway": "secondary",
        "surface": "asphalt",
        "osm_id": 31128048
      },
      "geometry": {
        "type": "LineString",
        "coordinates": [
          [
            76.5165345,
            9.7395599
          ],
          [
            76.5163667,
            9.7394643
          ],
          [
            76.5151985,
            9.738826
          ],
          [
            76.5138307,
            9.7381263
          ],
          [
            76.5128147,
            9.7376962
          ],
          [
            76.5119224,
            9.7371505
          ],
          [
            76.5117599,
            9.7370784
          ],
          [
            76.5110105,
            9.7367461
          ],
          [
            76.5096272,
            9.736187
          ],
          [
            76.5095971,
            9.7361748
          ],
          [
            76.5093567,
            9.7360333
          ],
          [
            76.5092873,
            9.7359894
          ]
        ]
      }
    },
    {
      "type": "Feature",
      "properties": {
        "name": "Kumarakom - Vechoor Road",
        "highway": "primary",
        "surface": "asphalt",
        "osm_id": 32762048
      },
      "geometry": {
        "type": "LineString",
        "coordinates": [
          [
            76.4262867,
            9.6548949
          ],
          [
            76.425841,
            9.6550806
          ],
          [
            76.4257425,
            9.6551973
          ],
          [
            76.4256662,
            9.655304
          ],
          [
            76.4255744,
            9.6555927
          ],
          [
            76.4255394,
            9.6557828
          ],
          [
            76.4255145,
            9.6559179
          ],
          [
            76.4254409,
            9.6563691
          ],
          [
            76.4253551,
            9.6568351
          ],
          [
            76.4251825,
            9.6575508
          ],
          [
            76.4249969,
            9.6585383
          ],
          [
            76.4249601,
            9.6588472
          ],
          [
            76.4249459,
            9.6589667
          ],
          [
            76.4249104,
            9.6591099
          ],
          [
            76.4248555,
            9.6593319
          ],
          [
            76.424842,
            9.6593865
          ],
          [
            76.424742,
            9.659871
          ],
          [
            76.4247314,
            9.6601511
          ],
          [
            76.4247258,
            9.6602301
          ],
          [
            76.4246963,
            9.6606479
          ],
          [
            76.4246788,
            9.6609535
          ],
          [
            76.4246545,
            9.6610925
          ],
          [
            76.424641,
            9.6611615
          ],
          [
            76.4245597,
            9.6615612
          ],
          [
            76.4244591,
            9.6621778
          ],
          [
            76.4243879,
            9.6626711
          ],
          [
            76.424383,
            9.6627049
          ],
          [
            76.4243004,
            9.6630478
          ],
          [
            76.4242893,
            9.6630938
          ],
          [
            76.4242038,
            9.6633283
          ],
          [
            76.4240266,
            9.6636574
          ],
          [
            76.4239525,
            9.6638647
          ],
          [
            76.4238555,
            9.6643236
          ],
          [
            76.4238265,
            9.6645745
          ],
          [
            76.4237467,
            9.6651138
          ],
          [
            76.4237359,
            9.665187
          ],
          [
            76.423563,
            9.6657619
          ],
          [
            76.4233524,
            9.6666031
          ],
          [
            76.4232629,
            9.6669328
          ],
          [
            76.4231492,
            9.6673515
          ],
          [
            76.4230947,
            9.6675123
          ],
          [
            76.4230497,
            9.6676451
          ],
          [
            76.4230067,
            9.6677524
          ],
          [
            76.4229449,
            9.6679068
          ],
          [
            76.4228449,
            9.6681589
          ],
          [
            76.4226288,
            9.6689965
          ],
          [
            76.4225102,
            9.669445
          ],
          [
            76.42239,
            9.6699188
          ],
          [
            76.4223844,
            9.6699392
          ],
          [
            76.4223614,
            9.6700591
          ],
          [
            76.4223672,
            9.6701634
          ],
          [
            76.422345,
            9.6702355
          ],
          [
            76.4223366,
            9.6702788
          ]
        ]
      }
    },
    {
      "type": "Feature",
      "properties": {
        "name": "Residential Road",
        "highway": "residential",
        "surface": "asphalt",
        "osm_id": 44148095
      },
      "geometry": {
        "type": "LineString",
        "coordinates": [
          [
            76.4280552,
            9.6271503
          ],
          [
            76.4268707,
            9.626888
          ]
        ]
      }
    },
    {
      "type": "Feature",
      "properties": {
        "name": "Kallumada Bridge",
        "highway": "secondary",
        "surface": "asphalt",
        "osm_id": 52136307
      },
      "geometry": {
        "type": "LineString",
        "coordinates": [
          [
            76.4939784,
            9.6104988
          ],
          [
            76.4935335,
            9.6104576
          ]
        ]
      }
    },
    {
      "type": "Feature",
      "properties": {
        "name": "Secondary Road",
        "highway": "secondary",
        "surface": "asphalt",
        "osm_id": 81114447
      },
      "geometry": {
        "type": "LineString",
        "coordinates": [
          [
            76.5080386,
            9.6259331
          ],
          [
            76.5080853,
            9.6262384
          ],
          [
            76.5081081,
            9.626385
          ],
          [
            76.5082312,
            9.6269388
          ],
          [
            76.5082598,
            9.6271077
          ],
          [
            76.5082261,
            9.6272629
          ],
          [
            76.508109,
            9.6275665
          ],
          [
            76.5080275,
            9.6277944
          ],
          [
            76.5079997,
            9.6280306
          ],
          [
            76.5080106,
            9.6282964
          ],
          [
            76.5080711,
            9.6287715
          ],
          [
            76.508131,
            9.6292415
          ],
          [
            76.5081825,
            9.6293894
          ],
          [
            76.5083109,
            9.629596
          ],
          [
            76.5084703,
            9.6298524
          ],
          [
            76.5085989,
            9.6301519
          ],
          [
            76.5086972,
            9.6304449
          ],
          [
            76.508785,
            9.6305286
          ],
          [
            76.5089458,
            9.6305264
          ],
          [
            76.5090548,
            9.6305375
          ],
          [
            76.5091167,
            9.6305438
          ],
          [
            76.5092253,
            9.6306022
          ]
        ]
      }
    },
    {
      "type": "Feature",
      "properties": {
        "name": "Vaikom - Vechur Road",
        "highway": "primary",
        "surface": "asphalt",
        "osm_id": 135664562
      },
      "geometry": {
        "type": "LineString",
        "coordinates": [
          [
            76.4197283,
            9.6928062
          ],
          [
            76.4197197,
            9.6929813
          ],
          [
            76.4197397,
            9.6932217
          ],
          [
            76.4197282,
            9.6934161
          ],
          [
            76.4197022,
            9.6938629
          ],
          [
            76.4196976,
            9.6942466
          ],
          [
            76.4196833,
            9.6948006
          ],
          [
            76.4196773,
            9.6950304
          ],
          [
            76.4196792,
            9.6950761
          ],
          [
            76.419686,
            9.6952443
          ],
          [
            76.4196914,
            9.6955087
          ],
          [
            76.4196821,
            9.6957546
          ],
          [
            76.4196585,
            9.6959611
          ],
          [
            76.419636,
            9.6963205
          ],
          [
            76.4196244,
            9.6965068
          ],
          [
            76.4196029,
            9.6967949
          ],
          [
            76.4195883,
            9.6970362
          ],
          [
            76.4195826,
            9.6971308
          ],
          [
            76.4195506,
            9.697489
          ],
          [
            76.4195238,
            9.6976145
          ],
          [
            76.4194718,
            9.6977801
          ],
          [
            76.4194098,
            9.6980257
          ],
          [
            76.419372,
            9.6982095
          ],
          [
            76.4193709,
            9.6983852
          ],
          [
            76.4193839,
            9.6985768
          ],
          [
            76.4193839,
            9.6987047
          ],
          [
            76.4193839,
            9.6988463
          ],
          [
            76.4193876,
            9.6992503
          ],
          [
            76.419392,
            9.6997231
          ],
          [
            76.4193964,
            9.7001999
          ],
          [
            76.4193766,
            9.700332
          ],
          [
            76.419355,
            9.7005073
          ],
          [
            76.4192819,
            9.7008781
          ],
          [
            76.4192118,
            9.7011417
          ],
          [
            76.4191823,
            9.7013353
          ],
          [
            76.4191805,
            9.7015433
          ],
          [
            76.4191526,
            9.701827
          ],
          [
            76.4191231,
            9.7021382
          ],
          [
            76.4190812,
            9.7023127
          ],
          [
            76.419033,
            9.7025969
          ],
          [
            76.4190083,
            9.7027321
          ],
          [
            76.4189954,
            9.702852
          ],
          [
            76.4189943,
            9.7030771
          ],
          [
            76.4190115,
            9.7033464
          ],
          [
            76.4190243,
            9.7036313
          ],
          [
            76.4190348,
            9.7039631
          ],
          [
            76.4190732,
            9.7045414
          ],
          [
            76.4190786,
            9.7048415
          ],
          [
            76.4190544,
            9.7050484
          ],
          [
            76.4190151,
            9.7052767
          ],
          [
            76.4190068,
            9.7053244
          ],
          [
            76.4190035,
            9.7053438
          ],
          [
            76.4189096,
            9.7056902
          ],
          [
            76.4188103,
            9.706018
          ],
          [
            76.4187508,
            9.7063589
          ],
          [
            76.4187452,
            9.7064557
          ]
        ]
      }
    },
    {
      "type": "Feature",
      "properties": {
        "name": "Residential Road",
        "highway": "residential",
        "surface": "paving_stones",
        "osm_id": 143387038
      },
      "geometry": {
        "type": "LineString",
        "coordinates": [
          [
            76.4267883,
            9.6190342
          ],
          [
            76.4276328,
            9.6193089
          ],
          [
            76.4277564,
            9.6192667
          ],
          [
            76.4278607,
            9.6193126
          ],
          [
            76.4280246,
            9.6194749
          ],
          [
            76.4275277,
            9.6200304
          ],
          [
            76.4274137,
            9.6201605
          ],
          [
            76.4273728,
            9.6202413
          ],
          [
            76.4273931,
            9.6202761
          ],
          [
            76.4274423,
            9.6203039
          ],
          [
            76.428611,
            9.6208188
          ],
          [
            76.4295428,
            9.6211582
          ],
          [
            76.4298655,
            9.6212438
          ]
        ]
      }
    },
    {
      "type": "Feature",
      "properties": {
        "name": "Secondary Road",
        "highway": "secondary",
        "surface": "asphalt",
        "osm_id": 147938747
      },
      "geometry": {
        "type": "LineString",
        "coordinates": [
          [
            76.5069239,
            9.6612136
          ],
          [
            76.5069184,
            9.6609223
          ],
          [
            76.5069156,
            9.6607763
          ],
          [
            76.5068741,
            9.6602757
          ],
          [
            76.5067983,
            9.6597107
          ],
          [
            76.5067759,
            9.6594254
          ],
          [
            76.5067476,
            9.6591508
          ],
          [
            76.506711,
            9.6589995
          ],
          [
            76.5066575,
            9.6588087
          ],
          [
            76.5065928,
            9.6585886
          ],
          [
            76.5064796,
            9.6581749
          ],
          [
            76.506501,
            9.6576038
          ],
          [
            76.5065199,
            9.6573485
          ],
          [
            76.5064822,
            9.6569983
          ],
          [
            76.5064339,
            9.6568184
          ],
          [
            76.5064367,
            9.6567312
          ],
          [
            76.5065141,
            9.6565071
          ],
          [
            76.5065577,
            9.6563808
          ],
          [
            76.5065847,
            9.6561466
          ],
          [
            76.5066005,
            9.6557912
          ],
          [
            76.5066014,
            9.6557392
          ],
          [
            76.5065689,
            9.6552292
          ],
          [
            76.5065628,
            9.6551326
          ],
          [
            76.5065447,
            9.6546931
          ],
          [
            76.5065386,
            9.6545445
          ],
          [
            76.5065335,
            9.6544241
          ],
          [
            76.5065466,
            9.6543277
          ],
          [
            76.506566,
            9.6542459
          ],
          [
            76.506595,
            9.6542072
          ],
          [
            76.5066337,
            9.6541039
          ],
          [
            76.5066658,
            9.6539776
          ],
          [
            76.5066576,
            9.6537635
          ],
          [
            76.5067078,
            9.6534802
          ],
          [
            76.5067431,
            9.6533973
          ],
          [
            76.5068194,
            9.6533053
          ],
          [
            76.5070763,
            9.6531492
          ],
          [
            76.5072422,
            9.6530825
          ],
          [
            76.5074246,
            9.653031
          ],
          [
            76.5076981,
            9.6529382
          ],
          [
            76.5078547,
            9.6528816
          ],
          [
            76.5080764,
            9.6528076
          ],
          [
            76.5082608,
            9.6527849
          ],
          [
            76.5084309,
            9.6527683
          ],
          [
            76.5085313,
            9.6527287
          ],
          [
            76.5086307,
            9.6526812
          ],
          [
            76.5086891,
            9.6526343
          ],
          [
            76.5087886,
            9.652431
          ],
          [
            76.5089744,
            9.6519638
          ],
          [
            76.5090908,
            9.6514925
          ],
          [
            76.5091684,
            9.6510538
          ],
          [
            76.5091988,
            9.6509398
          ],
          [
            76.509357,
            9.6504169
          ],
          [
            76.5095373,
            9.6498245
          ],
          [
            76.5096527,
            9.6494369
          ],
          [
            76.5096771,
            9.6490352
          ],
          [
            76.5097855,
            9.6487055
          ],
          [
            76.509937,
            9.6483596
          ],
          [
            76.509971,
            9.6482638
          ],
          [
            76.5099761,
            9.6482496
          ]
        ]
      }
    },
    {
      "type": "Feature",
      "properties": {
        "name": "Kallara - Kottayam Road",
        "highway": "secondary",
        "surface": "asphalt",
        "osm_id": 148103043
      },
      "geometry": {
        "type": "LineString",
        "coordinates": [
          [
            76.5063473,
            9.6694436
          ],
          [
            76.5062138,
            9.6698464
          ],
          [
            76.5060131,
            9.6702389
          ],
          [
            76.5059534,
            9.6704979
          ],
          [
            76.5059243,
            9.6708753
          ],
          [
            76.505873,
            9.671287
          ],
          [
            76.5058649,
            9.6717465
          ],
          [
            76.5059003,
            9.6720835
          ],
          [
            76.5059652,
            9.6726044
          ],
          [
            76.505994,
            9.6729449
          ],
          [
            76.5060227,
            9.6734192
          ],
          [
            76.5060177,
            9.6737925
          ],
          [
            76.5060084,
            9.6738567
          ],
          [
            76.5060085,
            9.6738658
          ],
          [
            76.5059981,
            9.6740408
          ],
          [
            76.5059465,
            9.6742483
          ],
          [
            76.5059316,
            9.6743103
          ],
          [
            76.5058857,
            9.6745013
          ],
          [
            76.5057497,
            9.6751507
          ],
          [
            76.5056983,
            9.6753157
          ],
          [
            76.505602,
            9.6757794
          ],
          [
            76.505607,
            9.6761713
          ],
          [
            76.5056293,
            9.6763318
          ],
          [
            76.5056293,
            9.6763567
          ],
          [
            76.5056442,
            9.676448
          ],
          [
            76.5056725,
            9.6766269
          ],
          [
            76.5058235,
            9.6774611
          ],
          [
            76.5058231,
            9.6775391
          ],
          [
            76.5058178,
            9.6780251
          ],
          [
            76.5058437,
            9.6785823
          ],
          [
            76.5057477,
            9.6791719
          ],
          [
            76.5057303,
            9.6795294
          ],
          [
            76.5057354,
            9.6800246
          ],
          [
            76.5057359,
            9.6800781
          ]
        ]
      }
    },
    {
      "type": "Feature",
      "properties": {
        "name": "Secondary Road",
        "highway": "secondary",
        "surface": "asphalt",
        "osm_id": 148104036
      },
      "geometry": {
        "type": "LineString",
        "coordinates": [
          [
            76.5096586,
            9.6615579
          ],
          [
            76.509771,
            9.6610478
          ],
          [
            76.5097935,
            9.660967
          ],
          [
            76.5098287,
            9.6609276
          ],
          [
            76.5099292,
            9.6609034
          ],
          [
            76.5105609,
            9.6610399
          ],
          [
            76.5117396,
            9.6612435
          ],
          [
            76.5121158,
            9.6613175
          ],
          [
            76.5121996,
            9.6613227
          ],
          [
            76.5125784,
            9.6614165
          ],
          [
            76.5128204,
            9.6614945
          ],
          [
            76.5131941,
            9.6615641
          ],
          [
            76.5133365,
            9.6615837
          ],
          [
            76.5135756,
            9.6616058
          ],
          [
            76.5140221,
            9.6616479
          ],
          [
            76.514561,
            9.6617551
          ],
          [
            76.514848,
            9.661824
          ],
          [
            76.5150209,
            9.6618839
          ],
          [
            76.515086,
            9.6619283
          ],
          [
            76.5152372,
            9.6620315
          ],
          [
            76.5157415,
            9.6623858
          ],
          [
            76.5161492,
            9.6626641
          ],
          [
            76.5167125,
            9.6630416
          ],
          [
            76.5170826,
            9.6636233
          ],
          [
            76.517324,
            9.6640463
          ],
          [
            76.5174045,
            9.6643266
          ],
          [
            76.5175171,
            9.6643954
          ],
          [
            76.5177371,
            9.6644059
          ],
          [
            76.5179944,
            9.6643991
          ],
          [
            76.5182132,
            9.664324
          ],
          [
            76.5184665,
            9.6642486
          ],
          [
            76.5185393,
            9.6642351
          ],
          [
            76.5188204,
            9.6640926
          ],
          [
            76.5192606,
            9.6639247
          ],
          [
            76.5194161,
            9.6639035
          ],
          [
            76.5198128,
            9.6640027
          ],
          [
            76.5201615,
            9.6640291
          ],
          [
            76.520623,
            9.6639616
          ],
          [
            76.5209501,
            9.6639551
          ],
          [
            76.5211459,
            9.66393
          ],
          [
            76.5216344,
            9.663807
          ],
          [
            76.5220831,
            9.6636953
          ],
          [
            76.5221866,
            9.6636781
          ],
          [
            76.5223156,
            9.6636643
          ],
          [
            76.5224374,
            9.6636921
          ],
          [
            76.5225182,
            9.6637278
          ],
          [
            76.5226407,
            9.663752
          ],
          [
            76.5227921,
            9.6637528
          ],
          [
            76.5233319,
            9.663696
          ],
          [
            76.523938,
            9.6636868
          ],
          [
            76.524195,
            9.6636751
          ],
          [
            76.5245658,
            9.6636627
          ],
          [
            76.5247,
            9.6636729
          ],
          [
            76.5247509,
            9.6636773
          ],
          [
            76.5247805,
            9.663692
          ],
          [
            76.5248119,
            9.6637454
          ],
          [
            76.5248232,
            9.6638514
          ],
          [
            76.5247578,
            9.6641772
          ],
          [
            76.5247791,
            9.6642921
          ],
          [
            76.5248235,
            9.6643583
          ],
          [
            76.5250096,
            9.6645727
          ],
          [
            76.5256346,
            9.6649323
          ],
          [
            76.52645,
            9.6650618
          ],
          [
            76.526922,
            9.6651967
          ],
          [
            76.526965,
            9.6652073
          ],
          [
            76.5270052,
            9.6652046
          ],
          [
            76.5270454,
            9.6651755
          ],
          [
            76.5270696,
            9.6651279
          ],
          [
            76.5271125,
            9.6650645
          ],
          [
            76.5271688,
            9.6650116
          ],
          [
            76.5271899,
            9.6649921
          ],
          [
            76.5272412,
            9.6649895
          ],
          [
            76.5273404,
            9.6650132
          ],
          [
            76.5274337,
            9.6650466
          ],
          [
            76.5275597,
            9.6651128
          ],
          [
            76.527698,
            9.6652274
          ],
          [
            76.5277695,
            9.6652773
          ],
          [
            76.5278374,
            9.6653067
          ],
          [
            76.5279414,
            9.6653299
          ],
          [
            76.5283328,
            9.6653989
          ],
          [
            76.5290485,
            9.6655093
          ],
          [
            76.5292071,
            9.6655152
          ],
          [
            76.5293841,
            9.6655192
          ],
          [
            76.5294783,
            9.6655454
          ],
          [
            76.5295478,
            9.6655932
          ],
          [
            76.530161,
            9.6661293
          ],
          [
            76.5304162,
            9.6663576
          ],
          [
            76.530681,
            9.6665795
          ],
          [
            76.5307883,
            9.6666323
          ],
          [
            76.5309331,
            9.6666535
          ],
          [
            76.5311343,
            9.6668095
          ],
          [
            76.5312215,
            9.666904
          ],
          [
            76.5313343,
            9.6670139
          ],
          [
            76.5316117,
            9.6672841
          ],
          [
            76.5316734,
            9.6673727
          ],
          [
            76.53166,
            9.6674117
          ],
          [
            76.5316251,
            9.667456
          ],
          [
            76.5315956,
            9.6675089
          ],
          [
            76.5315742,
            9.6675856
          ],
          [
            76.5315882,
            9.6676329
          ],
          [
            76.5316131,
            9.6677001
          ],
          [
            76.5316439,
            9.667771
          ],
          [
            76.531668,
            9.6678467
          ],
          [
            76.5316841,
            9.6679267
          ]
        ]
      }
    },
    {
      "type": "Feature",
      "properties": {
        "name": "Unclassified Road",
        "highway": "unclassified",
        "surface": "asphalt",
        "osm_id": 164919849
      },
      "geometry": {
        "type": "LineString",
        "coordinates": [
          [
            76.4926681,
            9.7504344
          ],
          [
            76.4925736,
            9.7494193
          ],
          [
            76.4925615,
            9.7493523
          ],
          [
            76.49251,
            9.7490686
          ],
          [
            76.4923544,
            9.7486646
          ],
          [
            76.49224,
            9.7482795
          ],
          [
            76.4921765,
            9.7478881
          ],
          [
            76.492078,
            9.7472431
          ],
          [
            76.4920462,
            9.7466075
          ],
          [
            76.4919636,
            9.7461065
          ],
          [
            76.4919177,
            9.7459189
          ],
          [
            76.4918365,
            9.7455867
          ],
          [
            76.491665,
            9.7450419
          ],
          [
            76.4915633,
            9.7446599
          ],
          [
            76.4913218,
            9.7439522
          ],
          [
            76.4913028,
            9.7436516
          ],
          [
            76.4912932,
            9.7431819
          ],
          [
            76.4912233,
            9.742706
          ],
          [
            76.4911058,
            9.7420359
          ],
          [
            76.49102,
            9.7415756
          ],
          [
            76.4909279,
            9.7412374
          ],
          [
            76.490823,
            9.7409556
          ],
          [
            76.4906896,
            9.7406206
          ],
          [
            76.4905435,
            9.7403075
          ],
          [
            76.490391,
            9.7400288
          ],
          [
            76.4902099,
            9.7397031
          ],
          [
            76.4900542,
            9.7395528
          ],
          [
            76.4900828,
            9.7394182
          ],
          [
            76.4902063,
            9.7392015
          ],
          [
            76.4902512,
            9.73893
          ],
          [
            76.4902288,
            9.7384925
          ],
          [
            76.4903468,
            9.7383651
          ],
          [
            76.4904816,
            9.7382654
          ],
          [
            76.4904479,
            9.7380881
          ],
          [
            76.4903636,
            9.7376949
          ],
          [
            76.4902344,
            9.7373072
          ],
          [
            76.4901333,
            9.7370577
          ],
          [
            76.4900549,
            9.7368494
          ],
          [
            76.4900274,
            9.7367763
          ],
          [
            76.4898386,
            9.7366401
          ],
          [
            76.4896037,
            9.7366492
          ],
          [
            76.4894057,
            9.7366582
          ],
          [
            76.4892813,
            9.7366038
          ],
          [
            76.4892204,
            9.7365583
          ],
          [
            76.4891293,
            9.7364903
          ],
          [
            76.4890161,
            9.736355
          ],
          [
            76.4890161,
            9.7361672
          ],
          [
            76.4890743,
            9.7359273
          ],
          [
            76.4890902,
            9.7355569
          ],
          [
            76.4891378,
            9.7351397
          ],
          [
            76.4891748,
            9.7348267
          ],
          [
            76.4891319,
            9.7344916
          ],
          [
            76.4891113,
            9.7343312
          ],
          [
            76.4890002,
            9.7340078
          ],
          [
            76.4889155,
            9.7336375
          ],
          [
            76.4889208,
            9.733288
          ],
          [
            76.489106,
            9.7329124
          ],
          [
            76.4892542,
            9.7325212
          ],
          [
            76.4893918,
            9.7321405
          ],
          [
            76.4894183,
            9.7318484
          ],
          [
            76.4893336,
            9.7314154
          ],
          [
            76.4893355,
            9.7313619
          ],
          [
            76.4893495,
            9.7309721
          ],
          [
            76.4894289,
            9.7305078
          ],
          [
            76.4895844,
            9.7295803
          ],
          [
            76.4893725,
            9.729152
          ],
          [
            76.4894497,
            9.7289841
          ],
          [
            76.4895013,
            9.7288718
          ],
          [
            76.4896292,
            9.7285934
          ]
        ]
      }
    },
    {
      "type": "Feature",
      "properties": {
        "name": "Vechoor - Kallara Road",
        "highway": "primary",
        "surface": "asphalt",
        "osm_id": 178665847
      },
      "geometry": {
        "type": "LineString",
        "coordinates": [
          [
            76.4377905,
            9.6846256
          ],
          [
            76.437961,
            9.6845891
          ],
          [
            76.4388793,
            9.6843784
          ],
          [
            76.4397456,
            9.6842271
          ],
          [
            76.4405178,
            9.684099
          ],
          [
            76.4412288,
            9.684029
          ],
          [
            76.4420611,
            9.6839718
          ],
          [
            76.4425886,
            9.6839152
          ],
          [
            76.4430183,
            9.6838733
          ],
          [
            76.4433805,
            9.6838075
          ],
          [
            76.4439976,
            9.6836731
          ],
          [
            76.444617,
            9.6835343
          ],
          [
            76.4450812,
            9.6834378
          ],
          [
            76.4454565,
            9.6833066
          ],
          [
            76.4458296,
            9.6831813
          ],
          [
            76.4461108,
            9.6831138
          ],
          [
            76.4464518,
            9.6830835
          ],
          [
            76.4468005,
            9.6830623
          ],
          [
            76.4472657,
            9.6830797
          ],
          [
            76.4474899,
            9.6831205
          ],
          [
            76.4478174,
            9.6832127
          ],
          [
            76.4480343,
            9.6832765
          ],
          [
            76.4483402,
            9.6833306
          ],
          [
            76.4485032,
            9.683335
          ],
          [
            76.4488336,
            9.6833056
          ],
          [
            76.4491501,
            9.6832697
          ],
          [
            76.4494371,
            9.683213
          ],
          [
            76.4497725,
            9.6831755
          ],
          [
            76.4499655,
            9.6831628
          ],
          [
            76.4501479,
            9.6832183
          ],
          [
            76.4502923,
            9.6832414
          ],
          [
            76.4504966,
            9.683258
          ],
          [
            76.4506817,
            9.68325
          ],
          [
            76.4510267,
            9.6831729
          ],
          [
            76.4512396,
            9.6831311
          ],
          [
            76.4514489,
            9.6831047
          ],
          [
            76.4519778,
            9.683123
          ],
          [
            76.452681,
            9.6831848
          ],
          [
            76.4529052,
            9.6832024
          ],
          [
            76.4530742,
            9.6831892
          ],
          [
            76.4533329,
            9.6831568
          ],
          [
            76.4538011,
            9.6831073
          ],
          [
            76.4541476,
            9.6830514
          ],
          [
            76.4546012,
            9.6829448
          ],
          [
            76.4548364,
            9.6828984
          ],
          [
            76.4550215,
            9.6828931
          ],
          [
            76.455633,
            9.682901
          ],
          [
            76.4561241,
            9.6829082
          ],
          [
            76.4570319,
            9.6829428
          ],
          [
            76.4576605,
            9.6829439
          ],
          [
            76.457819,
            9.6829751
          ],
          [
            76.4582652,
            9.6831596
          ],
          [
            76.4587079,
            9.6832659
          ],
          [
            76.4587481,
            9.6832755
          ],
          [
            76.4589673,
            9.6833589
          ],
          [
            76.4597817,
            9.6837383
          ],
          [
            76.4600533,
            9.6838264
          ],
          [
            76.460285,
            9.6838707
          ],
          [
            76.460728,
            9.6839015
          ],
          [
            76.4608335,
            9.6839088
          ],
          [
            76.4611366,
            9.6839358
          ],
          [
            76.4612603,
            9.6839732
          ]
        ]
      }
    },
    {
      "type": "Feature",
      "properties": {
        "name": "Kuruppamthara - Kallara Road",
        "highway": "secondary",
        "surface": "asphalt",
        "osm_id": 178665849
      },
      "geometry": {
        "type": "LineString",
        "coordinates": [
          [
            76.5057987,
            9.7335992
          ],
          [
            76.5055501,
            9.7332229
          ],
          [
            76.5054281,
            9.7330125
          ],
          [
            76.5053732,
            9.7329178
          ],
          [
            76.5052114,
            9.7326388
          ],
          [
            76.5048662,
            9.7320032
          ]
        ]
      }
    },
    {
      "type": "Feature",
      "properties": {
        "name": "Kallara - Kottayam Road",
        "highway": "secondary",
        "surface": "asphalt",
        "osm_id": 178667161
      },
      "geometry": {
        "type": "LineString",
        "coordinates": [
          [
            76.4977543,
            9.6901192
          ],
          [
            76.4979576,
            9.6900105
          ],
          [
            76.4980732,
            9.689852
          ],
          [
            76.4981576,
            9.6897231
          ],
          [
            76.4982676,
            9.6896261
          ],
          [
            76.4983627,
            9.6895418
          ],
          [
            76.4984887,
            9.6894246
          ],
          [
            76.4986624,
            9.6893258
          ],
          [
            76.4987968,
            9.6892758
          ],
          [
            76.4989718,
            9.6892246
          ],
          [
            76.4992139,
            9.6891621
          ],
          [
            76.4995017,
            9.6890909
          ],
          [
            76.4997654,
            9.6890021
          ],
          [
            76.499929,
            9.6889496
          ],
          [
            76.5002903,
            9.6888247
          ],
          [
            76.5005211,
            9.6887172
          ],
          [
            76.500748,
            9.688611
          ],
          [
            76.50089,
            9.688521
          ],
          [
            76.5010282,
            9.6884422
          ],
          [
            76.5013249,
            9.688281
          ],
          [
            76.5015227,
            9.6881648
          ],
          [
            76.5017953,
            9.6880073
          ],
          [
            76.5019398,
            9.6879211
          ],
          [
            76.5020869,
            9.6878448
          ],
          [
            76.5024102,
            9.6877024
          ],
          [
            76.5026904,
            9.6875886
          ],
          [
            76.5029592,
            9.6874899
          ],
          [
            76.503105,
            9.6874112
          ],
          [
            76.5033535,
            9.6872562
          ],
          [
            76.5034524,
            9.6871912
          ],
          [
            76.5035855,
            9.6870912
          ],
          [
            76.5038518,
            9.6869588
          ],
          [
            76.5040457,
            9.68684
          ],
          [
            76.5042562,
            9.6867138
          ],
          [
            76.5044198,
            9.6866113
          ],
          [
            76.5045288,
            9.6865451
          ],
          [
            76.5049628,
            9.6862256
          ]
        ]
      }
    },
    {
      "type": "Feature",
      "properties": {
        "name": "Tertiary Road",
        "highway": "tertiary",
        "surface": "asphalt",
        "osm_id": 178669022
      },
      "geometry": {
        "type": "LineString",
        "coordinates": [
          [
            76.4961699,
            9.70286
          ],
          [
            76.4963205,
            9.7029059
          ],
          [
            76.496498,
            9.702936
          ],
          [
            76.4966666,
            9.7029395
          ],
          [
            76.4968297,
            9.7029077
          ],
          [
            76.4970341,
            9.7028423
          ],
          [
            76.497235,
            9.7027468
          ],
          [
            76.4974473,
            9.702646
          ],
          [
            76.4976114,
            9.702568
          ],
          [
            76.4978715,
            9.702487
          ],
          [
            76.4981871,
            9.7024181
          ],
          [
            76.4985028,
            9.7023491
          ],
          [
            76.4987077,
            9.7023044
          ],
          [
            76.4989813,
            9.7022446
          ],
          [
            76.4990269,
            9.7022469
          ],
          [
            76.4993507,
            9.7022043
          ],
          [
            76.4996722,
            9.7021619
          ],
          [
            76.5000787,
            9.7021742
          ],
          [
            76.5003404,
            9.7021821
          ],
          [
            76.500439,
            9.7021851
          ],
          [
            76.5005987,
            9.7021353
          ],
          [
            76.500769,
            9.7020558
          ],
          [
            76.5011023,
            9.7019002
          ],
          [
            76.5014518,
            9.701737
          ],
          [
            76.5015706,
            9.7016815
          ],
          [
            76.5019668,
            9.7014966
          ],
          [
            76.502207,
            9.7014319
          ],
          [
            76.5024921,
            9.7014355
          ],
          [
            76.5027108,
            9.7014867
          ],
          [
            76.5029296,
            9.7015786
          ],
          [
            76.5032282,
            9.7017041
          ],
          [
            76.5035052,
            9.7018526
          ],
          [
            76.5036629,
            9.7019038
          ],
          [
            76.5038566,
            9.7019392
          ],
          [
            76.5039839,
            9.7019745
          ],
          [
            76.504104,
            9.7020558
          ],
          [
            76.5042044,
            9.7021
          ],
          [
            76.5042708,
            9.7020823
          ],
          [
            76.504322,
            9.7019835
          ],
          [
            76.5043575,
            9.701912
          ],
          [
            76.5044373,
            9.7016589
          ],
          [
            76.5045397,
            9.7013812
          ],
          [
            76.5046301,
            9.7011597
          ],
          [
            76.5047132,
            9.7009905
          ],
          [
            76.5047609,
            9.7008042
          ],
          [
            76.5048144,
            9.7006317
          ],
          [
            76.504859,
            9.7004801
          ],
          [
            76.5050172,
            9.7002912
          ],
          [
            76.505231,
            9.7001454
          ],
          [
            76.5054183,
            9.700008
          ],
          [
            76.5055672,
            9.6999001
          ],
          [
            76.5056833,
            9.6997845
          ],
          [
            76.5057572,
            9.6996555
          ],
          [
            76.5058271,
            9.699442
          ],
          [
            76.5058822,
            9.6992118
          ],
          [
            76.5059056,
            9.699076
          ],
          [
            76.5059913,
            9.6987713
          ],
          [
            76.5060712,
            9.6985016
          ],
          [
            76.5061335,
            9.6981509
          ],
          [
            76.506114,
            9.697929
          ],
          [
            76.506054,
            9.6978148
          ],
          [
            76.5060072,
            9.6976479
          ],
          [
            76.5059495,
            9.6973845
          ],
          [
            76.5059191,
            9.6972695
          ],
          [
            76.5059268,
            9.6972192
          ],
          [
            76.5059459,
            9.6971935
          ],
          [
            76.5059851,
            9.6971885
          ],
          [
            76.506221,
            9.6972018
          ],
          [
            76.5064538,
            9.6972284
          ],
          [
            76.5068975,
            9.6972485
          ],
          [
            76.5073709,
            9.6973068
          ],
          [
            76.5077797,
            9.6972839
          ],
          [
            76.5080566,
            9.6972683
          ],
          [
            76.508332,
            9.6973457
          ],
          [
            76.5085633,
            9.6975119
          ],
          [
            76.5087928,
            9.6976462
          ],
          [
            76.5090797,
            9.6977345
          ],
          [
            76.5091794,
            9.6977653
          ],
          [
            76.5092912,
            9.6976232
          ],
          [
            76.5095333,
            9.6973157
          ],
          [
            76.5097984,
            9.6969789
          ],
          [
            76.5099044,
            9.6966006
          ],
          [
            76.5100116,
            9.6962178
          ],
          [
            76.5100878,
            9.6958888
          ]
        ]
      }
    },
    {
      "type": "Feature",
      "properties": {
        "name": "Residential Road",
        "highway": "residential",
        "surface": "asphalt",
        "osm_id": 178669023
      },
      "geometry": {
        "type": "LineString",
        "coordinates": [
          [
            76.4968995,
            9.7067884
          ],
          [
            76.497295,
            9.7068634
          ],
          [
            76.4977261,
            9.7069834
          ],
          [
            76.498,
            9.7070533
          ],
          [
            76.4981927,
            9.7070483
          ],
          [
            76.4982789,
            9.7069634
          ],
          [
            76.4982941,
            9.7066734
          ],
          [
            76.498289,
            9.7062435
          ],
          [
            76.498284,
            9.7058336
          ],
          [
            76.4982028,
            9.7051538
          ],
          [
            76.4982078,
            9.7050593
          ],
          [
            76.4982231,
            9.7047739
          ],
          [
            76.4982535,
            9.704294
          ],
          [
            76.4983702,
            9.7040115
          ],
          [
            76.4986035,
            9.7038116
          ],
          [
            76.4988748,
            9.7036241
          ],
          [
            76.4990193,
            9.7034242
          ],
          [
            76.4990675,
            9.7032542
          ],
          [
            76.4990802,
            9.7031117
          ],
          [
            76.4990878,
            9.7028568
          ],
          [
            76.49907,
            9.7025794
          ],
          [
            76.499032,
            9.7023094
          ],
          [
            76.4990269,
            9.7022469
          ]
        ]
      }
    },
    {
      "type": "Feature",
      "properties": {
        "name": "Unclassified Road",
        "highway": "unclassified",
        "surface": "asphalt",
        "osm_id": 178669025
      },
      "geometry": {
        "type": "LineString",
        "coordinates": [
          [
            76.4984265,
            9.6713409
          ],
          [
            76.4987307,
            9.6712756
          ],
          [
            76.4991592,
            9.6712531
          ],
          [
            76.4995256,
            9.6712206
          ],
          [
            76.4998439,
            9.6712244
          ],
          [
            76.5002331,
            9.6712668
          ],
          [
            76.5005247,
            9.6712868
          ],
          [
            76.5008569,
            9.6713043
          ],
          [
            76.5013272,
            9.6713118
          ],
          [
            76.5017723,
            9.6712993
          ],
          [
            76.5021197,
            9.6712781
          ],
          [
            76.5023935,
            9.6712456
          ],
          [
            76.5028601,
            9.6711969
          ],
          [
            76.5030718,
            9.6711831
          ],
          [
            76.5030896,
            9.6710994
          ],
          [
            76.5030959,
            9.6709694
          ],
          [
            76.5031301,
            9.6705557
          ],
          [
            76.5031644,
            9.670022
          ],
          [
            76.503224,
            9.6697258
          ],
          [
            76.503319,
            9.6694733
          ],
          [
            76.5034268,
            9.6691809
          ],
          [
            76.5034877,
            9.6691009
          ],
          [
            76.503584,
            9.6690871
          ],
          [
            76.5037083,
            9.6691384
          ],
          [
            76.5038769,
            9.6692621
          ],
          [
            76.5041203,
            9.6693333
          ],
          [
            76.5043485,
            9.6693383
          ],
          [
            76.5047505,
            9.6693458
          ],
          [
            76.5050028,
            9.6693583
          ],
          [
            76.5056608,
            9.6693933
          ],
          [
            76.5059625,
            9.6694258
          ],
          [
            76.5063473,
            9.6694436
          ]
        ]
      }
    },
    {
      "type": "Feature",
      "properties": {
        "name": "Tertiary Road",
        "highway": "tertiary",
        "surface": "asphalt",
        "osm_id": 178754661
      },
      "geometry": {
        "type": "LineString",
        "coordinates": [
          [
            76.4302479,
            9.7066655
          ],
          [
            76.4302975,
            9.7065625
          ]
        ]
      }
    },
    {
      "type": "Feature",
      "properties": {
        "name": "Unclassified Road",
        "highway": "unclassified",
        "surface": "asphalt",
        "osm_id": 178754663
      },
      "geometry": {
        "type": "LineString",
        "coordinates": [
          [
            76.4333959,
            9.6953592
          ],
          [
            76.4334163,
            9.6952654
          ],
          [
            76.4334502,
            9.6950149
          ],
          [
            76.4334981,
            9.6948385
          ],
          [
            76.4335774,
            9.6945621
          ],
          [
            76.4336089,
            9.6944078
          ],
          [
            76.433642,
            9.6940688
          ],
          [
            76.4336564,
            9.6936933
          ],
          [
            76.4336845,
            9.6935628
          ],
          [
            76.4337421,
            9.6933413
          ],
          [
            76.4337857,
            9.6932259
          ],
          [
            76.4338388,
            9.6931014
          ],
          [
            76.4338819,
            9.6929636
          ],
          [
            76.4338951,
            9.6928436
          ],
          [
            76.4339286,
            9.6926898
          ],
          [
            76.4339723,
            9.6924494
          ],
          [
            76.4340258,
            9.692225
          ],
          [
            76.4340426,
            9.6920134
          ],
          [
            76.4340398,
            9.6917781
          ],
          [
            76.4340633,
            9.6915517
          ],
          [
            76.4341083,
            9.6912745
          ],
          [
            76.4341605,
            9.6910465
          ],
          [
            76.4342199,
            9.6907632
          ],
          [
            76.4343148,
            9.6904403
          ],
          [
            76.43441,
            9.6900558
          ],
          [
            76.4344389,
            9.6898646
          ],
          [
            76.4344898,
            9.68965
          ],
          [
            76.4345281,
            9.6893536
          ],
          [
            76.4345687,
            9.6890403
          ],
          [
            76.4346631,
            9.6886463
          ],
          [
            76.4347491,
            9.688316
          ],
          [
            76.4348204,
            9.688066
          ],
          [
            76.4348754,
            9.6878479
          ],
          [
            76.4348987,
            9.6876516
          ],
          [
            76.4349402,
            9.6874514
          ],
          [
            76.4350122,
            9.6871287
          ],
          [
            76.4350756,
            9.6869278
          ],
          [
            76.4351503,
            9.6864086
          ],
          [
            76.4352281,
            9.6861254
          ],
          [
            76.4352852,
            9.6858858
          ],
          [
            76.4353772,
            9.6853802
          ]
        ]
      }
    },
    {
      "type": "Feature",
      "properties": {
        "name": "Tertiary Road",
        "highway": "tertiary",
        "surface": "asphalt",
        "osm_id": 178754664
      },
      "geometry": {
        "type": "LineString",
        "coordinates": [
          [
            76.4302975,
            9.7065625
          ],
          [
            76.4303841,
            9.7063263
          ],
          [
            76.4305624,
            9.7057312
          ],
          [
            76.4305879,
            9.7056043
          ],
          [
            76.4305946,
            9.7054721
          ],
          [
            76.4306721,
            9.7050128
          ],
          [
            76.430777,
            9.7047926
          ],
          [
            76.4308794,
            9.7046553
          ],
          [
            76.4310164,
            9.7043332
          ],
          [
            76.4310922,
            9.7040642
          ],
          [
            76.4312036,
            9.7035285
          ],
          [
            76.4312691,
            9.7032316
          ],
          [
            76.431351,
            9.7030001
          ],
          [
            76.4314368,
            9.7028798
          ],
          [
            76.4315048,
            9.7027685
          ],
          [
            76.4315535,
            9.7026485
          ],
          [
            76.4315764,
            9.7024806
          ],
          [
            76.4316474,
            9.7022572
          ],
          [
            76.4317279,
            9.7020113
          ],
          [
            76.4318325,
            9.7018051
          ],
          [
            76.4318767,
            9.7015447
          ],
          [
            76.4319558,
            9.7011613
          ],
          [
            76.4320175,
            9.7009035
          ],
          [
            76.4320337,
            9.7007317
          ],
          [
            76.4320551,
            9.7006035
          ],
          [
            76.4320685,
            9.7005188
          ],
          [
            76.43209,
            9.7004541
          ],
          [
            76.4321946,
            9.7003589
          ],
          [
            76.4322723,
            9.7002824
          ],
          [
            76.4323287,
            9.7001936
          ],
          [
            76.4323528,
            9.7001077
          ],
          [
            76.432388,
            9.699906
          ],
          [
            76.4324856,
            9.6994031
          ],
          [
            76.4325516,
            9.6989412
          ],
          [
            76.4325969,
            9.698688
          ],
          [
            76.4326935,
            9.6983125
          ],
          [
            76.4327889,
            9.6979366
          ],
          [
            76.4328477,
            9.697637
          ],
          [
            76.4329062,
            9.6972801
          ],
          [
            76.4330073,
            9.6969575
          ],
          [
            76.4330944,
            9.6966231
          ],
          [
            76.4332032,
            9.6962108
          ]
        ]
      }
    },
    {
      "type": "Feature",
      "properties": {
        "name": "Tertiary Road",
        "highway": "tertiary",
        "surface": "asphalt",
        "osm_id": 178754665
      },
      "geometry": {
        "type": "LineString",
        "coordinates": [
          [
            76.4168936,
            9.7171736
          ],
          [
            76.4171535,
            9.7172384
          ],
          [
            76.4174006,
            9.7173151
          ],
          [
            76.417873,
            9.7175187
          ],
          [
            76.4181607,
            9.7176566
          ],
          [
            76.4182665,
            9.7177128
          ],
          [
            76.4183401,
            9.7177359
          ],
          [
            76.4185137,
            9.7177625
          ],
          [
            76.4186506,
            9.7177976
          ],
          [
            76.4188315,
            9.7178945
          ],
          [
            76.4189869,
            9.71801
          ],
          [
            76.4193044,
            9.7181976
          ],
          [
            76.4195996,
            9.7183427
          ],
          [
            76.4199391,
            9.7184249
          ],
          [
            76.4201072,
            9.7184345
          ],
          [
            76.4202493,
            9.7184021
          ],
          [
            76.4204058,
            9.7183763
          ],
          [
            76.4206169,
            9.7183736
          ],
          [
            76.4208496,
            9.71837
          ],
          [
            76.420996,
            9.7183925
          ],
          [
            76.4211236,
            9.7184221
          ],
          [
            76.4212162,
            9.7184601
          ],
          [
            76.4214025,
            9.7186603
          ],
          [
            76.4215428,
            9.718835
          ],
          [
            76.4215553,
            9.7188506
          ],
          [
            76.4217567,
            9.719069
          ],
          [
            76.4219481,
            9.7191649
          ],
          [
            76.422173,
            9.7192162
          ],
          [
            76.4225138,
            9.7194313
          ],
          [
            76.4228562,
            9.7196944
          ],
          [
            76.4231651,
            9.7198499
          ],
          [
            76.4238282,
            9.7202172
          ],
          [
            76.4242394,
            9.7204406
          ],
          [
            76.424785,
            9.7207169
          ],
          [
            76.4252516,
            9.7208344
          ]
        ]
      }
    },
    {
      "type": "Feature",
      "properties": {
        "name": "Tertiary Road",
        "highway": "tertiary",
        "surface": "asphalt",
        "osm_id": 178754666
      },
      "geometry": {
        "type": "LineString",
        "coordinates": [
          [
            76.4263998,
            9.7210747
          ],
          [
            76.4264182,
            9.7209526
          ],
          [
            76.4264988,
            9.7204463
          ],
          [
            76.4265572,
            9.719971
          ],
          [
            76.4267069,
            9.7190565
          ],
          [
            76.4268379,
            9.7185668
          ],
          [
            76.4270628,
            9.7178222
          ],
          [
            76.4271232,
            9.7175773
          ],
          [
            76.4271803,
            9.7171141
          ],
          [
            76.4272621,
            9.7167895
          ],
          [
            76.4273113,
            9.7165945
          ],
          [
            76.4274321,
            9.7162636
          ],
          [
            76.4274903,
            9.7161554
          ],
          [
            76.4275496,
            9.7160452
          ],
          [
            76.4276201,
            9.7155654
          ],
          [
            76.4276436,
            9.7151054
          ],
          [
            76.4276939,
            9.7146633
          ],
          [
            76.4277098,
            9.7145187
          ],
          [
            76.4277416,
            9.7144747
          ],
          [
            76.4277552,
            9.7143953
          ],
          [
            76.4277624,
            9.7142596
          ],
          [
            76.4277796,
            9.7140485
          ],
          [
            76.4277839,
            9.7138988
          ],
          [
            76.4277676,
            9.7137405
          ],
          [
            76.4277745,
            9.7136666
          ],
          [
            76.4278283,
            9.7134012
          ],
          [
            76.4279459,
            9.7130722
          ],
          [
            76.4280566,
            9.7126964
          ],
          [
            76.4281889,
            9.7124522
          ],
          [
            76.4283366,
            9.7121172
          ],
          [
            76.428436,
            9.7118709
          ],
          [
            76.4285473,
            9.7114898
          ],
          [
            76.4285776,
            9.711251
          ],
          [
            76.4286904,
            9.7108915
          ],
          [
            76.4288381,
            9.7105386
          ],
          [
            76.4289502,
            9.7104064
          ],
          [
            76.4290429,
            9.7103085
          ],
          [
            76.429053,
            9.7102164
          ],
          [
            76.4290516,
            9.7100609
          ],
          [
            76.4290849,
            9.7098692
          ],
          [
            76.4291896,
            9.7095888
          ],
          [
            76.4292758,
            9.7093577
          ],
          [
            76.4294306,
            9.7089194
          ],
          [
            76.429592,
            9.7085846
          ],
          [
            76.4296822,
            9.7082866
          ],
          [
            76.4297384,
            9.7079608
          ],
          [
            76.4298625,
            9.7075964
          ],
          [
            76.4301195,
            9.7070166
          ],
          [
            76.4302183,
            9.7067017
          ],
          [
            76.4302479,
            9.7066655
          ]
        ]
      }
    },
    {
      "type": "Feature",
      "properties": {
        "name": "Kallara - Paravanthuruthu - Manianthuruthu Road",
        "highway": "secondary",
        "surface": "asphalt",
        "osm_id": 178754667
      },
      "geometry": {
        "type": "LineString",
        "coordinates": [
          [
            76.4642374,
            9.6985661
          ],
          [
            76.4643931,
            9.6986774
          ],
          [
            76.4645928,
            9.6987932
          ],
          [
            76.4646846,
            9.6988428
          ],
          [
            76.4647593,
            9.6988585
          ],
          [
            76.464833,
            9.6988439
          ],
          [
            76.4649269,
            9.6987906
          ],
          [
            76.4649991,
            9.6987707
          ],
          [
            76.465172,
            9.6987012
          ],
          [
            76.4653818,
            9.6985407
          ],
          [
            76.4655262,
            9.6984348
          ],
          [
            76.4657511,
            9.6983273
          ],
          [
            76.4661993,
            9.6983091
          ],
          [
            76.4666156,
            9.6983025
          ],
          [
            76.4670772,
            9.6982578
          ],
          [
            76.4675926,
            9.6981883
          ],
          [
            76.4680341,
            9.6982131
          ],
          [
            76.4684554,
            9.698271
          ],
          [
            76.4687441,
            9.6983141
          ],
          [
            76.4692998,
            9.6982909
          ],
          [
            76.4698134,
            9.6982479
          ],
          [
            76.4700434,
            9.698233
          ],
          [
            76.4704278,
            9.6982115
          ],
          [
            76.4706611,
            9.69818
          ],
          [
            76.4708961,
            9.6981155
          ],
          [
            76.4711849,
            9.6980559
          ],
          [
            76.4714803,
            9.6980559
          ],
          [
            76.4717858,
            9.6981072
          ],
          [
            76.4719235,
            9.6982065
          ],
          [
            76.4721064,
            9.698324
          ],
          [
            76.4722206,
            9.6983604
          ],
          [
            76.4725748,
            9.6983786
          ],
          [
            76.4730448,
            9.6983951
          ],
          [
            76.473206,
            9.6984117
          ],
          [
            76.4732563,
            9.6984812
          ],
          [
            76.4732781,
            9.6986648
          ],
          [
            76.4732698,
            9.6988022
          ],
          [
            76.4732194,
            9.6990322
          ],
          [
            76.4732597,
            9.6992407
          ],
          [
            76.473394,
            9.6995699
          ],
          [
            76.4735769,
            9.6997917
          ],
          [
            76.4738355,
            9.6999058
          ],
          [
            76.4741041,
            9.6999268
          ],
          [
            76.4741326,
            9.699929
          ],
          [
            76.4743961,
            9.6999025
          ],
          [
            76.4747705,
            9.6998463
          ],
          [
            76.4750575,
            9.6998099
          ],
          [
            76.4754587,
            9.6997784
          ],
          [
            76.4757841,
            9.6998058
          ],
          [
            76.4758986,
            9.6999556
          ],
          [
            76.4760223,
            9.7000284
          ],
          [
            76.4761655,
            9.7000615
          ],
          [
            76.4763853,
            9.7000921
          ],
          [
            76.4766429,
            9.7001273
          ],
          [
            76.4768447,
            9.700169
          ],
          [
            76.4770467,
            9.7001888
          ],
          [
            76.4773707,
            9.7002252
          ],
          [
            76.4774633,
            9.7002353
          ]
        ]
      }
    },
    {
      "type": "Feature",
      "properties": {
        "name": "Secondary Road",
        "highway": "secondary",
        "surface": "asphalt",
        "osm_id": 178756068
      },
      "geometry": {
        "type": "LineString",
        "coordinates": [
          [
            76.5073814,
            9.6126259
          ],
          [
            76.5072119,
            9.6126652
          ],
          [
            76.5069146,
            9.6127637
          ],
          [
            76.5066406,
            9.6128397
          ],
          [
            76.5063763,
            9.6128851
          ],
          [
            76.5062436,
            9.6129164
          ],
          [
            76.5061123,
            9.6129045
          ],
          [
            76.5057568,
            9.6128574
          ],
          [
            76.5055221,
            9.612849
          ],
          [
            76.50527,
            9.612849
          ],
          [
            76.5049643,
            9.6128727
          ],
          [
            76.5048288,
            9.6128781
          ],
          [
            76.5047243,
            9.6128269
          ],
          [
            76.5043692,
            9.6126661
          ],
          [
            76.5041634,
            9.6125864
          ],
          [
            76.5037712,
            9.6124083
          ],
          [
            76.5034497,
            9.6122431
          ],
          [
            76.5030712,
            9.6120423
          ],
          [
            76.5028131,
            9.6118983
          ],
          [
            76.5025771,
            9.6117846
          ],
          [
            76.502222,
            9.6116157
          ],
          [
            76.501956,
            9.6114806
          ],
          [
            76.5018323,
            9.6115198
          ],
          [
            76.5016822,
            9.6115635
          ],
          [
            76.5014053,
            9.6116743
          ],
          [
            76.5012011,
            9.6117356
          ],
          [
            76.5010387,
            9.6117712
          ],
          [
            76.5007204,
            9.6118077
          ],
          [
            76.5005024,
            9.6118161
          ],
          [
            76.5001479,
            9.6118539
          ],
          [
            76.5000726,
            9.6118556
          ],
          [
            76.4999942,
            9.6118573
          ],
          [
            76.4998949,
            9.6118559
          ],
          [
            76.4997317,
            9.6118524
          ],
          [
            76.4995703,
            9.6118441
          ],
          [
            76.499422,
            9.6118374
          ],
          [
            76.4992726,
            9.6118711
          ],
          [
            76.4992088,
            9.6119022
          ],
          [
            76.4991305,
            9.6119803
          ],
          [
            76.498993,
            9.6121667
          ],
          [
            76.4989352,
            9.6122625
          ],
          [
            76.4988528,
            9.6122937
          ],
          [
            76.4987908,
            9.6123025
          ],
          [
            76.4987066,
            9.6123175
          ],
          [
            76.4984751,
            9.612325
          ],
          [
            76.4982399,
            9.6123306
          ],
          [
            76.4981139,
            9.6123399
          ],
          [
            76.4977471,
            9.612381
          ],
          [
            76.4975654,
            9.6123756
          ],
          [
            76.4974862,
            9.6123624
          ],
          [
            76.4974406,
            9.6123293
          ],
          [
            76.4973786,
            9.6122923
          ],
          [
            76.4973186,
            9.6121456
          ],
          [
            76.4972355,
            9.6119922
          ],
          [
            76.4970363,
            9.6117907
          ],
          [
            76.496643,
            9.6113628
          ],
          [
            76.4964373,
            9.6111533
          ],
          [
            76.4961746,
            9.6109003
          ],
          [
            76.4958012,
            9.6105511
          ],
          [
            76.4956067,
            9.6104516
          ],
          [
            76.4951205,
            9.6104729
          ],
          [
            76.4944494,
            9.6105044
          ],
          [
            76.4941912,
            9.6105044
          ],
          [
            76.4939784,
            9.6104988
          ]
        ]
      }
    },
    {
      "type": "Feature",
      "properties": {
        "name": "Secondary Road",
        "highway": "secondary",
        "surface": "asphalt",
        "osm_id": 178756567
      },
      "geometry": {
        "type": "LineString",
        "coordinates": [
          [
            76.4769487,
            9.6142904
          ],
          [
            76.4770765,
            9.6140653
          ],
          [
            76.4771491,
            9.6139199
          ],
          [
            76.4771739,
            9.6135286
          ],
          [
            76.4772029,
            9.6131286
          ],
          [
            76.4772084,
            9.6129853
          ],
          [
            76.4772268,
            9.6126358
          ],
          [
            76.4772516,
            9.6121481
          ],
          [
            76.4772413,
            9.6118883
          ],
          [
            76.4772338,
            9.6116991
          ],
          [
            76.477224,
            9.6114241
          ],
          [
            76.4772195,
            9.6112966
          ],
          [
            76.4772311,
            9.6108972
          ],
          [
            76.4772516,
            9.6104689
          ],
          [
            76.4773147,
            9.6100606
          ],
          [
            76.4773237,
            9.6099912
          ],
          [
            76.4773755,
            9.6095915
          ],
          [
            76.4773843,
            9.609524
          ],
          [
            76.4774099,
            9.6093264
          ],
          [
            76.4775279,
            9.6086097
          ],
          [
            76.4775723,
            9.6083076
          ],
          [
            76.4775842,
            9.6082263
          ],
          [
            76.4776399,
            9.6079362
          ],
          [
            76.4776855,
            9.6076673
          ],
          [
            76.4777183,
            9.6072863
          ],
          [
            76.4777304,
            9.6069965
          ],
          [
            76.4777322,
            9.6068832
          ],
          [
            76.4777344,
            9.6067559
          ],
          [
            76.4777502,
            9.6065184
          ],
          [
            76.4778029,
            9.6063761
          ],
          [
            76.4779866,
            9.6062824
          ],
          [
            76.4783267,
            9.6061555
          ],
          [
            76.4785093,
            9.6060988
          ],
          [
            76.4786962,
            9.6060603
          ],
          [
            76.4789698,
            9.6059866
          ],
          [
            76.4792301,
            9.6059784
          ],
          [
            76.4795191,
            9.606022
          ],
          [
            76.4798883,
            9.6060656
          ],
          [
            76.480286,
            9.6060715
          ],
          [
            76.4808551,
            9.606073
          ],
          [
            76.4809377,
            9.606067
          ],
          [
            76.4813563,
            9.6060316
          ],
          [
            76.4816413,
            9.6060275
          ],
          [
            76.4819177,
            9.6060101
          ],
          [
            76.4823184,
            9.6059775
          ],
          [
            76.4827309,
            9.6059374
          ],
          [
            76.4828996,
            9.6059755
          ],
          [
            76.483068,
            9.6060852
          ],
          [
            76.4831497,
            9.6063943
          ],
          [
            76.4831619,
            9.6064506
          ],
          [
            76.4831925,
            9.6065924
          ],
          [
            76.4832579,
            9.6068203
          ],
          [
            76.4833373,
            9.6069879
          ],
          [
            76.4833983,
            9.6070893
          ],
          [
            76.483531,
            9.6072051
          ],
          [
            76.4838076,
            9.6073389
          ],
          [
            76.4840754,
            9.6074948
          ],
          [
            76.4841173,
            9.6075192
          ],
          [
            76.4843238,
            9.6076657
          ],
          [
            76.4844356,
            9.6077606
          ],
          [
            76.4846798,
            9.6079844
          ],
          [
            76.4848718,
            9.608139
          ],
          [
            76.4850974,
            9.6082329
          ],
          [
            76.4853183,
            9.6082944
          ],
          [
            76.4857096,
            9.6083987
          ],
          [
            76.4861698,
            9.6084914
          ],
          [
            76.4863476,
            9.6085337
          ],
          [
            76.4864597,
            9.6085568
          ],
          [
            76.4865589,
            9.6085991
          ],
          [
            76.4866342,
            9.6086536
          ],
          [
            76.4868136,
            9.6089541
          ],
          [
            76.4869487,
            9.6091601
          ],
          [
            76.4870418,
            9.6093279
          ],
          [
            76.4870819,
            9.6093476
          ],
          [
            76.4872067,
            9.609372
          ],
          [
            76.4875561,
            9.6094453
          ],
          [
            76.4878348,
            9.6094936
          ],
          [
            76.4879903,
            9.6095055
          ],
          [
            76.488097,
            9.6094887
          ],
          [
            76.4882182,
            9.6093764
          ],
          [
            76.4882908,
            9.6092225
          ],
          [
            76.4884664,
            9.6089705
          ],
          [
            76.4886292,
            9.6087725
          ],
          [
            76.4886644,
            9.6087307
          ],
          [
            76.4887517,
            9.6086457
          ]
        ]
      }
    },
    {
      "type": "Feature",
      "properties": {
        "name": "Tertiary Road",
        "highway": "tertiary",
        "surface": "asphalt",
        "osm_id": 178760623
      },
      "geometry": {
        "type": "LineString",
        "coordinates": [
          [
            76.5091794,
            9.6977653
          ],
          [
            76.5091604,
            9.6979414
          ],
          [
            76.5091328,
            9.6981682
          ],
          [
            76.509185,
            9.6982861
          ],
          [
            76.5093629,
            9.6983738
          ],
          [
            76.5097954,
            9.6984948
          ],
          [
            76.5100439,
            9.6985704
          ],
          [
            76.5104457,
            9.6987306
          ],
          [
            76.5106925,
            9.6988183
          ],
          [
            76.5107739,
            9.6988942
          ],
          [
            76.510958,
            9.6991237
          ],
          [
            76.5111635,
            9.6993565
          ],
          [
            76.511504,
            9.6996528
          ],
          [
            76.511958,
            9.6998463
          ],
          [
            76.5125592,
            9.6999431
          ],
          [
            76.5131083,
            9.700052
          ],
          [
            76.513777,
            9.7002303
          ],
          [
            76.51405,
            9.7003331
          ],
          [
            76.5141777,
            9.700401
          ],
          [
            76.514323,
            9.7004783
          ],
          [
            76.5146267,
            9.7006143
          ],
          [
            76.5148813,
            9.7006537
          ],
          [
            76.5149948,
            9.7006597
          ],
          [
            76.5150408,
            9.7006778
          ],
          [
            76.5151114,
            9.7007625
          ],
          [
            76.5152985,
            9.7011072
          ],
          [
            76.5154979,
            9.7014489
          ],
          [
            76.5157065,
            9.7016484
          ],
          [
            76.5158116,
            9.7017418
          ],
          [
            76.5160849,
            9.7018701
          ],
          [
            76.5164428,
            9.7019898
          ],
          [
            76.5167226,
            9.7020454
          ],
          [
            76.516881,
            9.7020839
          ],
          [
            76.5170155,
            9.7021096
          ],
          [
            76.5170393,
            9.7021673
          ],
          [
            76.5170545,
            9.702441
          ],
          [
            76.5170957,
            9.7027125
          ],
          [
            76.5171478,
            9.7029113
          ],
          [
            76.517202,
            9.7032513
          ],
          [
            76.5172367,
            9.7033945
          ],
          [
            76.5174601,
            9.7038157
          ],
          [
            76.5175393,
            9.7039699
          ],
          [
            76.5175534,
            9.7039974
          ],
          [
            76.5176467,
            9.7042155
          ],
          [
            76.5176835,
            9.7044165
          ],
          [
            76.5177052,
            9.7045939
          ],
          [
            76.5176879,
            9.7047522
          ],
          [
            76.5176575,
            9.7049211
          ],
          [
            76.5175903,
            9.705184
          ],
          [
            76.5174861,
            9.7055069
          ],
          [
            76.5174016,
            9.7057698
          ],
          [
            76.51733,
            9.7058682
          ],
          [
            76.5171803,
            9.705849
          ],
          [
            76.5170372,
            9.7058105
          ],
          [
            76.5167639,
            9.7057378
          ],
          [
            76.5165318,
            9.7056865
          ],
          [
            76.5163149,
            9.7056202
          ],
          [
            76.5161544,
            9.705571
          ],
          [
            76.5158138,
            9.7054983
          ],
          [
            76.5155644,
            9.7054684
          ],
          [
            76.515354,
            9.705462
          ],
          [
            76.5148551,
            9.7054769
          ],
          [
            76.5146837,
            9.7054812
          ],
          [
            76.5143584,
            9.7055154
          ],
          [
            76.5141805,
            9.7055582
          ],
          [
            76.5140764,
            9.7056009
          ],
          [
            76.5138769,
            9.7056972
          ],
          [
            76.5137185,
            9.705787
          ],
          [
            76.5135059,
            9.7058297
          ],
          [
            76.5132543,
            9.7058383
          ],
          [
            76.5128704,
            9.7058511
          ],
          [
            76.5126036,
            9.705881
          ],
          [
            76.5122197,
            9.7059238
          ],
          [
            76.5119095,
            9.7059345
          ],
          [
            76.5114381,
            9.7059334
          ],
          [
            76.5114258,
            9.7058425
          ],
          [
            76.5114106,
            9.7055838
          ],
          [
            76.511389,
            9.7053273
          ],
          [
            76.5113651,
            9.7052097
          ],
          [
            76.5113239,
            9.7050194
          ],
          [
            76.5113304,
            9.7046068
          ],
          [
            76.5113369,
            9.7045619
          ],
          [
            76.5113521,
            9.7045213
          ],
          [
            76.5114237,
            9.704254
          ],
          [
            76.5114237,
            9.7040552
          ],
          [
            76.5114128,
            9.7039397
          ],
          [
            76.5113499,
            9.7037665
          ],
          [
            76.5112783,
            9.7036019
          ],
          [
            76.5111352,
            9.7034245
          ],
          [
            76.5110332,
            9.7033325
          ],
          [
            76.5109118,
            9.703324
          ],
          [
            76.5108076,
            9.7033347
          ],
          [
            76.5107578,
            9.7033539
          ],
          [
            76.5106949,
            9.7033539
          ],
          [
            76.5105495,
            9.7032769
          ],
          [
            76.5103645,
            9.7031782
          ],
          [
            76.510261,
            9.703123
          ],
          [
            76.5101352,
            9.7030695
          ],
          [
            76.5100355,
            9.7029969
          ],
          [
            76.5099964,
            9.7029348
          ],
          [
            76.5099465,
            9.7028301
          ],
          [
            76.5098337,
            9.7025864
          ],
          [
            76.5096906,
            9.7023939
          ],
          [
            76.5095322,
            9.7022614
          ],
          [
            76.5093717,
            9.7022165
          ],
          [
            76.5091787,
            9.7021823
          ],
          [
            76.5090486,
            9.7021481
          ],
          [
            76.5087709,
            9.7019877
          ],
          [
            76.5086473,
            9.7019214
          ],
          [
            76.5082026,
            9.7017718
          ],
          [
            76.5080812,
            9.701729
          ],
          [
            76.5079857,
            9.7016756
          ],
          [
            76.5079033,
            9.7016285
          ],
          [
            76.5075367,
            9.7015302
          ],
          [
            76.5072938,
            9.701466
          ],
          [
            76.5070313,
            9.7014019
          ],
          [
            76.5069164,
            9.7013313
          ],
          [
            76.5068123,
            9.7011924
          ],
          [
            76.5067667,
            9.7011603
          ],
          [
            76.5066539,
            9.7011111
          ],
          [
            76.5064891,
            9.7010919
          ],
          [
            76.5061854,
            9.7010812
          ],
          [
            76.5059207,
            9.7010499
          ],
          [
            76.5058628,
            9.7010489
          ],
          [
            76.5058107,
            9.7010649
          ],
          [
            76.5056084,
            9.7012071
          ],
          [
            76.5055464,
            9.7012248
          ],
          [
            76.5054229,
            9.7012393
          ],
          [
            76.5052959,
            9.7012591
          ],
          [
            76.505192,
            9.7012959
          ],
          [
            76.5051132,
            9.7013
          ],
          [
            76.5050127,
            9.7012802
          ],
          [
            76.5048845,
            9.7012453
          ],
          [
            76.5048225,
            9.7012105
          ],
          [
            76.5046301,
            9.7011597
          ]
        ]
      }
    },
    {
      "type": "Feature",
      "properties": {
        "name": "Road near Kuruppanthara",
        "highway": "tertiary",
        "surface": "asphalt",
        "osm_id": 216961097
      },
      "geometry": {
        "type": "LineString",
        "coordinates": [
          [
            76.4892204,
            9.7365583
          ],
          [
            76.4890059,
            9.7366451
          ],
          [
            76.4888709,
            9.7367359
          ],
          [
            76.488693,
            9.7368035
          ],
          [
            76.4884444,
            9.7368225
          ],
          [
            76.4880951,
            9.7368268
          ],
          [
            76.4876643,
            9.7368183
          ],
          [
            76.4872742,
            9.7369155
          ],
          [
            76.4864512,
            9.7370422
          ],
          [
            76.4858661,
            9.7371521
          ],
          [
            76.4853045,
            9.7372408
          ],
          [
            76.4852317,
            9.7372619
          ]
        ]
      }
    },
    {
      "type": "Feature",
      "properties": {
        "name": "Road near Kuruppanthara",
        "highway": "unclassified",
        "surface": "asphalt",
        "osm_id": 216961098
      },
      "geometry": {
        "type": "LineString",
        "coordinates": [
          [
            76.5054281,
            9.7330125
          ],
          [
            76.5052764,
            9.7330819
          ],
          [
            76.5050604,
            9.7331118
          ],
          [
            76.5048142,
            9.7330836
          ],
          [
            76.504799,
            9.7330819
          ],
          [
            76.5045224,
            9.7329437
          ],
          [
            76.5042495,
            9.7328578
          ],
          [
            76.5036741,
            9.7329813
          ],
          [
            76.5031288,
            9.7332037
          ],
          [
            76.5030522,
            9.733235
          ],
          [
            76.5022413,
            9.7337616
          ],
          [
            76.5018169,
            9.7341089
          ],
          [
            76.5012902,
            9.7346243
          ],
          [
            76.5007521,
            9.7350426
          ],
          [
            76.5005134,
            9.7353936
          ],
          [
            76.500377,
            9.735965
          ],
          [
            76.500293,
            9.736707
          ],
          [
            76.4999754,
            9.736753
          ],
          [
            76.4992099,
            9.736992
          ],
          [
            76.4985796,
            9.7371889
          ],
          [
            76.4981392,
            9.7373264
          ],
          [
            76.4980548,
            9.737324
          ],
          [
            76.4978079,
            9.737317
          ],
          [
            76.497573,
            9.7372869
          ],
          [
            76.497429,
            9.7372684
          ],
          [
            76.4971373,
            9.7372609
          ],
          [
            76.4967356,
            9.7373095
          ],
          [
            76.4963438,
            9.7373568
          ],
          [
            76.4961229,
            9.7373472
          ],
          [
            76.4957732,
            9.7373319
          ],
          [
            76.4952313,
            9.7371862
          ],
          [
            76.494684,
            9.7370391
          ],
          [
            76.4941226,
            9.7368882
          ],
          [
            76.4936777,
            9.7368277
          ],
          [
            76.4933443,
            9.7367157
          ],
          [
            76.493022,
            9.7366074
          ],
          [
            76.4927104,
            9.7365027
          ],
          [
            76.4920446,
            9.7364543
          ],
          [
            76.4917558,
            9.7364333
          ],
          [
            76.4914402,
            9.7364718
          ],
          [
            76.4910727,
            9.7366026
          ],
          [
            76.4906767,
            9.7366716
          ],
          [
            76.490349,
            9.736765
          ],
          [
            76.4900549,
            9.7368494
          ]
        ]
      }
    },
    {
      "type": "Feature",
      "properties": {
        "name": "Road near Kuruppanthara",
        "highway": "unclassified",
        "surface": "asphalt",
        "osm_id": 216961251
      },
      "geometry": {
        "type": "LineString",
        "coordinates": [
          [
            76.5053732,
            9.7329178
          ],
          [
            76.505532,
            9.7327781
          ],
          [
            76.5056321,
            9.7327124
          ],
          [
            76.5059761,
            9.7327154
          ],
          [
            76.5061898,
            9.732681
          ],
          [
            76.5064883,
            9.7324495
          ],
          [
            76.5070415,
            9.7320149
          ],
          [
            76.5071809,
            9.7318535
          ],
          [
            76.5072757,
            9.7316591
          ],
          [
            76.5073414,
            9.7315243
          ],
          [
            76.5074037,
            9.7313965
          ],
          [
            76.5074477,
            9.7312531
          ],
          [
            76.5074749,
            9.7308079
          ],
          [
            76.507484,
            9.7307049
          ],
          [
            76.5078523,
            9.7305122
          ],
          [
            76.5081121,
            9.7303681
          ],
          [
            76.5082024,
            9.730318
          ],
          [
            76.508413,
            9.7301507
          ],
          [
            76.5087571,
            9.7298146
          ],
          [
            76.5090253,
            9.7294352
          ],
          [
            76.5091799,
            9.7292575
          ],
          [
            76.5093814,
            9.7290887
          ],
          [
            76.5101362,
            9.7287391
          ],
          [
            76.5104102,
            9.7286122
          ],
          [
            76.5105166,
            9.7285629
          ],
          [
            76.5110167,
            9.7284389
          ],
          [
            76.5116168,
            9.7284314
          ],
          [
            76.51207,
            9.7284777
          ],
          [
            76.5124761,
            9.7284867
          ],
          [
            76.5131657,
            9.7284762
          ],
          [
            76.5134551,
            9.7284404
          ],
          [
            76.5135259,
            9.7284023
          ],
          [
            76.5136688,
            9.7283254
          ],
          [
            76.5141326,
            9.7282029
          ],
          [
            76.5143072,
            9.7281827
          ],
          [
            76.5145463,
            9.7281551
          ],
          [
            76.514957,
            9.7281118
          ],
          [
            76.5153454,
            9.7280795
          ],
          [
            76.515639,
            9.728055
          ],
          [
            76.5161634,
            9.7280416
          ],
          [
            76.5164362,
            9.7281312
          ],
          [
            76.5167044,
            9.7281461
          ],
          [
            76.5173121,
            9.7281939
          ],
          [
            76.5175546,
            9.7282656
          ],
          [
            76.518035,
            9.7283343
          ],
          [
            76.5182654,
            9.7283463
          ],
          [
            76.5184818,
            9.7283401
          ],
          [
            76.5187451,
            9.7285571
          ],
          [
            76.5189877,
            9.7288252
          ]
        ]
      }
    },
    {
      "type": "Feature",
      "properties": {
        "name": "Road near Kuruppanthara",
        "highway": "unclassified",
        "surface": "compacted",
        "osm_id": 216962016
      },
      "geometry": {
        "type": "LineString",
        "coordinates": [
          [
            76.4755729,
            9.7092252
          ],
          [
            76.4755017,
            9.7092058
          ],
          [
            76.4754605,
            9.709182
          ],
          [
            76.475385,
            9.7091385
          ],
          [
            76.4753622,
            9.709016
          ],
          [
            76.4753365,
            9.7087143
          ],
          [
            76.4753153,
            9.7084603
          ],
          [
            76.4752834,
            9.7080779
          ],
          [
            76.4752643,
            9.7078405
          ],
          [
            76.4752516,
            9.7076836
          ],
          [
            76.4752016,
            9.7073445
          ],
          [
            76.4751819,
            9.707222
          ],
          [
            76.4750106,
            9.7066797
          ],
          [
            76.4749621,
            9.7064736
          ],
          [
            76.4748273,
            9.7061718
          ],
          [
            76.4747197,
            9.7059328
          ],
          [
            76.4746757,
            9.7054697
          ],
          [
            76.4746775,
            9.7054105
          ],
          [
            76.4746894,
            9.7050186
          ],
          [
            76.4744984,
            9.7047826
          ],
          [
            76.4744332,
            9.7047019
          ],
          [
            76.4741817,
            9.7040984
          ],
          [
            76.4740316,
            9.7037145
          ],
          [
            76.4739814,
            9.7035175
          ],
          [
            76.4739665,
            9.703459
          ],
          [
            76.4740066,
            9.7034022
          ],
          [
            76.4742846,
            9.7033366
          ],
          [
            76.4745078,
            9.7033057
          ],
          [
            76.4745793,
            9.7032873
          ],
          [
            76.4746429,
            9.7032709
          ],
          [
            76.4748426,
            9.7032343
          ],
          [
            76.4750697,
            9.7032343
          ],
          [
            76.4753967,
            9.7032478
          ],
          [
            76.475663,
            9.7032516
          ],
          [
            76.4760683,
            9.7032362
          ],
          [
            76.4763698,
            9.7032053
          ],
          [
            76.4768241,
            9.703159
          ],
          [
            76.4770375,
            9.7031301
          ],
          [
            76.4771647,
            9.7031301
          ],
          [
            76.4774428,
            9.7031108
          ],
          [
            76.4776327,
            9.7030876
          ],
          [
            76.4776756,
            9.7030736
          ]
        ]
      }
    },
    {
      "type": "Feature",
      "properties": {
        "name": "Road near Kuruppanthara",
        "highway": "unclassified",
        "surface": "asphalt",
        "osm_id": 216962017
      },
      "geometry": {
        "type": "LineString",
        "coordinates": [
          [
            76.4861512,
            9.72378
          ],
          [
            76.4863221,
            9.7237396
          ],
          [
            76.4867764,
            9.7237058
          ],
          [
            76.4873444,
            9.7236594
          ],
          [
            76.4876835,
            9.7236273
          ],
          [
            76.4877179,
            9.723624
          ],
          [
            76.4877902,
            9.7236171
          ],
          [
            76.4881613,
            9.7235771
          ],
          [
            76.4886325,
            9.7235263
          ],
          [
            76.488984,
            9.7233974
          ],
          [
            76.4892562,
            9.723184
          ],
          [
            76.489548,
            9.7228543
          ],
          [
            76.4896077,
            9.7227869
          ],
          [
            76.4900749,
            9.7223412
          ],
          [
            76.49036,
            9.7221067
          ],
          [
            76.4911637,
            9.721737
          ],
          [
            76.4922396,
            9.7212152
          ],
          [
            76.4931291,
            9.7208096
          ],
          [
            76.4937828,
            9.7205751
          ],
          [
            76.4945072,
            9.7203385
          ],
          [
            76.4947837,
            9.7202857
          ],
          [
            76.4949337,
            9.7203132
          ],
          [
            76.4950408,
            9.7204315
          ],
          [
            76.495133,
            9.7205667
          ],
          [
            76.4952723,
            9.7206998
          ],
          [
            76.4957331,
            9.7208667
          ],
          [
            76.4962029,
            9.7210256
          ],
          [
            76.4962389,
            9.7210378
          ],
          [
            76.496282,
            9.7210463
          ]
        ]
      }
    },
    {
      "type": "Feature",
      "properties": {
        "name": "Road near Kuruppanthara",
        "highway": "unclassified",
        "surface": "asphalt",
        "osm_id": 216962018
      },
      "geometry": {
        "type": "LineString",
        "coordinates": [
          [
            76.4995992,
            9.7280943
          ],
          [
            76.4995986,
            9.7277906
          ],
          [
            76.4996093,
            9.727516
          ],
          [
            76.4996115,
            9.7272963
          ],
          [
            76.4995643,
            9.7272118
          ],
          [
            76.4993264,
            9.7271568
          ],
          [
            76.4988013,
            9.7271526
          ],
          [
            76.4982527,
            9.7272308
          ],
          [
            76.4979976,
            9.7272772
          ],
          [
            76.4979226,
            9.7271252
          ],
          [
            76.4978047,
            9.726671
          ],
          [
            76.4976911,
            9.7260605
          ],
          [
            76.4976118,
            9.7257394
          ],
          [
            76.4976207,
            9.7256162
          ],
          [
            76.4976354,
            9.725412
          ],
          [
            76.4975711,
            9.7252366
          ],
          [
            76.4974661,
            9.7251099
          ],
          [
            76.4972925,
            9.7250402
          ],
          [
            76.4971017,
            9.7248416
          ],
          [
            76.4970333,
            9.724718
          ],
          [
            76.4969731,
            9.7246092
          ],
          [
            76.496836,
            9.7242881
          ],
          [
            76.496538,
            9.7235741
          ],
          [
            76.496253,
            9.7229742
          ],
          [
            76.4961801,
            9.7227608
          ],
          [
            76.4961073,
            9.7224122
          ],
          [
            76.496118,
            9.721901
          ],
          [
            76.4961306,
            9.7217449
          ],
          [
            76.4961394,
            9.7216349
          ],
          [
            76.4962594,
            9.7211617
          ],
          [
            76.496282,
            9.7210463
          ]
        ]
      }
    },
    {
      "type": "Feature",
      "properties": {
        "name": "Secondary Road",
        "highway": "secondary",
        "surface": "asphalt",
        "osm_id": 225129199
      },
      "geometry": {
        "type": "LineString",
        "coordinates": [
          [
            76.5069239,
            9.6612136
          ],
          [
            76.5071693,
            9.6612382
          ],
          [
            76.5079514,
            9.6612443
          ],
          [
            76.5083335,
            9.6612098
          ],
          [
            76.5086993,
            9.6611907
          ],
          [
            76.508967,
            9.6613462
          ],
          [
            76.509208,
            9.6614099
          ],
          [
            76.5094491,
            9.661468
          ],
          [
            76.5096586,
            9.6615579
          ]
        ]
      }
    },
    {
      "type": "Feature",
      "properties": {
        "name": "Unclassified Road",
        "highway": "unclassified",
        "surface": "asphalt",
        "osm_id": 225129508
      },
      "geometry": {
        "type": "LineString",
        "coordinates": [
          [
            76.4993464,
            9.6553679
          ],
          [
            76.4997422,
            9.6554276
          ],
          [
            76.5002706,
            9.6554422
          ],
          [
            76.5003393,
            9.65548
          ],
          [
            76.50035,
            9.6556545
          ],
          [
            76.5004101,
            9.6557436
          ],
          [
            76.5010478,
            9.6559119
          ],
          [
            76.5011502,
            9.655942
          ],
          [
            76.5014987,
            9.6561601
          ],
          [
            76.5016277,
            9.656217
          ],
          [
            76.5017509,
            9.6562538
          ],
          [
            76.5018611,
            9.6562408
          ],
          [
            76.5020968,
            9.6561759
          ],
          [
            76.5023223,
            9.6561295
          ],
          [
            76.5025045,
            9.6560834
          ],
          [
            76.5027514,
            9.6559175
          ],
          [
            76.5028937,
            9.6558705
          ],
          [
            76.5030873,
            9.6558733
          ],
          [
            76.5036259,
            9.6558811
          ],
          [
            76.5037732,
            9.6559036
          ],
          [
            76.5041333,
            9.6559702
          ],
          [
            76.5049238,
            9.655901
          ],
          [
            76.5055545,
            9.65586
          ],
          [
            76.5060909,
            9.6557772
          ],
          [
            76.5066014,
            9.6557392
          ]
        ]
      }
    },
    {
      "type": "Feature",
      "properties": {
        "name": "Secondary Road",
        "highway": "secondary",
        "surface": "asphalt",
        "osm_id": 225129840
      },
      "geometry": {
        "type": "LineString",
        "coordinates": [
          [
            76.5092009,
            9.6427104
          ],
          [
            76.5091377,
            9.6427707
          ],
          [
            76.5090519,
            9.6428209
          ],
          [
            76.5082495,
            9.6428227
          ],
          [
            76.508058,
            9.6428193
          ],
          [
            76.5080132,
            9.6428038
          ],
          [
            76.5078425,
            9.6427376
          ],
          [
            76.5074064,
            9.6424386
          ],
          [
            76.5073711,
            9.6424289
          ],
          [
            76.5067611,
            9.6422529
          ],
          [
            76.5064242,
            9.642141
          ],
          [
            76.506131,
            9.6420937
          ],
          [
            76.5059191,
            9.6420546
          ],
          [
            76.5058389,
            9.6420398
          ],
          [
            76.5053882,
            9.6420103
          ],
          [
            76.5050237,
            9.6419974
          ],
          [
            76.504855,
            9.6419914
          ],
          [
            76.5045448,
            9.6420321
          ],
          [
            76.5044496,
            9.6420451
          ],
          [
            76.5042504,
            9.6420688
          ],
          [
            76.5039824,
            9.642026
          ],
          [
            76.5037682,
            9.6420133
          ],
          [
            76.5028382,
            9.6419954
          ],
          [
            76.502515,
            9.6419574
          ],
          [
            76.5022642,
            9.6419461
          ],
          [
            76.5020107,
            9.6419566
          ],
          [
            76.5015542,
            9.6419477
          ],
          [
            76.5013113,
            9.6419287
          ],
          [
            76.5011018,
            9.6419509
          ],
          [
            76.5009793,
            9.641975
          ],
          [
            76.5007097,
            9.6420432
          ],
          [
            76.5005618,
            9.6420714
          ],
          [
            76.5003306,
            9.642042
          ],
          [
            76.500276,
            9.642045
          ],
          [
            76.5002064,
            9.6420633
          ],
          [
            76.500158,
            9.6421243
          ],
          [
            76.49997,
            9.6424719
          ],
          [
            76.4999004,
            9.6425131
          ],
          [
            76.4998361,
            9.6425316
          ],
          [
            76.4990575,
            9.6424913
          ],
          [
            76.4989883,
            9.6424877
          ],
          [
            76.4985754,
            9.6423624
          ],
          [
            76.4983606,
            9.6422947
          ],
          [
            76.4981506,
            9.64226
          ],
          [
            76.4977115,
            9.6421969
          ],
          [
            76.4976447,
            9.6421773
          ],
          [
            76.4975667,
            9.642107
          ],
          [
            76.4974463,
            9.6419471
          ],
          [
            76.4972934,
            9.6419155
          ],
          [
            76.4971555,
            9.6419004
          ],
          [
            76.497111,
            9.6418811
          ],
          [
            76.4970461,
            9.6417725
          ],
          [
            76.4970252,
            9.6414818
          ],
          [
            76.4969848,
            9.641292
          ]
        ]
      }
    },
    {
      "type": "Feature",
      "properties": {
        "name": "Unclassified Road",
        "highway": "unclassified",
        "surface": "asphalt",
        "osm_id": 225129841
      },
      "geometry": {
        "type": "LineString",
        "coordinates": [
          [
            76.5043194,
            9.6368092
          ],
          [
            76.5043556,
            9.6361072
          ],
          [
            76.504413,
            9.6358174
          ],
          [
            76.5045182,
            9.6355129
          ],
          [
            76.5045554,
            9.6350983
          ],
          [
            76.504555,
            9.635009
          ],
          [
            76.5045876,
            9.6346051
          ]
        ]
      }
    },
    {
      "type": "Feature",
      "properties": {
        "name": "Secondary Road",
        "highway": "secondary",
        "surface": "asphalt",
        "osm_id": 225131017
      },
      "geometry": {
        "type": "LineString",
        "coordinates": [
          [
            76.5080386,
            9.6259331
          ],
          [
            76.5077554,
            9.6258582
          ],
          [
            76.5072522,
            9.625725
          ],
          [
            76.5070877,
            9.625693
          ],
          [
            76.5069118,
            9.6256974
          ],
          [
            76.5065548,
            9.6258123
          ],
          [
            76.5064252,
            9.6257987
          ],
          [
            76.5063179,
            9.6257696
          ],
          [
            76.5061919,
            9.6257247
          ],
          [
            76.5055141,
            9.6255954
          ],
          [
            76.5053856,
            9.6255732
          ],
          [
            76.5047875,
            9.6255944
          ],
          [
            76.5045002,
            9.6256377
          ],
          [
            76.5044216,
            9.62564
          ],
          [
            76.5043422,
            9.6256075
          ],
          [
            76.5042015,
            9.6254246
          ],
          [
            76.5041185,
            9.6253783
          ],
          [
            76.5039898,
            9.6253465
          ],
          [
            76.5038262,
            9.6253624
          ],
          [
            76.5030896,
            9.6255282
          ],
          [
            76.5029904,
            9.6255202
          ],
          [
            76.5025666,
            9.625359
          ],
          [
            76.5019272,
            9.6253968
          ],
          [
            76.5014293,
            9.6254251
          ],
          [
            76.5007256,
            9.6255146
          ],
          [
            76.5004973,
            9.6255502
          ]
        ]
      }
    },
    {
      "type": "Feature",
      "properties": {
        "name": "Secondary Road",
        "highway": "secondary",
        "surface": "asphalt",
        "osm_id": 225131105
      },
      "geometry": {
        "type": "LineString",
        "coordinates": [
          [
            76.5027563,
            9.6342833
          ],
          [
            76.502434,
            9.6342672
          ],
          [
            76.5021427,
            9.63426
          ],
          [
            76.5019924,
            9.6342929
          ],
          [
            76.5019172,
            9.6343722
          ],
          [
            76.5019008,
            9.6345178
          ],
          [
            76.5015659,
            9.6345806
          ],
          [
            76.5014481,
            9.6345932
          ],
          [
            76.5001515,
            9.6346866
          ],
          [
            76.5000477,
            9.6346922
          ],
          [
            76.4999557,
            9.6346707
          ],
          [
            76.4996456,
            9.6345827
          ],
          [
            76.4994013,
            9.6345256
          ],
          [
            76.4991537,
            9.6345174
          ],
          [
            76.4989016,
            9.6345253
          ],
          [
            76.4985538,
            9.6344912
          ],
          [
            76.4983384,
            9.6344353
          ],
          [
            76.4979344,
            9.634268
          ],
          [
            76.4978217,
            9.6341993
          ],
          [
            76.4976897,
            9.6340549
          ],
          [
            76.4974154,
            9.6338997
          ],
          [
            76.4973035,
            9.6338575
          ]
        ]
      }
    },
    {
      "type": "Feature",
      "properties": {
        "name": "Secondary Road",
        "highway": "secondary",
        "surface": "asphalt",
        "osm_id": 225131118
      },
      "geometry": {
        "type": "LineString",
        "coordinates": [
          [
            76.5143818,
            9.6433411
          ],
          [
            76.5142546,
            9.6432952
          ],
          [
            76.5141527,
            9.6432318
          ],
          [
            76.5139599,
            9.6428821
          ],
          [
            76.5138694,
            9.642718
          ],
          [
            76.5137945,
            9.6425269
          ],
          [
            76.5136579,
            9.6424504
          ],
          [
            76.5134885,
            9.6424694
          ],
          [
            76.5130809,
            9.6425857
          ],
          [
            76.512665,
            9.6425191
          ],
          [
            76.5122912,
            9.6425019
          ],
          [
            76.5121337,
            9.6424638
          ],
          [
            76.5119391,
            9.6424318
          ],
          [
            76.5115911,
            9.6424125
          ],
          [
            76.5108355,
            9.6424306
          ],
          [
            76.5100676,
            9.6424473
          ],
          [
            76.509186,
            9.6424289
          ]
        ]
      }
    },
    {
      "type": "Feature",
      "properties": {
        "name": "Residential Road",
        "highway": "residential",
        "surface": "asphalt",
        "osm_id": 232010608
      },
      "geometry": {
        "type": "LineString",
        "coordinates": [
          [
            76.5086972,
            9.6304449
          ],
          [
            76.5086137,
            9.6307342
          ],
          [
            76.5084028,
            9.6307997
          ],
          [
            76.5076236,
            9.6309302
          ],
          [
            76.5070839,
            9.6310322
          ],
          [
            76.5069601,
            9.6310813
          ],
          [
            76.5067856,
            9.6311506
          ],
          [
            76.5067517,
            9.6311582
          ],
          [
            76.5064427,
            9.6312274
          ],
          [
            76.5061289,
            9.631241
          ],
          [
            76.5057079,
            9.631186
          ],
          [
            76.5052819,
            9.6311209
          ],
          [
            76.5052575,
            9.6311156
          ],
          [
            76.5050248,
            9.6310653
          ],
          [
            76.5049171,
            9.6310653
          ],
          [
            76.5048387,
            9.6310919
          ],
          [
            76.5047493,
            9.6311809
          ],
          [
            76.5047128,
            9.6312414
          ],
          [
            76.5046178,
            9.6313459
          ],
          [
            76.5043982,
            9.6315523
          ],
          [
            76.5042556,
            9.6318181
          ],
          [
            76.504191,
            9.6318881
          ],
          [
            76.5041301,
            9.6319037
          ],
          [
            76.5040489,
            9.6319013
          ],
          [
            76.5039603,
            9.6318753
          ],
          [
            76.5032557,
            9.6316893
          ],
          [
            76.5029753,
            9.6316287
          ],
          [
            76.5028644,
            9.6316296
          ],
          [
            76.5027365,
            9.6315999
          ],
          [
            76.502668,
            9.6315492
          ],
          [
            76.5024917,
            9.6314019
          ],
          [
            76.5024256,
            9.6313633
          ],
          [
            76.5021783,
            9.631344
          ],
          [
            76.5017436,
            9.6313838
          ],
          [
            76.5014022,
            9.6313706
          ],
          [
            76.5013379,
            9.6313206
          ],
          [
            76.5012681,
            9.6312651
          ],
          [
            76.5012172,
            9.6311487
          ],
          [
            76.5011957,
            9.6310747
          ],
          [
            76.5011743,
            9.6309504
          ],
          [
            76.501126,
            9.6308949
          ],
          [
            76.5006271,
            9.6308023
          ],
          [
            76.5005252,
            9.6307944
          ],
          [
            76.5003562,
            9.6307388
          ],
          [
            76.500214,
            9.6306754
          ],
          [
            76.5000907,
            9.6305696
          ],
          [
            76.4998466,
            9.6303263
          ],
          [
            76.4997151,
            9.6302417
          ],
          [
            76.4996105,
            9.6302258
          ],
          [
            76.4995086,
            9.6302285
          ],
          [
            76.499337,
            9.6302205
          ],
          [
            76.4991948,
            9.630202
          ],
          [
            76.4991063,
            9.6301676
          ],
          [
            76.498999,
            9.6301227
          ],
          [
            76.4988407,
            9.6300936
          ],
          [
            76.4987361,
            9.6300725
          ],
          [
            76.4985806,
            9.6299535
          ],
          [
            76.4982507,
            9.6297419
          ],
          [
            76.4980122,
            9.6296535
          ],
          [
            76.4970895,
            9.6295001
          ],
          [
            76.4965153,
            9.6294797
          ],
          [
            76.4964995,
            9.6294798
          ]
        ]
      }
    },
    {
      "type": "Feature",
      "properties": {
        "name": "Secondary Road",
        "highway": "secondary",
        "surface": "asphalt",
        "osm_id": 292566695
      },
      "geometry": {
        "type": "LineString",
        "coordinates": [
          [
            76.4036085,
            9.7010391
          ],
          [
            76.4037685,
            9.7010279
          ],
          [
            76.404077,
            9.7009868
          ],
          [
            76.4043286,
            9.7009675
          ],
          [
            76.4043908,
            9.7010027
          ],
          [
            76.4044138,
            9.7010493
          ],
          [
            76.4044188,
            9.701184
          ],
          [
            76.404431,
            9.701238
          ],
          [
            76.4044798,
            9.7012632
          ],
          [
            76.4047784,
            9.7012525
          ],
          [
            76.4050516,
            9.7012366
          ],
          [
            76.4056576,
            9.7012374
          ],
          [
            76.4058416,
            9.7012651
          ],
          [
            76.406106,
            9.701285
          ],
          [
            76.406181,
            9.7012961
          ],
          [
            76.4063149,
            9.7012954
          ],
          [
            76.406632,
            9.7013059
          ],
          [
            76.4071013,
            9.7012862
          ],
          [
            76.4073908,
            9.7012657
          ],
          [
            76.4077056,
            9.7012339
          ],
          [
            76.407997,
            9.7012684
          ],
          [
            76.4082708,
            9.701284
          ],
          [
            76.4086139,
            9.7013212
          ],
          [
            76.4087919,
            9.7013196
          ],
          [
            76.4091175,
            9.7013003
          ],
          [
            76.4091679,
            9.7013655
          ],
          [
            76.4092351,
            9.7015772
          ],
          [
            76.4093389,
            9.701699
          ],
          [
            76.4094561,
            9.7017403
          ],
          [
            76.4095886,
            9.7017899
          ],
          [
            76.4097606,
            9.7018117
          ],
          [
            76.4099679,
            9.7018072
          ],
          [
            76.4103262,
            9.7018223
          ],
          [
            76.4104618,
            9.7018394
          ]
        ]
      }
    },
    {
      "type": "Feature",
      "properties": {
        "name": "Kapickad Mundar Road",
        "highway": "unclassified",
        "surface": "gravel",
        "osm_id": 333015663
      },
      "geometry": {
        "type": "LineString",
        "coordinates": [
          [
            76.4338616,
            9.7334015
          ],
          [
            76.434064,
            9.7334868
          ],
          [
            76.4344935,
            9.7335813
          ],
          [
            76.4348701,
            9.7336884
          ],
          [
            76.4352755,
            9.7337872
          ],
          [
            76.4358189,
            9.7339402
          ],
          [
            76.4363783,
            9.7340708
          ],
          [
            76.4371681,
            9.7342783
          ],
          [
            76.437844,
            9.7344464
          ],
          [
            76.4385192,
            9.734623
          ],
          [
            76.4394902,
            9.7348628
          ],
          [
            76.4399756,
            9.7349903
          ],
          [
            76.4404081,
            9.7350963
          ],
          [
            76.4413404,
            9.7352877
          ],
          [
            76.4415662,
            9.735334
          ],
          [
            76.4427032,
            9.7355833
          ],
          [
            76.4436141,
            9.7357662
          ],
          [
            76.4445521,
            9.7359612
          ],
          [
            76.446362,
            9.7363485
          ],
          [
            76.4465526,
            9.7363924
          ],
          [
            76.4477727,
            9.7366489
          ],
          [
            76.4479016,
            9.736669
          ],
          [
            76.4479928,
            9.7366756
          ],
          [
            76.4480767,
            9.7366624
          ],
          [
            76.4481698,
            9.7366029
          ],
          [
            76.4482592,
            9.7364666
          ],
          [
            76.4483495,
            9.7362645
          ],
          [
            76.4484537,
            9.73598
          ],
          [
            76.4485815,
            9.7356195
          ],
          [
            76.4486445,
            9.735334
          ],
          [
            76.4487056,
            9.735096
          ],
          [
            76.4488658,
            9.734184
          ],
          [
            76.4489718,
            9.7337003
          ],
          [
            76.4490026,
            9.7334729
          ],
          [
            76.4490373,
            9.7332163
          ],
          [
            76.4492159,
            9.7324604
          ],
          [
            76.4492923,
            9.7320916
          ],
          [
            76.4493689,
            9.7317264
          ],
          [
            76.4494264,
            9.7314439
          ],
          [
            76.4494673,
            9.7311619
          ],
          [
            76.4494921,
            9.730939
          ],
          [
            76.4495085,
            9.7307597
          ],
          [
            76.4494975,
            9.7305557
          ],
          [
            76.4494646,
            9.730273
          ],
          [
            76.449364,
            9.7295726
          ],
          [
            76.4492195,
            9.7285283
          ],
          [
            76.4491903,
            9.7281044
          ],
          [
            76.4491969,
            9.7277723
          ],
          [
            76.4492237,
            9.7276846
          ],
          [
            76.4492765,
            9.7276399
          ],
          [
            76.4498264,
            9.7276175
          ],
          [
            76.450392,
            9.7276041
          ],
          [
            76.4509955,
            9.7276028
          ],
          [
            76.4521907,
            9.7276201
          ],
          [
            76.4542418,
            9.727649
          ],
          [
            76.4560373,
            9.7276908
          ],
          [
            76.4562057,
            9.7277032
          ],
          [
            76.4564364,
            9.7277508
          ],
          [
            76.4566416,
            9.727764
          ],
          [
            76.4568724,
            9.7277474
          ],
          [
            76.457406,
            9.7277244
          ],
          [
            76.4579553,
            9.727679
          ],
          [
            76.4599212,
            9.7275136
          ],
          [
            76.4606783,
            9.7274864
          ],
          [
            76.460968,
            9.7274969
          ],
          [
            76.4616713,
            9.7275609
          ],
          [
            76.4642485,
            9.7275727
          ],
          [
            76.4655836,
            9.7276256
          ]
        ]
      }
    },
    {
      "type": "Feature",
      "properties": {
        "name": "Secondary Road",
        "highway": "secondary",
        "surface": "asphalt",
        "osm_id": 333017358
      },
      "geometry": {
        "type": "LineString",
        "coordinates": [
          [
            76.4856255,
            9.6278297
          ],
          [
            76.4857972,
            9.6277057
          ],
          [
            76.4858276,
            9.6276859
          ],
          [
            76.4859354,
            9.6276156
          ],
          [
            76.4864533,
            9.6274682
          ],
          [
            76.486972,
            9.6273302
          ],
          [
            76.4871114,
            9.6272879
          ],
          [
            76.4871999,
            9.6272394
          ],
          [
            76.4872885,
            9.6271768
          ],
          [
            76.4873404,
            9.6270929
          ],
          [
            76.4873636,
            9.6269838
          ],
          [
            76.4874038,
            9.6268198
          ],
          [
            76.4874841,
            9.6263398
          ],
          [
            76.4875038,
            9.6258888
          ],
          [
            76.4875216,
            9.6257836
          ],
          [
            76.48755,
            9.6254186
          ]
        ]
      }
    },
    {
      "type": "Feature",
      "properties": {
        "name": "Cherthala - Vechoor Road",
        "highway": "primary",
        "surface": "asphalt",
        "osm_id": 352423267
      },
      "geometry": {
        "type": "LineString",
        "coordinates": [
          [
            76.4060803,
            9.6720085
          ],
          [
            76.4067118,
            9.6717834
          ],
          [
            76.4072714,
            9.6716178
          ],
          [
            76.4074336,
            9.6715926
          ],
          [
            76.4075209,
            9.6715791
          ],
          [
            76.4079353,
            9.6715515
          ],
          [
            76.4080548,
            9.6715441
          ],
          [
            76.4083273,
            9.6715244
          ],
          [
            76.4086516,
            9.6714945
          ],
          [
            76.4088603,
            9.6714848
          ],
          [
            76.40908,
            9.6714802
          ],
          [
            76.4094942,
            9.6714492
          ],
          [
            76.4096519,
            9.6714455
          ],
          [
            76.4099513,
            9.671447
          ],
          [
            76.4102759,
            9.6714783
          ],
          [
            76.4105214,
            9.6715103
          ],
          [
            76.4107273,
            9.6715527
          ],
          [
            76.4108387,
            9.6715541
          ],
          [
            76.4109672,
            9.6715551
          ],
          [
            76.4111657,
            9.6715354
          ],
          [
            76.4115267,
            9.6714423
          ],
          [
            76.4119242,
            9.6713212
          ],
          [
            76.4120274,
            9.6712945
          ],
          [
            76.4122653,
            9.6712383
          ],
          [
            76.4126008,
            9.6711723
          ],
          [
            76.412827,
            9.6711438
          ],
          [
            76.41299,
            9.6711569
          ],
          [
            76.4130676,
            9.6711723
          ],
          [
            76.4138747,
            9.6714033
          ],
          [
            76.4140602,
            9.6714567
          ],
          [
            76.4144675,
            9.6715964
          ],
          [
            76.4146006,
            9.6716348
          ],
          [
            76.4147685,
            9.6716938
          ],
          [
            76.4152953,
            9.6718921
          ],
          [
            76.4156976,
            9.6720404
          ],
          [
            76.4159275,
            9.6721173
          ],
          [
            76.4161222,
            9.672189
          ],
          [
            76.4165325,
            9.6723465
          ],
          [
            76.4166451,
            9.6723852
          ],
          [
            76.4168171,
            9.6724443
          ],
          [
            76.4169566,
            9.6724923
          ],
          [
            76.4169821,
            9.672501
          ],
          [
            76.4173338,
            9.6726212
          ],
          [
            76.4176718,
            9.6727378
          ],
          [
            76.4184684,
            9.6730109
          ],
          [
            76.418931,
            9.6731738
          ],
          [
            76.4195216,
            9.6733777
          ]
        ]
      }
    },
    {
      "type": "Feature",
      "properties": {
        "name": "Kallara - Paravanthuruthu - Manianthuruthu Road",
        "highway": "secondary",
        "surface": "asphalt",
        "osm_id": 369284959
      },
      "geometry": {
        "type": "LineString",
        "coordinates": [
          [
            76.4592985,
            9.6954139
          ],
          [
            76.4593596,
            9.6953342
          ],
          [
            76.4597032,
            9.6948983
          ],
          [
            76.4599053,
            9.6946956
          ],
          [
            76.4603416,
            9.6943086
          ],
          [
            76.4608801,
            9.6938961
          ],
          [
            76.4613638,
            9.6935571
          ],
          [
            76.4618218,
            9.6931699
          ],
          [
            76.462358,
            9.6927117
          ],
          [
            76.4628633,
            9.6923307
          ],
          [
            76.4633176,
            9.6919992
          ],
          [
            76.4635653,
            9.6918755
          ],
          [
            76.4638494,
            9.6917407
          ]
        ]
      }
    },
    {
      "type": "Feature",
      "properties": {
        "name": "Residential Road",
        "highway": "residential",
        "surface": "asphalt",
        "osm_id": 369285151
      },
      "geometry": {
        "type": "LineString",
        "coordinates": [
          [
            76.4594627,
            9.6980027
          ],
          [
            76.4594373,
            9.6980787
          ],
          [
            76.4594988,
            9.698421
          ],
          [
            76.4595251,
            9.6987957
          ],
          [
            76.4595303,
            9.6988704
          ],
          [
            76.4595659,
            9.6992869
          ],
          [
            76.4596445,
            9.6996
          ],
          [
            76.4597747,
            9.6998341
          ],
          [
            76.4600477,
            9.7002662
          ]
        ]
      }
    },
    {
      "type": "Feature",
      "properties": {
        "name": "Unclassified Road",
        "highway": "unclassified",
        "surface": "asphalt",
        "osm_id": 369285256
      },
      "geometry": {
        "type": "LineString",
        "coordinates": [
          [
            76.4753105,
            9.6930137
          ],
          [
            76.4756566,
            9.6928536
          ],
          [
            76.4760803,
            9.6926832
          ],
          [
            76.4765074,
            9.6923714
          ],
          [
            76.4768712,
            9.6921765
          ],
          [
            76.4771559,
            9.6919114
          ],
          [
            76.477409,
            9.6917165
          ],
          [
            76.4774564,
            9.6915684
          ]
        ]
      }
    },
    {
      "type": "Feature",
      "properties": {
        "name": "Perunthuruthu Road",
        "highway": "unclassified",
        "surface": "asphalt",
        "osm_id": 371719731
      },
      "geometry": {
        "type": "LineString",
        "coordinates": [
          [
            76.4745532,
            9.6924599
          ],
          [
            76.4744269,
            9.6923278
          ],
          [
            76.4742997,
            9.6921084
          ],
          [
            76.4742,
            9.6918112
          ],
          [
            76.4742017,
            9.6917271
          ],
          [
            76.4742619,
            9.6915917
          ],
          [
            76.4742452,
            9.6914086
          ],
          [
            76.4742046,
            9.6911996
          ],
          [
            76.4742081,
            9.6911683
          ],
          [
            76.4742251,
            9.6911511
          ],
          [
            76.4740543,
            9.6900909
          ],
          [
            76.4739445,
            9.6895574
          ],
          [
            76.4738817,
            9.6892526
          ],
          [
            76.4738544,
            9.6890708
          ],
          [
            76.4737338,
            9.6882686
          ],
          [
            76.4737955,
            9.6871266
          ],
          [
            76.4738694,
            9.6865921
          ],
          [
            76.4737708,
            9.6864099
          ],
          [
            76.4737734,
            9.6862376
          ],
          [
            76.4738071,
            9.6861462
          ],
          [
            76.4739823,
            9.6860789
          ],
          [
            76.4742022,
            9.6860454
          ],
          [
            76.4745842,
            9.6858875
          ],
          [
            76.474894,
            9.6857989
          ],
          [
            76.4751279,
            9.685703
          ],
          [
            76.4751273,
            9.6855054
          ],
          [
            76.4753205,
            9.6851669
          ],
          [
            76.4762219,
            9.6851095
          ]
        ]
      }
    },
    {
      "type": "Feature",
      "properties": {
        "name": "Tertiary Road",
        "highway": "tertiary",
        "surface": "asphalt",
        "osm_id": 376993765
      },
      "geometry": {
        "type": "LineString",
        "coordinates": [
          [
            76.5055657,
            9.6854863
          ],
          [
            76.5052795,
            9.685436
          ],
          [
            76.5044412,
            9.6853659
          ],
          [
            76.5033419,
            9.6854127
          ],
          [
            76.5024146,
            9.6856758
          ],
          [
            76.5021121,
            9.6856616
          ],
          [
            76.5015696,
            9.6855432
          ],
          [
            76.5010443,
            9.6855668
          ],
          [
            76.5007246,
            9.6855811
          ],
          [
            76.5003328,
            9.6856854
          ]
        ]
      }
    },
    {
      "type": "Feature",
      "properties": {
        "name": "Vechur Bund Road",
        "highway": "primary",
        "surface": "asphalt",
        "osm_id": 384129091
      },
      "geometry": {
        "type": "LineString",
        "coordinates": [
          [
            76.4216322,
            9.6739555
          ],
          [
            76.4215704,
            9.6741782
          ],
          [
            76.421546,
            9.6742664
          ],
          [
            76.4213904,
            9.6747483
          ],
          [
            76.4211224,
            9.6754312
          ],
          [
            76.4210976,
            9.6756536
          ],
          [
            76.4210853,
            9.6761683
          ],
          [
            76.4210554,
            9.6768569
          ],
          [
            76.4209736,
            9.6771599
          ],
          [
            76.4208546,
            9.6776004
          ],
          [
            76.4207984,
            9.6779804
          ],
          [
            76.4207467,
            9.6785891
          ],
          [
            76.4207281,
            9.6792404
          ],
          [
            76.4206769,
            9.679738
          ],
          [
            76.4206583,
            9.6799192
          ],
          [
            76.4206347,
            9.680149
          ],
          [
            76.4206264,
            9.6802293
          ],
          [
            76.4206239,
            9.6803579
          ],
          [
            76.4206141,
            9.6808559
          ],
          [
            76.4206213,
            9.6814773
          ],
          [
            76.4206038,
            9.6816136
          ],
          [
            76.4205998,
            9.6816585
          ],
          [
            76.4205744,
            9.681887
          ],
          [
            76.4205544,
            9.6821364
          ],
          [
            76.4205317,
            9.6823451
          ],
          [
            76.4205242,
            9.6824142
          ],
          [
            76.4204668,
            9.6828017
          ],
          [
            76.4204169,
            9.6829645
          ],
          [
            76.4203074,
            9.6835451
          ],
          [
            76.4203053,
            9.6835727
          ],
          [
            76.4202761,
            9.6839586
          ],
          [
            76.4201838,
            9.6845302
          ],
          [
            76.420116,
            9.6850902
          ],
          [
            76.4200927,
            9.6852827
          ],
          [
            76.4200838,
            9.685352
          ],
          [
            76.4200432,
            9.6859331
          ],
          [
            76.4200282,
            9.6861477
          ],
          [
            76.4200026,
            9.6863673
          ],
          [
            76.4199958,
            9.6864542
          ],
          [
            76.4199832,
            9.6866169
          ],
          [
            76.4199826,
            9.6867836
          ]
        ]
      }
    },
    {
      "type": "Feature",
      "properties": {
        "name": "Kumarakom - Vechoor Road",
        "highway": "primary",
        "surface": "asphalt",
        "osm_id": 384280620
      },
      "geometry": {
        "type": "LineString",
        "coordinates": [
          [
            76.4303635,
            9.6489686
          ],
          [
            76.4302664,
            9.6491167
          ],
          [
            76.4301154,
            9.6492823
          ],
          [
            76.4300265,
            9.6493862
          ],
          [
            76.4299758,
            9.6494299
          ],
          [
            76.4297881,
            9.6495989
          ],
          [
            76.4297246,
            9.649696
          ],
          [
            76.4296806,
            9.649822
          ],
          [
            76.4296802,
            9.6498387
          ],
          [
            76.4296438,
            9.6500683
          ],
          [
            76.4296368,
            9.6501241
          ],
          [
            76.4295929,
            9.6504755
          ],
          [
            76.42954,
            9.6508933
          ],
          [
            76.4294956,
            9.6512581
          ],
          [
            76.4294091,
            9.6516978
          ],
          [
            76.4292565,
            9.6524073
          ],
          [
            76.4291635,
            9.6527348
          ],
          [
            76.4290666,
            9.6529396
          ],
          [
            76.4289067,
            9.6531379
          ],
          [
            76.4286547,
            9.6533919
          ],
          [
            76.4280044,
            9.6539339
          ],
          [
            76.427427,
            9.6543911
          ],
          [
            76.4270911,
            9.6545926
          ],
          [
            76.4270393,
            9.6546237
          ],
          [
            76.4266227,
            9.6547915
          ],
          [
            76.426571,
            9.6548085
          ]
        ]
      }
    },
    {
      "type": "Feature",
      "properties": {
        "name": "Kumarakom - Vechoor Road",
        "highway": "primary",
        "surface": "asphalt",
        "osm_id": 384280622
      },
      "geometry": {
        "type": "LineString",
        "coordinates": [
          [
            76.4299006,
            9.6289161
          ],
          [
            76.4299155,
            9.6289699
          ],
          [
            76.4299404,
            9.62906
          ],
          [
            76.429956,
            9.6291088
          ],
          [
            76.4300083,
            9.6292723
          ],
          [
            76.4300296,
            9.6294167
          ],
          [
            76.4300354,
            9.6294563
          ],
          [
            76.4300407,
            9.6295905
          ],
          [
            76.4300444,
            9.6299745
          ],
          [
            76.4300485,
            9.6302994
          ],
          [
            76.4300528,
            9.6307547
          ],
          [
            76.4300671,
            9.6315131
          ],
          [
            76.4300624,
            9.6318071
          ],
          [
            76.4300546,
            9.6322932
          ],
          [
            76.430052,
            9.6324559
          ],
          [
            76.4300491,
            9.6329993
          ],
          [
            76.4300636,
            9.6346497
          ],
          [
            76.4300655,
            9.6358134
          ],
          [
            76.430062,
            9.6359616
          ],
          [
            76.4300666,
            9.6371397
          ],
          [
            76.4300808,
            9.6375374
          ],
          [
            76.4300783,
            9.6375911
          ],
          [
            76.430074,
            9.6377121
          ],
          [
            76.4300788,
            9.638387
          ]
        ]
      }
    },
    {
      "type": "Feature",
      "properties": {
        "name": "Kumarakom - Vechoor Road",
        "highway": "primary",
        "surface": "asphalt",
        "osm_id": 384280623
      },
      "geometry": {
        "type": "LineString",
        "coordinates": [
          [
            76.426571,
            9.6548085
          ],
          [
            76.4262867,
            9.6548949
          ]
        ]
      }
    },
    {
      "type": "Feature",
      "properties": {
        "name": "Kavanar Bridge",
        "highway": "primary",
        "surface": "asphalt",
        "osm_id": 384280624
      },
      "geometry": {
        "type": "LineString",
        "coordinates": [
          [
            76.4296873,
            9.6281673
          ],
          [
            76.4299006,
            9.6289161
          ]
        ]
      }
    },
    {
      "type": "Feature",
      "properties": {
        "name": "Kumarakom - Vechoor Road",
        "highway": "primary",
        "surface": "asphalt",
        "osm_id": 384280625
      },
      "geometry": {
        "type": "LineString",
        "coordinates": [
          [
            76.4337563,
            9.6104766
          ],
          [
            76.4337408,
            9.6106524
          ]
        ]
      }
    },
    {
      "type": "Feature",
      "properties": {
        "name": "Ayamkudy - Kallara Road",
        "highway": "primary",
        "surface": "asphalt",
        "osm_id": 384283484
      },
      "geometry": {
        "type": "LineString",
        "coordinates": [
          [
            76.4768171,
            9.7210068
          ],
          [
            76.4769011,
            9.7212576
          ],
          [
            76.4769801,
            9.7217052
          ],
          [
            76.4771183,
            9.722075
          ],
          [
            76.4772275,
            9.7222546
          ],
          [
            76.4773455,
            9.7224159
          ],
          [
            76.4773945,
            9.7226048
          ],
          [
            76.4774045,
            9.7226432
          ],
          [
            76.4773355,
            9.7234568
          ],
          [
            76.4772758,
            9.7236901
          ],
          [
            76.4768493,
            9.7242453
          ],
          [
            76.4767036,
            9.724605
          ],
          [
            76.4766498,
            9.7250074
          ],
          [
            76.4766777,
            9.7252499
          ],
          [
            76.4767546,
            9.7255044
          ],
          [
            76.4767234,
            9.7260841
          ],
          [
            76.4766839,
            9.7266679
          ],
          [
            76.4766857,
            9.727616
          ],
          [
            76.4767878,
            9.7283191
          ],
          [
            76.4768064,
            9.7284249
          ],
          [
            76.4768158,
            9.728491
          ],
          [
            76.4768563,
            9.7285959
          ],
          [
            76.4768788,
            9.7286232
          ],
          [
            76.4769204,
            9.7286417
          ],
          [
            76.4770022,
            9.7286589
          ],
          [
            76.4772186,
            9.7286776
          ],
          [
            76.4774153,
            9.7286747
          ],
          [
            76.4776252,
            9.7286754
          ],
          [
            76.4777458,
            9.728682
          ],
          [
            76.4778035,
            9.7286939
          ],
          [
            76.4778263,
            9.7287157
          ],
          [
            76.4778444,
            9.7287356
          ],
          [
            76.4778605,
            9.7287607
          ],
          [
            76.4778822,
            9.728794
          ],
          [
            76.4781632,
            9.7293929
          ],
          [
            76.4782894,
            9.729708
          ],
          [
            76.478342,
            9.7298776
          ],
          [
            76.4784171,
            9.7300825
          ],
          [
            76.4785629,
            9.7305367
          ],
          [
            76.4785914,
            9.7306641
          ],
          [
            76.4786209,
            9.7307897
          ],
          [
            76.4786585,
            9.7309536
          ],
          [
            76.4787027,
            9.7311875
          ],
          [
            76.4787081,
            9.7316607
          ],
          [
            76.4786785,
            9.7321234
          ],
          [
            76.4785712,
            9.7326172
          ],
          [
            76.4785606,
            9.7328266
          ],
          [
            76.4786303,
            9.7329693
          ],
          [
            76.4787389,
            9.7331306
          ],
          [
            76.4788623,
            9.7332918
          ],
          [
            76.4791721,
            9.7335033
          ],
          [
            76.4793478,
            9.7336262
          ],
          [
            76.479376,
            9.7336685
          ],
          [
            76.4793907,
            9.733732
          ],
          [
            76.4793357,
            9.7343175
          ],
          [
            76.4791667,
            9.7349758
          ],
          [
            76.4791533,
            9.7360253
          ],
          [
            76.4791826,
            9.7364
          ],
          [
            76.4792073,
            9.7367153
          ],
          [
            76.4791542,
            9.7371743
          ],
          [
            76.4790763,
            9.7378486
          ],
          [
            76.4790399,
            9.738573
          ],
          [
            76.4793091,
            9.7393333
          ],
          [
            76.4793525,
            9.7395122
          ],
          [
            76.4793644,
            9.7402048
          ],
          [
            76.4793489,
            9.740534
          ],
          [
            76.479326,
            9.7406884
          ],
          [
            76.4792706,
            9.7409597
          ],
          [
            76.4790908,
            9.7412914
          ],
          [
            76.4790085,
            9.7415873
          ],
          [
            76.4790487,
            9.7419997
          ],
          [
            76.4791418,
            9.7426972
          ],
          [
            76.4791664,
            9.743134
          ],
          [
            76.4791783,
            9.7433446
          ],
          [
            76.4791796,
            9.7433675
          ],
          [
            76.4791927,
            9.7436009
          ],
          [
            76.4792348,
            9.7438777
          ],
          [
            76.479331,
            9.7441325
          ],
          [
            76.4793464,
            9.7442609
          ],
          [
            76.4793417,
            9.744672
          ],
          [
            76.4792364,
            9.7450569
          ],
          [
            76.4792218,
            9.7456379
          ],
          [
            76.4792339,
            9.7459786
          ],
          [
            76.4792367,
            9.7463013
          ],
          [
            76.4792422,
            9.7464085
          ],
          [
            76.4792412,
            9.7464672
          ]
        ]
      }
    },
    {
      "type": "Feature",
      "properties": {
        "name": "Kuruppamthara - Kallara Road",
        "highway": "primary",
        "surface": "asphalt",
        "osm_id": 384283487
      },
      "geometry": {
        "type": "LineString",
        "coordinates": [
          [
            76.4768171,
            9.7210068
          ],
          [
            76.4767838,
            9.7209373
          ],
          [
            76.4766746,
            9.7207095
          ],
          [
            76.4766193,
            9.7204893
          ],
          [
            76.4765694,
            9.7202225
          ],
          [
            76.4765529,
            9.7198129
          ],
          [
            76.4765244,
            9.7191021
          ],
          [
            76.4761033,
            9.71767
          ],
          [
            76.4760742,
            9.7175711
          ],
          [
            76.4758941,
            9.7172383
          ],
          [
            76.4755902,
            9.7159958
          ],
          [
            76.4755723,
            9.7155392
          ],
          [
            76.4755737,
            9.7142763
          ],
          [
            76.4756529,
            9.7129203
          ],
          [
            76.4756803,
            9.7126344
          ],
          [
            76.4756803,
            9.7120686
          ],
          [
            76.4756463,
            9.7117081
          ],
          [
            76.4755452,
            9.7106375
          ],
          [
            76.4755518,
            9.710281
          ],
          [
            76.4755677,
            9.7094172
          ],
          [
            76.4755729,
            9.7092252
          ],
          [
            76.4756193,
            9.7091611
          ],
          [
            76.4756915,
            9.7091287
          ],
          [
            76.4768395,
            9.7089401
          ],
          [
            76.4771884,
            9.7086961
          ],
          [
            76.4777219,
            9.7082097
          ],
          [
            76.4778197,
            9.7080465
          ],
          [
            76.4780307,
            9.7076947
          ],
          [
            76.4781789,
            9.707509
          ],
          [
            76.4782352,
            9.7064551
          ],
          [
            76.4782464,
            9.7057894
          ],
          [
            76.4781789,
            9.7049906
          ],
          [
            76.4780157,
            9.7045987
          ],
          [
            76.4779321,
            9.704397
          ],
          [
            76.477876,
            9.704176
          ],
          [
            76.4778838,
            9.7039389
          ],
          [
            76.4778975,
            9.7037037
          ],
          [
            76.4778584,
            9.703512
          ],
          [
            76.4777958,
            9.7033125
          ],
          [
            76.4777006,
            9.7031642
          ],
          [
            76.4776756,
            9.7030736
          ],
          [
            76.4776523,
            9.702989
          ],
          [
            76.4776218,
            9.7028002
          ],
          [
            76.4776499,
            9.7025921
          ],
          [
            76.4777159,
            9.701942
          ],
          [
            76.4777598,
            9.7010319
          ],
          [
            76.4776939,
            9.7004902
          ],
          [
            76.4775031,
            9.700285
          ],
          [
            76.4774633,
            9.7002353
          ],
          [
            76.4773791,
            9.6999091
          ],
          [
            76.4774081,
            9.6996235
          ],
          [
            76.4774309,
            9.6991972
          ],
          [
            76.4774396,
            9.6989943
          ],
          [
            76.4775278,
            9.6988564
          ],
          [
            76.4775585,
            9.6988084
          ],
          [
            76.4775759,
            9.6986655
          ],
          [
            76.477602,
            9.6983768
          ],
          [
            76.4776687,
            9.6982338
          ],
          [
            76.4778195,
            9.6980938
          ],
          [
            76.4779657,
            9.6979664
          ]
        ]
      }
    },
    {
      "type": "Feature",
      "properties": {
        "name": "Tertiary Road",
        "highway": "tertiary",
        "surface": "asphalt",
        "osm_id": 389552798
      },
      "geometry": {
        "type": "LineString",
        "coordinates": [
          [
            76.5071835,
            9.737784
          ],
          [
            76.5076008,
            9.7385923
          ],
          [
            76.5076264,
            9.7387323
          ],
          [
            76.5076908,
            9.7395174
          ],
          [
            76.5077874,
            9.7398663
          ],
          [
            76.5077284,
            9.7401836
          ],
          [
            76.5073421,
            9.7410454
          ],
          [
            76.5069811,
            9.741569
          ],
          [
            76.5067129,
            9.7424361
          ],
          [
            76.5062998,
            9.742949
          ],
          [
            76.5059672,
            9.7441914
          ],
          [
            76.5056631,
            9.7447886
          ],
          [
            76.5056185,
            9.7453757
          ],
          [
            76.5054056,
            9.7461791
          ],
          [
            76.5054324,
            9.7466496
          ],
          [
            76.5051518,
            9.7477919
          ],
          [
            76.5047388,
            9.7480033
          ],
          [
            76.5041971,
            9.7492442
          ]
        ]
      }
    },
    {
      "type": "Feature",
      "properties": {
        "name": "Unclassified Road",
        "highway": "unclassified",
        "surface": "asphalt",
        "osm_id": 389552799
      },
      "geometry": {
        "type": "LineString",
        "coordinates": [
          [
            76.5090385,
            9.7369665
          ],
          [
            76.5089473,
            9.737437
          ],
          [
            76.5090844,
            9.7377338
          ],
          [
            76.5090975,
            9.7377622
          ],
          [
            76.5092492,
            9.7381612
          ],
          [
            76.5093645,
            9.7383225
          ]
        ]
      }
    },
    {
      "type": "Feature",
      "properties": {
        "name": "Unclassified Road",
        "highway": "unclassified",
        "surface": "asphalt",
        "osm_id": 389552800
      },
      "geometry": {
        "type": "LineString",
        "coordinates": [
          [
            76.5076264,
            9.7387323
          ],
          [
            76.5084082,
            9.7386161
          ],
          [
            76.5085637,
            9.7384495
          ],
          [
            76.5088293,
            9.7383544
          ],
          [
            76.5090519,
            9.7382936
          ],
          [
            76.5093645,
            9.7383225
          ],
          [
            76.509571,
            9.7384996
          ],
          [
            76.50988,
            9.7387288
          ],
          [
            76.5102696,
            9.7390179
          ],
          [
            76.510648,
            9.7392465
          ],
          [
            76.5112233,
            9.7395941
          ],
          [
            76.511918,
            9.7399642
          ],
          [
            76.5125858,
            9.7401809
          ],
          [
            76.5129318,
            9.7402761
          ],
          [
            76.5131154,
            9.7404507
          ],
          [
            76.5135285,
            9.7404956
          ],
          [
            76.5138545,
            9.7407414
          ],
          [
            76.5141669,
            9.7412094
          ],
          [
            76.5147058,
            9.7418592
          ]
        ]
      }
    },
    {
      "type": "Feature",
      "properties": {
        "name": "Kottayam - Medical College Bypass Road",
        "highway": "secondary",
        "surface": "asphalt",
        "osm_id": 389574503
      },
      "geometry": {
        "type": "LineString",
        "coordinates": [
          [
            76.5124348,
            9.6070681
          ],
          [
            76.5122761,
            9.6071836
          ],
          [
            76.5120333,
            9.6073199
          ],
          [
            76.5119144,
            9.6074049
          ],
          [
            76.5117651,
            9.6075117
          ],
          [
            76.5115736,
            9.6076146
          ],
          [
            76.5115103,
            9.6076443
          ],
          [
            76.5113615,
            9.6077142
          ],
          [
            76.5111618,
            9.6077989
          ],
          [
            76.5108578,
            9.6079344
          ],
          [
            76.5106859,
            9.6080107
          ],
          [
            76.5104889,
            9.6081046
          ],
          [
            76.5103533,
            9.6081817
          ],
          [
            76.5103002,
            9.6082268
          ],
          [
            76.5102401,
            9.6082608
          ],
          [
            76.5100925,
            9.6083798
          ],
          [
            76.5099133,
            9.608524
          ],
          [
            76.5096423,
            9.6087585
          ],
          [
            76.5094658,
            9.6089189
          ],
          [
            76.5092213,
            9.6091619
          ],
          [
            76.5090247,
            9.609329
          ],
          [
            76.5088111,
            9.6095156
          ],
          [
            76.5087345,
            9.6095825
          ],
          [
            76.5084396,
            9.6098854
          ],
          [
            76.5082476,
            9.6101472
          ],
          [
            76.5080621,
            9.6105301
          ],
          [
            76.5078968,
            9.6108588
          ],
          [
            76.5078148,
            9.6110811
          ],
          [
            76.507754,
            9.611234
          ],
          [
            76.5077045,
            9.6113977
          ],
          [
            76.5076919,
            9.6114393
          ],
          [
            76.5076536,
            9.6115658
          ],
          [
            76.5075369,
            9.6119599
          ],
          [
            76.5074096,
            9.6124001
          ],
          [
            76.5073814,
            9.6126259
          ]
        ]
      }
    },
    {
      "type": "Feature",
      "properties": {
        "name": "Residential Road",
        "highway": "residential",
        "surface": "asphalt",
        "osm_id": 389579251
      },
      "geometry": {
        "type": "LineString",
        "coordinates": [
          [
            76.4284505,
            9.6303385
          ],
          [
            76.4283349,
            9.6304572
          ],
          [
            76.4282291,
            9.630556
          ],
          [
            76.4280858,
            9.6306636
          ],
          [
            76.4277442,
            9.6308472
          ],
          [
            76.4272864,
            9.6310581
          ],
          [
            76.4267362,
            9.6313976
          ],
          [
            76.4258257,
            9.631924
          ]
        ]
      }
    },
    {
      "type": "Feature",
      "properties": {
        "name": "Secondary Road",
        "highway": "secondary",
        "surface": "asphalt",
        "osm_id": 403456151
      },
      "geometry": {
        "type": "LineString",
        "coordinates": [
          [
            76.4977471,
            9.612381
          ],
          [
            76.4977724,
            9.6125582
          ],
          [
            76.4978545,
            9.6127245
          ],
          [
            76.4979152,
            9.6128253
          ],
          [
            76.4979826,
            9.6128907
          ],
          [
            76.4980129,
            9.6129383
          ],
          [
            76.4980146,
            9.6129699
          ],
          [
            76.4979839,
            9.6131047
          ],
          [
            76.4978999,
            9.6134236
          ],
          [
            76.4978472,
            9.613645
          ],
          [
            76.4977908,
            9.613886
          ],
          [
            76.4977649,
            9.6140841
          ],
          [
            76.4977336,
            9.6142514
          ],
          [
            76.4976671,
            9.6142969
          ],
          [
            76.4975828,
            9.6143205
          ],
          [
            76.4974387,
            9.6143533
          ],
          [
            76.4971719,
            9.6143717
          ],
          [
            76.4969815,
            9.6143837
          ],
          [
            76.4967667,
            9.6143875
          ],
          [
            76.4965727,
            9.6143817
          ],
          [
            76.4964462,
            9.6143729
          ],
          [
            76.4963381,
            9.6143492
          ],
          [
            76.4962896,
            9.614334
          ],
          [
            76.496221,
            9.614289
          ],
          [
            76.4961117,
            9.6142579
          ],
          [
            76.4959849,
            9.6142473
          ],
          [
            76.4958304,
            9.6142342
          ],
          [
            76.4956337,
            9.6142267
          ],
          [
            76.4953366,
            9.6142234
          ],
          [
            76.495106,
            9.6142386
          ],
          [
            76.4949313,
            9.6142391
          ],
          [
            76.4948773,
            9.6142505
          ],
          [
            76.4947205,
            9.614287
          ],
          [
            76.4944656,
            9.6143784
          ],
          [
            76.4943203,
            9.6144347
          ],
          [
            76.4941007,
            9.6144937
          ],
          [
            76.4939234,
            9.6145363
          ],
          [
            76.4937681,
            9.6145757
          ],
          [
            76.4936509,
            9.6146274
          ],
          [
            76.4936039,
            9.6147451
          ],
          [
            76.4935905,
            9.6149222
          ],
          [
            76.4936777,
            9.6151709
          ],
          [
            76.4937193,
            9.6154089
          ],
          [
            76.4937635,
            9.6156231
          ],
          [
            76.4937943,
            9.6158386
          ],
          [
            76.4938467,
            9.616074
          ],
          [
            76.493895,
            9.6163265
          ],
          [
            76.4939191,
            9.6164773
          ],
          [
            76.4939352,
            9.6167007
          ],
          [
            76.4939406,
            9.6168739
          ],
          [
            76.4939285,
            9.6171067
          ],
          [
            76.4939293,
            9.6171592
          ],
          [
            76.4939312,
            9.6172799
          ],
          [
            76.4939459,
            9.6174213
          ],
          [
            76.4939607,
            9.6175152
          ],
          [
            76.493972,
            9.6175683
          ],
          [
            76.4939689,
            9.6176211
          ],
          [
            76.4939563,
            9.6177628
          ],
          [
            76.4939501,
            9.6179102
          ],
          [
            76.4939053,
            9.6181
          ],
          [
            76.4938739,
            9.6182451
          ],
          [
            76.4938511,
            9.6184042
          ],
          [
            76.4938296,
            9.6186188
          ],
          [
            76.4938283,
            9.6188238
          ],
          [
            76.4938374,
            9.6189346
          ],
          [
            76.4938404,
            9.6189702
          ]
        ]
      }
    },
    {
      "type": "Feature",
      "properties": {
        "name": "Residential Road",
        "highway": "residential",
        "surface": "paved",
        "osm_id": 403456152
      },
      "geometry": {
        "type": "LineString",
        "coordinates": [
          [
            76.4980146,
            9.6129699
          ],
          [
            76.4980895,
            9.6129872
          ],
          [
            76.4982132,
            9.6130376
          ],
          [
            76.4984264,
            9.6131407
          ],
          [
            76.49857,
            9.6131817
          ],
          [
            76.498751,
            9.6132055
          ]
        ]
      }
    },
    {
      "type": "Feature",
      "properties": {
        "name": "Unclassified Road",
        "highway": "unclassified",
        "surface": "asphalt",
        "osm_id": 403681551
      },
      "geometry": {
        "type": "LineString",
        "coordinates": [
          [
            76.4772029,
            9.6131286
          ],
          [
            76.477426,
            9.6131293
          ],
          [
            76.4776955,
            9.6131339
          ],
          [
            76.4779987,
            9.6131577
          ],
          [
            76.4782964,
            9.6131418
          ],
          [
            76.4785499,
            9.6130413
          ],
          [
            76.478861,
            9.6129309
          ],
          [
            76.4790109,
            9.6128527
          ],
          [
            76.479211,
            9.6127478
          ],
          [
            76.4794551,
            9.6126539
          ],
          [
            76.4796643,
            9.6125653
          ],
          [
            76.4799473,
            9.6124661
          ],
          [
            76.4801833,
            9.6123854
          ],
          [
            76.4804462,
            9.6123075
          ],
          [
            76.4806486,
            9.6122889
          ],
          [
            76.4807841,
            9.6123022
          ],
          [
            76.480945,
            9.6123193
          ],
          [
            76.4811703,
            9.6122744
          ],
          [
            76.4814265,
            9.6121911
          ],
          [
            76.4816224,
            9.6121038
          ],
          [
            76.4818141,
            9.6119571
          ],
          [
            76.4819936,
            9.6117251
          ],
          [
            76.4821667,
            9.6115788
          ],
          [
            76.4822383,
            9.6115301
          ],
          [
            76.482362,
            9.6114444
          ],
          [
            76.4825676,
            9.6113778
          ],
          [
            76.4826979,
            9.6113506
          ],
          [
            76.4827903,
            9.6113151
          ],
          [
            76.4830131,
            9.6112347
          ],
          [
            76.4831867,
            9.6112098
          ],
          [
            76.483414,
            9.6111884
          ],
          [
            76.4835371,
            9.6111785
          ],
          [
            76.4838389,
            9.6111473
          ],
          [
            76.4840898,
            9.6111005
          ],
          [
            76.48433,
            9.6110421
          ],
          [
            76.484542,
            9.6110023
          ],
          [
            76.4847632,
            9.6109601
          ],
          [
            76.4848879,
            9.6109415
          ],
          [
            76.484963,
            9.6109601
          ],
          [
            76.4851468,
            9.6110169
          ],
          [
            76.4853707,
            9.61096
          ],
          [
            76.485655,
            9.6108926
          ],
          [
            76.4858817,
            9.6108146
          ],
          [
            76.4860882,
            9.6107736
          ],
          [
            76.4862626,
            9.6107446
          ],
          [
            76.4863202,
            9.6107008
          ],
          [
            76.4863255,
            9.61064
          ],
          [
            76.4863121,
            9.6104589
          ],
          [
            76.4862907,
            9.6102646
          ],
          [
            76.4862572,
            9.6100794
          ],
          [
            76.4862545,
            9.6099538
          ],
          [
            76.4863188,
            9.6098943
          ],
          [
            76.4864141,
            9.6098639
          ],
          [
            76.4865361,
            9.609848
          ],
          [
            76.4866743,
            9.6098176
          ],
          [
            76.4868231,
            9.609807
          ],
          [
            76.4869357,
            9.6097607
          ],
          [
            76.4869451,
            9.6096629
          ],
          [
            76.4869452,
            9.6095174
          ],
          [
            76.4870243,
            9.6094328
          ],
          [
            76.4870418,
            9.6093279
          ]
        ]
      }
    },
    {
      "type": "Feature",
      "properties": {
        "name": "Karippooththattu - Nerekadavu Road",
        "highway": "secondary",
        "surface": "asphalt",
        "osm_id": 407739355
      },
      "geometry": {
        "type": "LineString",
        "coordinates": [
          [
            76.509118,
            9.6338768
          ],
          [
            76.5092695,
            9.6338708
          ],
          [
            76.5094164,
            9.6338648
          ],
          [
            76.5095344,
            9.6338496
          ],
          [
            76.509635,
            9.633806
          ],
          [
            76.5097938,
            9.6337319
          ],
          [
            76.5099642,
            9.6336354
          ],
          [
            76.5101258,
            9.6335561
          ],
          [
            76.510262,
            9.6334887
          ],
          [
            76.5103826,
            9.6334602
          ],
          [
            76.5105,
            9.6334635
          ],
          [
            76.5106381,
            9.6334821
          ],
          [
            76.5107326,
            9.6334708
          ],
          [
            76.5108352,
            9.6334411
          ],
          [
            76.5109492,
            9.6334252
          ],
          [
            76.5111014,
            9.633404
          ],
          [
            76.5112651,
            9.6334021
          ],
          [
            76.5114662,
            9.6334245
          ],
          [
            76.511591,
            9.633447
          ],
          [
            76.5117512,
            9.6334781
          ],
          [
            76.5119021,
            9.6334799
          ]
        ]
      }
    },
    {
      "type": "Feature",
      "properties": {
        "name": "Secondary Road",
        "highway": "secondary",
        "surface": "asphalt",
        "osm_id": 440752904
      },
      "geometry": {
        "type": "LineString",
        "coordinates": [
          [
            76.4104618,
            9.7018394
          ],
          [
            76.4104965,
            9.701922
          ],
          [
            76.4104926,
            9.7021071
          ],
          [
            76.4104684,
            9.7022433
          ],
          [
            76.4104496,
            9.7023676
          ],
          [
            76.4104174,
            9.7025394
          ],
          [
            76.410392,
            9.7026954
          ],
          [
            76.4103893,
            9.702821
          ],
          [
            76.4103934,
            9.7029624
          ],
          [
            76.4103799,
            9.7031158
          ],
          [
            76.4103665,
            9.7032955
          ],
          [
            76.4103504,
            9.7034119
          ],
          [
            76.4103397,
            9.7035705
          ],
          [
            76.410321,
            9.7037093
          ],
          [
            76.4103182,
            9.7037939
          ],
          [
            76.4103182,
            9.7039089
          ],
          [
            76.4103182,
            9.7040728
          ],
          [
            76.410282,
            9.7041178
          ],
          [
            76.4102739,
            9.704205
          ],
          [
            76.4102833,
            9.704357
          ],
          [
            76.4102793,
            9.7045513
          ],
          [
            76.4102766,
            9.7046624
          ],
          [
            76.4102632,
            9.7047245
          ],
          [
            76.4102552,
            9.7049267
          ],
          [
            76.410286,
            9.7050682
          ],
          [
            76.4102887,
            9.7051713
          ],
          [
            76.4102914,
            9.7053141
          ],
          [
            76.4102967,
            9.7054423
          ],
          [
            76.4103074,
            9.7055481
          ],
          [
            76.4103289,
            9.7056485
          ],
          [
            76.4103423,
            9.7057318
          ],
          [
            76.4103651,
            9.7058904
          ],
          [
            76.4103907,
            9.7060226
          ],
          [
            76.4104,
            9.7061535
          ],
          [
            76.4104201,
            9.7063081
          ],
          [
            76.4104237,
            9.7063943
          ],
          [
            76.4104255,
            9.7064364
          ],
          [
            76.4104299,
            9.7064796
          ],
          [
            76.4104376,
            9.7065553
          ],
          [
            76.4104419,
            9.7066817
          ],
          [
            76.4104443,
            9.7067536
          ],
          [
            76.4104469,
            9.7068753
          ],
          [
            76.4104511,
            9.7069816
          ],
          [
            76.4104523,
            9.7070128
          ],
          [
            76.4104576,
            9.7071238
          ],
          [
            76.4104737,
            9.7072137
          ],
          [
            76.4105127,
            9.7074146
          ],
          [
            76.4105556,
            9.7075455
          ],
          [
            76.4105891,
            9.7076473
          ],
          [
            76.4106226,
            9.7077781
          ],
          [
            76.4106549,
            9.7078813
          ],
          [
            76.4106803,
            9.7079672
          ],
          [
            76.4106978,
            9.7080465
          ],
          [
            76.410699,
            9.7080838
          ],
          [
            76.411061,
            9.7081575
          ],
          [
            76.4112071,
            9.7081686
          ],
          [
            76.4113038,
            9.7081658
          ],
          [
            76.4114652,
            9.7081755
          ],
          [
            76.4116092,
            9.7081737
          ],
          [
            76.4118679,
            9.7081829
          ],
          [
            76.4120804,
            9.7081945
          ],
          [
            76.4121609,
            9.7082038
          ],
          [
            76.412212,
            9.7082113
          ],
          [
            76.4124049,
            9.7082501
          ],
          [
            76.4126159,
            9.7083031
          ],
          [
            76.4128514,
            9.7083419
          ],
          [
            76.4130826,
            9.7083781
          ],
          [
            76.4132825,
            9.7084012
          ],
          [
            76.4134308,
            9.7084243
          ],
          [
            76.4136455,
            9.7084523
          ],
          [
            76.4138507,
            9.7084787
          ],
          [
            76.414123,
            9.7085237
          ],
          [
            76.4143214,
            9.7085726
          ],
          [
            76.4144354,
            9.7085938
          ],
          [
            76.414607,
            9.7086175
          ],
          [
            76.4148484,
            9.7086625
          ],
          [
            76.4150228,
            9.7086836
          ],
          [
            76.4151864,
            9.7086863
          ],
          [
            76.41535,
            9.7086863
          ],
          [
            76.4154485,
            9.7086863
          ],
          [
            76.4155941,
            9.7086863
          ],
          [
            76.4157711,
            9.7086955
          ],
          [
            76.4159643,
            9.708685
          ],
          [
            76.4161386,
            9.7086334
          ],
          [
            76.4163317,
            9.7085752
          ],
          [
            76.4164887,
            9.7085289
          ],
          [
            76.4166991,
            9.7084695
          ],
          [
            76.4168078,
            9.7084417
          ],
          [
            76.4169486,
            9.708406
          ],
          [
            76.4171176,
            9.708406
          ],
          [
            76.4173053,
            9.7084457
          ],
          [
            76.4174502,
            9.7084774
          ],
          [
            76.4176729,
            9.7085131
          ],
          [
            76.4178431,
            9.7085501
          ],
          [
            76.4179947,
            9.7085687
          ],
          [
            76.4182401,
            9.7086136
          ],
          [
            76.4184095,
            9.7086441
          ]
        ]
      }
    },
    {
      "type": "Feature",
      "properties": {
        "name": "Residential Road",
        "highway": "residential",
        "surface": "asphalt",
        "osm_id": 451292856
      },
      "geometry": {
        "type": "LineString",
        "coordinates": [
          [
            76.4770527,
            9.6191776
          ],
          [
            76.4767925,
            9.619198
          ],
          [
            76.4766741,
            9.6192073
          ],
          [
            76.4765723,
            9.6192426
          ],
          [
            76.4765403,
            9.6193001
          ],
          [
            76.4762992,
            9.6192704
          ],
          [
            76.4760942,
            9.619258
          ],
          [
            76.47576,
            9.6191659
          ]
        ]
      }
    },
    {
      "type": "Feature",
      "properties": {
        "name": "Secondary Road",
        "highway": "secondary",
        "surface": "asphalt",
        "osm_id": 452981184
      },
      "geometry": {
        "type": "LineString",
        "coordinates": [
          [
            76.4768303,
            9.614568
          ],
          [
            76.4768461,
            9.614531
          ],
          [
            76.4769487,
            9.6142904
          ]
        ]
      }
    },
    {
      "type": "Feature",
      "properties": {
        "name": "Parippu - Thollayiram - Manchira Road",
        "highway": "unclassified",
        "surface": "dirt",
        "osm_id": 452981185
      },
      "geometry": {
        "type": "LineString",
        "coordinates": [
          [
            76.4435459,
            9.6201576
          ],
          [
            76.4439949,
            9.6199801
          ],
          [
            76.444593,
            9.6197702
          ],
          [
            76.4452993,
            9.6195002
          ],
          [
            76.445356,
            9.6194865
          ],
          [
            76.4461457,
            9.6193357
          ],
          [
            76.4465647,
            9.6192756
          ],
          [
            76.4476237,
            9.6191922
          ],
          [
            76.4479468,
            9.6191298
          ],
          [
            76.4488739,
            9.619066
          ],
          [
            76.4499309,
            9.6191234
          ],
          [
            76.4508163,
            9.6193112
          ],
          [
            76.4514436,
            9.6194563
          ],
          [
            76.4529663,
            9.6193877
          ],
          [
            76.45366,
            9.6193437
          ],
          [
            76.4548538,
            9.6192847
          ],
          [
            76.4556482,
            9.6191847
          ],
          [
            76.4562019,
            9.6190377
          ],
          [
            76.4572941,
            9.6186239
          ],
          [
            76.4584166,
            9.6181986
          ],
          [
            76.4585014,
            9.6181649
          ],
          [
            76.4587952,
            9.6180718
          ],
          [
            76.459008,
            9.6180287
          ],
          [
            76.4592642,
            9.6179751
          ],
          [
            76.4593094,
            9.6179608
          ],
          [
            76.4594392,
            9.6179199
          ],
          [
            76.45963,
            9.6177382
          ],
          [
            76.4602153,
            9.6174893
          ],
          [
            76.460439,
            9.6174077
          ]
        ]
      }
    },
    {
      "type": "Feature",
      "properties": {
        "name": "Tertiary Road",
        "highway": "tertiary",
        "surface": "asphalt",
        "osm_id": 456392090
      },
      "geometry": {
        "type": "LineString",
        "coordinates": [
          [
            76.5003328,
            9.6856854
          ],
          [
            76.5004809,
            9.6860035
          ],
          [
            76.5006795,
            9.6864095
          ],
          [
            76.5007255,
            9.6868282
          ],
          [
            76.5006772,
            9.6870979
          ],
          [
            76.5007577,
            9.6877959
          ],
          [
            76.5008824,
            9.6879863
          ],
          [
            76.5010282,
            9.6884422
          ]
        ]
      }
    },
    {
      "type": "Feature",
      "properties": {
        "name": "Unclassified Road",
        "highway": "unclassified",
        "surface": "asphalt",
        "osm_id": 456392107
      },
      "geometry": {
        "type": "LineString",
        "coordinates": [
          [
            76.4303354,
            9.6431225
          ],
          [
            76.4301666,
            9.6431385
          ],
          [
            76.4299212,
            9.64312
          ],
          [
            76.4297361,
            9.6430287
          ],
          [
            76.4289677,
            9.6426467
          ],
          [
            76.428324,
            9.6423201
          ],
          [
            76.4281093,
            9.6421812
          ],
          [
            76.4277756,
            9.6420157
          ],
          [
            76.4269721,
            9.6416642
          ],
          [
            76.426661,
            9.6415413
          ],
          [
            76.4263887,
            9.6414303
          ],
          [
            76.4262569,
            9.6413655
          ],
          [
            76.4261232,
            9.641265
          ],
          [
            76.4260146,
            9.6411195
          ],
          [
            76.4259327,
            9.6409331
          ],
          [
            76.4258845,
            9.6408551
          ],
          [
            76.425835,
            9.640798
          ],
          [
            76.4257787,
            9.6407742
          ],
          [
            76.4256795,
            9.6407874
          ],
          [
            76.4255548,
            9.6408403
          ],
          [
            76.4254647,
            9.640863
          ],
          [
            76.4253871,
            9.6408734
          ],
          [
            76.4253105,
            9.6408392
          ],
          [
            76.425234,
            9.6407466
          ],
          [
            76.4252141,
            9.6407028
          ],
          [
            76.4251618,
            9.640597
          ],
          [
            76.425057,
            9.6404875
          ],
          [
            76.424958,
            9.6404093
          ],
          [
            76.4248373,
            9.6403961
          ],
          [
            76.4247112,
            9.6404172
          ],
          [
            76.4246078,
            9.6404373
          ],
          [
            76.4244296,
            9.6404939
          ],
          [
            76.4242713,
            9.6405799
          ],
          [
            76.4241089,
            9.6406462
          ],
          [
            76.4237535,
            9.6407123
          ],
          [
            76.4232682,
            9.6408033
          ],
          [
            76.4227181,
            9.6409146
          ],
          [
            76.4216788,
            9.641113
          ],
          [
            76.4213115,
            9.6411973
          ],
          [
            76.4209105,
            9.6412581
          ],
          [
            76.4206126,
            9.6412821
          ],
          [
            76.4199689,
            9.6413932
          ],
          [
            76.4196551,
            9.641462
          ],
          [
            76.4194512,
            9.6417079
          ]
        ]
      }
    },
    {
      "type": "Feature",
      "properties": {
        "name": "Residential Road",
        "highway": "residential",
        "surface": "paved",
        "osm_id": 473975086
      },
      "geometry": {
        "type": "LineString",
        "coordinates": [
          [
            76.4763965,
            9.637562
          ],
          [
            76.4763382,
            9.6375373
          ]
        ]
      }
    },
    {
      "type": "Feature",
      "properties": {
        "name": "Residential Road",
        "highway": "residential",
        "surface": "unpaved",
        "osm_id": 473975087
      },
      "geometry": {
        "type": "LineString",
        "coordinates": [
          [
            76.4762127,
            9.6374966
          ],
          [
            76.4749465,
            9.6371197
          ],
          [
            76.4738308,
            9.6370707
          ],
          [
            76.4733563,
            9.6370653
          ],
          [
            76.4729785,
            9.6370254
          ],
          [
            76.4722273,
            9.637052
          ],
          [
            76.4720339,
            9.6370342
          ],
          [
            76.4719529,
            9.6370697
          ],
          [
            76.471818,
            9.6370963
          ],
          [
            76.4715976,
            9.6371229
          ],
          [
            76.4711612,
            9.6370875
          ],
          [
            76.4709408,
            9.6370697
          ],
          [
            76.4708059,
            9.6370875
          ],
          [
            76.4706395,
            9.6369677
          ],
          [
            76.4704505,
            9.6368923
          ],
          [
            76.4699198,
            9.6368081
          ],
          [
            76.469308,
            9.6366795
          ],
          [
            76.4691191,
            9.636644
          ],
          [
            76.4688402,
            9.6366262
          ],
          [
            76.4684399,
            9.6366041
          ],
          [
            76.4680485,
            9.6366174
          ],
          [
            76.4677112,
            9.636573
          ],
          [
            76.4671759,
            9.6365464
          ],
          [
            76.4666275,
            9.6365629
          ],
          [
            76.4663306,
            9.636605
          ],
          [
            76.4661822,
            9.636625
          ],
          [
            76.4661172,
            9.6366533
          ],
          [
            76.4661015,
            9.6367093
          ],
          [
            76.4660545,
            9.6367749
          ],
          [
            76.4659938,
            9.6368251
          ],
          [
            76.4658744,
            9.6368482
          ],
          [
            76.4656727,
            9.6368656
          ],
          [
            76.4653653,
            9.6368907
          ],
          [
            76.4650031,
            9.6369274
          ],
          [
            76.464545,
            9.6369583
          ],
          [
            76.4643805,
            9.6369737
          ],
          [
            76.4641886,
            9.6369428
          ],
          [
            76.4639733,
            9.6369409
          ],
          [
            76.4634427,
            9.6369467
          ],
          [
            76.462963,
            9.6369447
          ],
          [
            76.4628181,
            9.6369428
          ],
          [
            76.4627143,
            9.636966
          ],
          [
            76.462587,
            9.6369949
          ],
          [
            76.4622855,
            9.6370142
          ],
          [
            76.4618156,
            9.6370046
          ],
          [
            76.4615728,
            9.6370123
          ],
          [
            76.4615043,
            9.6370432
          ],
          [
            76.4614691,
            9.6371011
          ],
          [
            76.4613947,
            9.6371416
          ],
          [
            76.4613065,
            9.6371725
          ],
          [
            76.4611969,
            9.6372015
          ],
          [
            76.4611245,
            9.6371745
          ],
          [
            76.4611049,
            9.6370953
          ],
          [
            76.4610951,
            9.637076
          ],
          [
            76.461007,
            9.6370741
          ],
          [
            76.4608014,
            9.6371301
          ],
          [
            76.4606271,
            9.6371667
          ],
          [
            76.4606017,
            9.6371667
          ]
        ]
      }
    },
    {
      "type": "Feature",
      "properties": {
        "name": "Residential Road",
        "highway": "residential",
        "surface": "asphalt",
        "osm_id": 473975088
      },
      "geometry": {
        "type": "LineString",
        "coordinates": [
          [
            76.4763382,
            9.6375373
          ],
          [
            76.4762127,
            9.6374966
          ]
        ]
      }
    },
    {
      "type": "Feature",
      "properties": {
        "name": "Residential Road",
        "highway": "residential",
        "surface": "unpaved",
        "osm_id": 473975089
      },
      "geometry": {
        "type": "LineString",
        "coordinates": [
          [
            76.4763965,
            9.637562
          ],
          [
            76.4765172,
            9.637274
          ],
          [
            76.4766513,
            9.6369646
          ],
          [
            76.4767506,
            9.6367927
          ],
          [
            76.4770463,
            9.6364331
          ],
          [
            76.4776605,
            9.6358116
          ],
          [
            76.4778214,
            9.6356398
          ],
          [
            76.4781352,
            9.6352802
          ],
          [
            76.4782667,
            9.6351136
          ],
          [
            76.4783326,
            9.634991
          ],
          [
            76.4783874,
            9.63482
          ],
          [
            76.4784571,
            9.6347011
          ],
          [
            76.4788139,
            9.6343599
          ],
          [
            76.4789334,
            9.6342374
          ],
          [
            76.4791223,
            9.6340056
          ],
          [
            76.4793196,
            9.6337606
          ],
          [
            76.4793625,
            9.6336424
          ],
          [
            76.4793786,
            9.6335345
          ],
          [
            76.4793585,
            9.6334036
          ],
          [
            76.4793599,
            9.6333581
          ],
          [
            76.4793907,
            9.6333176
          ],
          [
            76.4795568,
            9.633125
          ],
          [
            76.4796455,
            9.6330487
          ],
          [
            76.4802555,
            9.6327138
          ],
          [
            76.4804393,
            9.63269
          ],
          [
            76.4807477,
            9.6326357
          ],
          [
            76.4808431,
            9.6326111
          ],
          [
            76.4811139,
            9.6325128
          ],
          [
            76.4813152,
            9.6324432
          ],
          [
            76.4814759,
            9.632399
          ],
          [
            76.4816362,
            9.6323959
          ],
          [
            76.4817468,
            9.6323872
          ],
          [
            76.4822039,
            9.6323205
          ],
          [
            76.4822584,
            9.6323115
          ],
          [
            76.4829109,
            9.6322021
          ],
          [
            76.4830638,
            9.6321571
          ],
          [
            76.4832008,
            9.6320928
          ],
          [
            76.4832384,
            9.6320628
          ],
          [
            76.4833025,
            9.6320117
          ],
          [
            76.4838202,
            9.6314643
          ],
          [
            76.4838953,
            9.6314299
          ],
          [
            76.4842118,
            9.6314061
          ],
          [
            76.4845867,
            9.6313274
          ],
          [
            76.4850225,
            9.6312044
          ],
          [
            76.4850532,
            9.6311891
          ],
          [
            76.4851634,
            9.6311341
          ]
        ]
      }
    },
    {
      "type": "Feature",
      "properties": {
        "name": "Puthenthodu Bridge",
        "highway": "secondary",
        "surface": "asphalt",
        "osm_id": 473975091
      },
      "geometry": {
        "type": "LineString",
        "coordinates": [
          [
            76.48755,
            9.6254186
          ],
          [
            76.4875969,
            9.6251274
          ]
        ]
      }
    },
    {
      "type": "Feature",
      "properties": {
        "name": "Tertiary Road",
        "highway": "tertiary",
        "surface": "asphalt",
        "osm_id": 473975092
      },
      "geometry": {
        "type": "LineString",
        "coordinates": [
          [
            76.4876019,
            9.625067
          ],
          [
            76.4872798,
            9.6250205
          ],
          [
            76.4864569,
            9.6250808
          ],
          [
            76.486254,
            9.6250778
          ],
          [
            76.4860058,
            9.6250506
          ],
          [
            76.4852557,
            9.6249336
          ],
          [
            76.4851613,
            9.6249263
          ],
          [
            76.4848334,
            9.6249011
          ],
          [
            76.4844814,
            9.6248955
          ],
          [
            76.4840516,
            9.6248688
          ],
          [
            76.483338,
            9.6248563
          ],
          [
            76.4826056,
            9.6247969
          ],
          [
            76.4821494,
            9.6247717
          ],
          [
            76.4820823,
            9.6247439
          ],
          [
            76.4820373,
            9.6246974
          ],
          [
            76.4819264,
            9.6244785
          ],
          [
            76.4818629,
            9.6243867
          ],
          [
            76.4818026,
            9.6243447
          ],
          [
            76.4817244,
            9.6243196
          ],
          [
            76.4816119,
            9.6243273
          ],
          [
            76.4814871,
            9.6243269
          ]
        ]
      }
    },
    {
      "type": "Feature",
      "properties": {
        "name": "Residential Road",
        "highway": "residential",
        "surface": "asphalt",
        "osm_id": 473975692
      },
      "geometry": {
        "type": "LineString",
        "coordinates": [
          [
            76.4790172,
            9.6406222
          ],
          [
            76.4789125,
            9.6408189
          ],
          [
            76.4788074,
            9.6412321
          ],
          [
            76.4787728,
            9.6415308
          ],
          [
            76.4787363,
            9.6416303
          ],
          [
            76.478694,
            9.6418009
          ],
          [
            76.478686,
            9.6419681
          ],
          [
            76.4786278,
            9.6421826
          ],
          [
            76.4785767,
            9.6427877
          ],
          [
            76.4785224,
            9.6434837
          ],
          [
            76.4785514,
            9.6438853
          ],
          [
            76.4786502,
            9.6442907
          ],
          [
            76.4786986,
            9.6445672
          ],
          [
            76.4787214,
            9.6446088
          ],
          [
            76.4787597,
            9.6446204
          ],
          [
            76.4790604,
            9.6445848
          ],
          [
            76.4792881,
            9.644551
          ],
          [
            76.4795879,
            9.6445014
          ],
          [
            76.4799996,
            9.6444941
          ],
          [
            76.4803159,
            9.6444707
          ],
          [
            76.4811187,
            9.644391
          ],
          [
            76.4815505,
            9.6443348
          ],
          [
            76.4821259,
            9.6442475
          ],
          [
            76.4821283,
            9.6442614
          ]
        ]
      }
    },
    {
      "type": "Feature",
      "properties": {
        "name": "Secondary Road",
        "highway": "secondary",
        "surface": "asphalt",
        "osm_id": 473975693
      },
      "geometry": {
        "type": "LineString",
        "coordinates": [
          [
            76.487043,
            9.6419767
          ],
          [
            76.4866278,
            9.6421034
          ],
          [
            76.4864972,
            9.6421387
          ],
          [
            76.4856957,
            9.6426455
          ],
          [
            76.4851264,
            9.6430237
          ],
          [
            76.4843467,
            9.6435361
          ],
          [
            76.4840403,
            9.6437173
          ],
          [
            76.4837502,
            9.6438872
          ],
          [
            76.4831927,
            9.6441404
          ],
          [
            76.4830467,
            9.6441976
          ],
          [
            76.4824409,
            9.6443536
          ],
          [
            76.4821529,
            9.6444051
          ],
          [
            76.4814493,
            9.6445311
          ],
          [
            76.4803821,
            9.6446452
          ]
        ]
      }
    },
    {
      "type": "Feature",
      "properties": {
        "name": "Residential Road",
        "highway": "residential",
        "surface": "ground",
        "osm_id": 473975698
      },
      "geometry": {
        "type": "LineString",
        "coordinates": [
          [
            76.4812728,
            9.6384465
          ],
          [
            76.4812012,
            9.6383454
          ],
          [
            76.4810874,
            9.6380652
          ],
          [
            76.4807145,
            9.6370016
          ],
          [
            76.4806228,
            9.6365967
          ],
          [
            76.4806125,
            9.6362841
          ],
          [
            76.4806277,
            9.6362155
          ],
          [
            76.4806554,
            9.6361334
          ],
          [
            76.481055,
            9.635348
          ],
          [
            76.4811766,
            9.6351252
          ],
          [
            76.4813635,
            9.6346658
          ],
          [
            76.4816592,
            9.6341378
          ],
          [
            76.4817648,
            9.6339157
          ]
        ]
      }
    },
    {
      "type": "Feature",
      "properties": {
        "name": "Residential Road",
        "highway": "residential",
        "surface": "paved",
        "osm_id": 473975699
      },
      "geometry": {
        "type": "LineString",
        "coordinates": [
          [
            76.4817134,
            9.6338469
          ],
          [
            76.4815807,
            9.6337164
          ],
          [
            76.481554,
            9.6336584
          ],
          [
            76.4816397,
            9.6334176
          ],
          [
            76.4817122,
            9.6332404
          ],
          [
            76.4817333,
            9.6330186
          ],
          [
            76.4817296,
            9.6328001
          ],
          [
            76.4817139,
            9.6326745
          ],
          [
            76.4816451,
            9.6325172
          ],
          [
            76.4816362,
            9.6323959
          ]
        ]
      }
    },
    {
      "type": "Feature",
      "properties": {
        "name": "Residential Road",
        "highway": "residential",
        "surface": "asphalt",
        "osm_id": 473975700
      },
      "geometry": {
        "type": "LineString",
        "coordinates": [
          [
            76.4817648,
            9.6339157
          ],
          [
            76.4817134,
            9.6338469
          ]
        ]
      }
    },
    {
      "type": "Feature",
      "properties": {
        "name": "Secondary Road",
        "highway": "secondary",
        "surface": "asphalt",
        "osm_id": 473975701
      },
      "geometry": {
        "type": "LineString",
        "coordinates": [
          [
            76.4961729,
            9.6371201
          ],
          [
            76.4957227,
            9.6371475
          ],
          [
            76.4949429,
            9.6370914
          ],
          [
            76.4945434,
            9.6370266
          ],
          [
            76.4943174,
            9.6369839
          ],
          [
            76.4939639,
            9.6370006
          ],
          [
            76.4933825,
            9.6371197
          ],
          [
            76.4926785,
            9.6371184
          ],
          [
            76.4917593,
            9.6372207
          ],
          [
            76.4915033,
            9.6372421
          ],
          [
            76.4909644,
            9.6372595
          ],
          [
            76.4907056,
            9.6372678
          ],
          [
            76.4898296,
            9.6372423
          ],
          [
            76.4896129,
            9.6372474
          ],
          [
            76.4893001,
            9.6373339
          ],
          [
            76.4892411,
            9.6373895
          ],
          [
            76.4892054,
            9.6374871
          ],
          [
            76.4890271,
            9.6383311
          ],
          [
            76.4889869,
            9.6384327
          ],
          [
            76.488938,
            9.6385186
          ],
          [
            76.4888978,
            9.6385741
          ],
          [
            76.4888138,
            9.6386271
          ],
          [
            76.4887523,
            9.6386508
          ],
          [
            76.4883148,
            9.638767
          ],
          [
            76.4882004,
            9.6388994
          ],
          [
            76.4881628,
            9.6389613
          ],
          [
            76.4881132,
            9.6391741
          ],
          [
            76.4881443,
            9.6395707
          ],
          [
            76.4881846,
            9.6398732
          ],
          [
            76.4881716,
            9.6400138
          ],
          [
            76.4881402,
            9.6401175
          ],
          [
            76.4878929,
            9.640503
          ],
          [
            76.4876296,
            9.6409903
          ],
          [
            76.4876291,
            9.6410942
          ],
          [
            76.4875701,
            9.6413089
          ],
          [
            76.4875252,
            9.6414592
          ],
          [
            76.4874293,
            9.6416054
          ],
          [
            76.4872528,
            9.6417907
          ],
          [
            76.4872148,
            9.6418439
          ],
          [
            76.4871745,
            9.6418791
          ],
          [
            76.4871166,
            9.6419117
          ]
        ]
      }
    },
    {
      "type": "Feature",
      "properties": {
        "name": "Secondary Road",
        "highway": "secondary",
        "surface": "asphalt",
        "osm_id": 474360430
      },
      "geometry": {
        "type": "LineString",
        "coordinates": [
          [
            76.4848846,
            9.629141
          ],
          [
            76.4848208,
            9.6291495
          ],
          [
            76.4842026,
            9.6289089
          ],
          [
            76.4840725,
            9.6288872
          ],
          [
            76.483871,
            9.628891
          ],
          [
            76.4836574,
            9.6289246
          ],
          [
            76.4835078,
            9.628965
          ],
          [
            76.4824128,
            9.6292433
          ],
          [
            76.482339,
            9.6292724
          ],
          [
            76.4821385,
            9.6293515
          ],
          [
            76.4818291,
            9.6295306
          ],
          [
            76.4814056,
            9.6297647
          ]
        ]
      }
    },
    {
      "type": "Feature",
      "properties": {
        "name": "Secondary Road",
        "highway": "secondary",
        "surface": "asphalt",
        "osm_id": 474360717
      },
      "geometry": {
        "type": "LineString",
        "coordinates": [
          [
            76.4848846,
            9.629141
          ],
          [
            76.484904,
            9.6291072
          ],
          [
            76.4849509,
            9.6289869
          ],
          [
            76.4850553,
            9.6287858
          ],
          [
            76.4852031,
            9.6285519
          ],
          [
            76.4853579,
            9.628304
          ],
          [
            76.4853898,
            9.6282165
          ],
          [
            76.485419,
            9.6281222
          ],
          [
            76.4854723,
            9.6279548
          ],
          [
            76.4855321,
            9.6278784
          ],
          [
            76.4856255,
            9.6278297
          ]
        ]
      }
    },
    {
      "type": "Feature",
      "properties": {
        "name": "Residential Road",
        "highway": "residential",
        "surface": "asphalt",
        "osm_id": 474360718
      },
      "geometry": {
        "type": "LineString",
        "coordinates": [
          [
            76.4847167,
            9.6295947
          ],
          [
            76.484822,
            9.6293917
          ]
        ]
      }
    },
    {
      "type": "Feature",
      "properties": {
        "name": "Secondary Road",
        "highway": "secondary",
        "surface": "asphalt",
        "osm_id": 476353014
      },
      "geometry": {
        "type": "LineString",
        "coordinates": [
          [
            76.5059268,
            9.6972192
          ],
          [
            76.5058762,
            9.6971149
          ],
          [
            76.5058128,
            9.6966987
          ],
          [
            76.5056818,
            9.6958992
          ],
          [
            76.5054836,
            9.6952643
          ],
          [
            76.5053744,
            9.6946055
          ]
        ]
      }
    },
    {
      "type": "Feature",
      "properties": {
        "name": "Unclassified Road",
        "highway": "unclassified",
        "surface": "asphalt",
        "osm_id": 537942358
      },
      "geometry": {
        "type": "LineString",
        "coordinates": [
          [
            76.5070743,
            9.7346735
          ],
          [
            76.5070271,
            9.7347818
          ],
          [
            76.5071216,
            9.7349893
          ],
          [
            76.5071087,
            9.735163
          ],
          [
            76.5067993,
            9.7352434
          ],
          [
            76.5065844,
            9.7353366
          ],
          [
            76.5067134,
            9.7355865
          ],
          [
            76.5069239,
            9.735938
          ],
          [
            76.5070228,
            9.7361244
          ],
          [
            76.5067649,
            9.7363362
          ],
          [
            76.5065114,
            9.736603
          ],
          [
            76.5062655,
            9.7367809
          ]
        ]
      }
    },
    {
      "type": "Feature",
      "properties": {
        "name": "Unclassified Road",
        "highway": "unclassified",
        "surface": "asphalt",
        "osm_id": 537942425
      },
      "geometry": {
        "type": "LineString",
        "coordinates": [
          [
            76.5085269,
            9.7355693
          ],
          [
            76.5086689,
            9.7353259
          ],
          [
            76.5087706,
            9.7349711
          ],
          [
            76.508828,
            9.7347294
          ],
          [
            76.5088933,
            9.7344697
          ],
          [
            76.5089641,
            9.7341864
          ]
        ]
      }
    },
    {
      "type": "Feature",
      "properties": {
        "name": "Residential Road",
        "highway": "residential",
        "surface": "asphalt",
        "osm_id": 538641568
      },
      "geometry": {
        "type": "LineString",
        "coordinates": [
          [
            76.5116406,
            9.6766607
          ],
          [
            76.5113497,
            9.6765255
          ],
          [
            76.511158,
            9.676447
          ],
          [
            76.5109176,
            9.6763485
          ],
          [
            76.5105641,
            9.676319
          ],
          [
            76.5103004,
            9.6763227
          ],
          [
            76.509872,
            9.6763411
          ],
          [
            76.5095428,
            9.6763411
          ],
          [
            76.5091856,
            9.6763706
          ],
          [
            76.5088751,
            9.6763835
          ],
          [
            76.5086263,
            9.6763632
          ],
          [
            76.5083457,
            9.6763595
          ],
          [
            76.5082933,
            9.6763648
          ],
          [
            76.5082233,
            9.6763718
          ],
          [
            76.5079959,
            9.6763946
          ],
          [
            76.5077353,
            9.6764625
          ],
          [
            76.5072393,
            9.6763653
          ],
          [
            76.5068264,
            9.6762802
          ],
          [
            76.5064136,
            9.6762499
          ],
          [
            76.5060593,
            9.6762863
          ],
          [
            76.5057912,
            9.6763349
          ],
          [
            76.5056293,
            9.6763567
          ]
        ]
      }
    },
    {
      "type": "Feature",
      "properties": {
        "name": "Residential Road",
        "highway": "residential",
        "surface": "asphalt",
        "osm_id": 538642405
      },
      "geometry": {
        "type": "LineString",
        "coordinates": [
          [
            76.5101804,
            9.6777407
          ],
          [
            76.5099163,
            9.6776072
          ],
          [
            76.5096616,
            9.6774781
          ],
          [
            76.509436,
            9.6774027
          ],
          [
            76.509043,
            9.6773956
          ],
          [
            76.5086827,
            9.6773776
          ],
          [
            76.5084535,
            9.6773095
          ],
          [
            76.5082802,
            9.6772777
          ],
          [
            76.5081988,
            9.6772628
          ],
          [
            76.5078422,
            9.6772557
          ],
          [
            76.5076348,
            9.6772808
          ]
        ]
      }
    },
    {
      "type": "Feature",
      "properties": {
        "name": "Unclassified Road",
        "highway": "unclassified",
        "surface": "asphalt",
        "osm_id": 538642622
      },
      "geometry": {
        "type": "LineString",
        "coordinates": [
          [
            76.5087165,
            9.6795272
          ],
          [
            76.5084099,
            9.6794631
          ],
          [
            76.5080752,
            9.6794057
          ],
          [
            76.5076349,
            9.6793591
          ],
          [
            76.5072201,
            9.6792838
          ],
          [
            76.5072674,
            9.6796245
          ],
          [
            76.5072674,
            9.6799151
          ],
          [
            76.5072615,
            9.6801545
          ]
        ]
      }
    },
    {
      "type": "Feature",
      "properties": {
        "name": "Unclassified Road",
        "highway": "unclassified",
        "surface": "asphalt",
        "osm_id": 538642665
      },
      "geometry": {
        "type": "LineString",
        "coordinates": [
          [
            76.5088672,
            9.6792502
          ],
          [
            76.5093359,
            9.6791876
          ],
          [
            76.5096963,
            9.6791238
          ],
          [
            76.5099845,
            9.6790929
          ],
          [
            76.5101194,
            9.6790666
          ],
          [
            76.5101072,
            9.6788549
          ],
          [
            76.5101295,
            9.6787058
          ],
          [
            76.5101477,
            9.6784796
          ],
          [
            76.5102162,
            9.6782315
          ],
          [
            76.5102791,
            9.678071
          ],
          [
            76.5103366,
            9.6778729
          ],
          [
            76.5104426,
            9.6776965
          ],
          [
            76.5105155,
            9.6775702
          ],
          [
            76.5105587,
            9.6774239
          ]
        ]
      }
    },
    {
      "type": "Feature",
      "properties": {
        "name": "Unclassified Road",
        "highway": "unclassified",
        "surface": "asphalt",
        "osm_id": 538643876
      },
      "geometry": {
        "type": "LineString",
        "coordinates": [
          [
            76.5102118,
            9.6793898
          ],
          [
            76.510235,
            9.6796372
          ],
          [
            76.5102167,
            9.679843
          ],
          [
            76.5102097,
            9.6800237
          ],
          [
            76.5101964,
            9.6801413
          ],
          [
            76.5101191,
            9.6803177
          ],
          [
            76.5100308,
            9.6805442
          ],
          [
            76.5099755,
            9.6807009
          ],
          [
            76.509938,
            9.6808991
          ],
          [
            76.5099159,
            9.6811016
          ],
          [
            76.5098584,
            9.6812475
          ],
          [
            76.5097767,
            9.6813303
          ],
          [
            76.509628,
            9.681332
          ],
          [
            76.5095978,
            9.6813324
          ],
          [
            76.5093158,
            9.6812415
          ],
          [
            76.5090862,
            9.6811489
          ],
          [
            76.5089009,
            9.6810435
          ],
          [
            76.5087079,
            9.6809689
          ],
          [
            76.5084261,
            9.6808917
          ],
          [
            76.5082253,
            9.6808609
          ],
          [
            76.5080035,
            9.680848
          ],
          [
            76.5080348,
            9.6806603
          ],
          [
            76.5080609,
            9.680488
          ],
          [
            76.5081131,
            9.6803311
          ],
          [
            76.508095,
            9.680165
          ]
        ]
      }
    },
    {
      "type": "Feature",
      "properties": {
        "name": "Residential Road",
        "highway": "residential",
        "surface": "asphalt",
        "osm_id": 538651055
      },
      "geometry": {
        "type": "LineString",
        "coordinates": [
          [
            76.4305695,
            9.6161289
          ],
          [
            76.4311335,
            9.6161954
          ],
          [
            76.4319845,
            9.6162948
          ],
          [
            76.4320566,
            9.6163257
          ],
          [
            76.4320765,
            9.6163348
          ]
        ]
      }
    },
    {
      "type": "Feature",
      "properties": {
        "name": "Unclassified Road",
        "highway": "unclassified",
        "surface": "asphalt",
        "osm_id": 548941604
      },
      "geometry": {
        "type": "LineString",
        "coordinates": [
          [
            76.4292313,
            9.6791624
          ],
          [
            76.428525,
            9.6793342
          ],
          [
            76.427571,
            9.6793613
          ],
          [
            76.427204,
            9.6792257
          ],
          [
            76.4269197,
            9.6793523
          ],
          [
            76.4261858,
            9.6793794
          ],
          [
            76.4253566,
            9.6795944
          ]
        ]
      }
    },
    {
      "type": "Feature",
      "properties": {
        "name": "Unclassified Road",
        "highway": "unclassified",
        "surface": "asphalt",
        "osm_id": 548941605
      },
      "geometry": {
        "type": "LineString",
        "coordinates": [
          [
            76.4274599,
            9.6878077
          ],
          [
            76.4275733,
            9.6873678
          ],
          [
            76.4277086,
            9.6868908
          ],
          [
            76.4277694,
            9.6863419
          ],
          [
            76.4278293,
            9.6859284
          ],
          [
            76.4279284,
            9.6852974
          ],
          [
            76.4280873,
            9.6847229
          ],
          [
            76.428286,
            9.684514
          ],
          [
            76.4283787,
            9.6837828
          ],
          [
            76.4286304,
            9.6832344
          ],
          [
            76.4287801,
            9.6825193
          ]
        ]
      }
    },
    {
      "type": "Feature",
      "properties": {
        "name": "Vaikom - Vechur Road",
        "highway": "primary",
        "surface": "asphalt",
        "osm_id": 614660905
      },
      "geometry": {
        "type": "LineString",
        "coordinates": [
          [
            76.4156647,
            9.7244153
          ],
          [
            76.4155959,
            9.7249774
          ],
          [
            76.4155761,
            9.7253278
          ],
          [
            76.4155662,
            9.7255037
          ],
          [
            76.4154991,
            9.7261144
          ],
          [
            76.4153838,
            9.7266147
          ],
          [
            76.4152791,
            9.727235
          ],
          [
            76.4151607,
            9.7277053
          ],
          [
            76.4149708,
            9.7283271
          ],
          [
            76.4148636,
            9.7288733
          ],
          [
            76.4148178,
            9.729127
          ],
          [
            76.4147404,
            9.7293712
          ],
          [
            76.4145814,
            9.7297402
          ],
          [
            76.4144989,
            9.7298392
          ],
          [
            76.4144191,
            9.729935
          ],
          [
            76.4143062,
            9.7301333
          ],
          [
            76.4142572,
            9.7303062
          ],
          [
            76.4142193,
            9.7306376
          ],
          [
            76.4141856,
            9.7314673
          ],
          [
            76.4141707,
            9.7318326
          ],
          [
            76.4141086,
            9.732579
          ],
          [
            76.4140471,
            9.7333741
          ],
          [
            76.4140173,
            9.7336245
          ],
          [
            76.4139979,
            9.7337512
          ],
          [
            76.4139342,
            9.7340859
          ],
          [
            76.4138958,
            9.7342398
          ],
          [
            76.4138422,
            9.7343763
          ],
          [
            76.4137902,
            9.7345127
          ],
          [
            76.4137181,
            9.7346453
          ],
          [
            76.4136645,
            9.7347339
          ],
          [
            76.4135706,
            9.7349652
          ],
          [
            76.4135183,
            9.7351172
          ],
          [
            76.413505,
            9.735264
          ],
          [
            76.4135049,
            9.7356195
          ],
          [
            76.4135009,
            9.7359857
          ],
          [
            76.4134808,
            9.7362844
          ],
          [
            76.4134201,
            9.7367439
          ],
          [
            76.4133383,
            9.7372966
          ],
          [
            76.4132693,
            9.737693
          ],
          [
            76.4132251,
            9.7378823
          ],
          [
            76.4131755,
            9.7380495
          ],
          [
            76.413118,
            9.7382058
          ],
          [
            76.4130752,
            9.7382704
          ],
          [
            76.4129498,
            9.7383513
          ],
          [
            76.4128224,
            9.7383903
          ],
          [
            76.4123494,
            9.7384333
          ],
          [
            76.4118515,
            9.7384418
          ],
          [
            76.4115238,
            9.7384955
          ],
          [
            76.4112934,
            9.7384985
          ],
          [
            76.4103115,
            9.7385365
          ],
          [
            76.4096452,
            9.7386125
          ]
        ]
      }
    },
    {
      "type": "Feature",
      "properties": {
        "name": "Maramveed Bridge",
        "highway": "primary",
        "surface": "asphalt",
        "osm_id": 614660906
      },
      "geometry": {
        "type": "LineString",
        "coordinates": [
          [
            76.4157015,
            9.7240857
          ],
          [
            76.4156647,
            9.7244153
          ]
        ]
      }
    },
    {
      "type": "Feature",
      "properties": {
        "name": "Unclassified Road",
        "highway": "unclassified",
        "surface": "asphalt",
        "osm_id": 616555515
      },
      "geometry": {
        "type": "LineString",
        "coordinates": [
          [
            76.4861512,
            9.72378
          ],
          [
            76.4861907,
            9.7236474
          ],
          [
            76.4861732,
            9.7235652
          ],
          [
            76.4861628,
            9.7235167
          ],
          [
            76.4861534,
            9.723473
          ],
          [
            76.486135,
            9.7233867
          ],
          [
            76.486119,
            9.7233121
          ],
          [
            76.4860913,
            9.723206
          ],
          [
            76.486073,
            9.7231358
          ],
          [
            76.4860484,
            9.7230413
          ],
          [
            76.4860345,
            9.722988
          ],
          [
            76.4860225,
            9.722942
          ],
          [
            76.4860466,
            9.7228442
          ],
          [
            76.4860117,
            9.7226961
          ],
          [
            76.4861351,
            9.7224502
          ],
          [
            76.4862826,
            9.7222652
          ],
          [
            76.4865133,
            9.7219506
          ],
          [
            76.4866957,
            9.7215012
          ],
          [
            76.486854,
            9.721102
          ],
          [
            76.4872402,
            9.7203829
          ],
          [
            76.4874762,
            9.7196849
          ],
          [
            76.487745,
            9.71911
          ],
          [
            76.4877605,
            9.7190769
          ],
          [
            76.4881682,
            9.7183895
          ],
          [
            76.4886081,
            9.7177868
          ],
          [
            76.4891231,
            9.7171734
          ],
          [
            76.4895093,
            9.7167187
          ],
          [
            76.4899519,
            9.7160102
          ],
          [
            76.4902335,
            9.7156163
          ],
          [
            76.4905178,
            9.7152699
          ],
          [
            76.4911026,
            9.7146883
          ],
          [
            76.4917919,
            9.7141648
          ],
          [
            76.4921674,
            9.713919
          ],
          [
            76.49261,
            9.713718
          ],
          [
            76.4930123,
            9.7132898
          ],
          [
            76.4932671,
            9.7128747
          ],
          [
            76.4934736,
            9.7125442
          ],
          [
            76.4936587,
            9.7121397
          ],
          [
            76.4936936,
            9.7119361
          ],
          [
            76.4942944,
            9.7118912
          ],
          [
            76.494796,
            9.7119071
          ],
          [
            76.4951473,
            9.7119758
          ],
          [
            76.4956275,
            9.7123248
          ],
          [
            76.4961639,
            9.7122428
          ],
          [
            76.4967969,
            9.7120207
          ],
          [
            76.4973575,
            9.7118357
          ],
          [
            76.4980361,
            9.7117326
          ],
          [
            76.4983754,
            9.7116946
          ],
          [
            76.4989233,
            9.7114333
          ],
          [
            76.4992053,
            9.7113521
          ],
          [
            76.4993504,
            9.7113519
          ],
          [
            76.4994884,
            9.71143
          ],
          [
            76.499559,
            9.7114505
          ],
          [
            76.499628,
            9.7114221
          ],
          [
            76.4999646,
            9.7112222
          ],
          [
            76.5003669,
            9.7110188
          ],
          [
            76.5007585,
            9.710839
          ],
          [
            76.5011796,
            9.7106539
          ],
          [
            76.5014328,
            9.7106237
          ],
          [
            76.5016391,
            9.7106099
          ],
          [
            76.5017275,
            9.7105945
          ],
          [
            76.5017543,
            9.7105808
          ],
          [
            76.5017683,
            9.7105616
          ],
          [
            76.5017964,
            9.7105123
          ],
          [
            76.501767,
            9.7102679
          ],
          [
            76.5018558,
            9.7101641
          ],
          [
            76.502108,
            9.7101034
          ],
          [
            76.5021564,
            9.7101699
          ],
          [
            76.5022142,
            9.7103353
          ],
          [
            76.5022676,
            9.710423
          ],
          [
            76.502392,
            9.7105614
          ],
          [
            76.5028211,
            9.7108496
          ],
          [
            76.5032476,
            9.7112699
          ],
          [
            76.5034085,
            9.7114946
          ],
          [
            76.5034622,
            9.7120287
          ],
          [
            76.5036392,
            9.7124094
          ],
          [
            76.5039074,
            9.7126685
          ],
          [
            76.5042776,
            9.7131073
          ],
          [
            76.5044814,
            9.7135515
          ],
          [
            76.5045994,
            9.7140274
          ],
          [
            76.5046124,
            9.7142381
          ],
          [
            76.5046209,
            9.7143763
          ],
          [
            76.5047393,
            9.7144657
          ],
          [
            76.505034,
            9.7146883
          ],
          [
            76.5053827,
            9.7148919
          ],
          [
            76.5055785,
            9.7150769
          ],
          [
            76.5057716,
            9.7153519
          ],
          [
            76.5059781,
            9.7156348
          ],
          [
            76.5061122,
            9.7157987
          ],
          [
            76.5062544,
            9.716108
          ],
          [
            76.5063348,
            9.7165574
          ],
          [
            76.5063885,
            9.7170597
          ],
          [
            76.5063649,
            9.7174108
          ],
          [
            76.5063482,
            9.7176599
          ],
          [
            76.506536,
            9.7185217
          ],
          [
            76.5066727,
            9.7191606
          ],
          [
            76.5067023,
            9.719299
          ],
          [
            76.5068552,
            9.7201661
          ],
          [
            76.5069839,
            9.720827
          ],
          [
            76.5070564,
            9.721369
          ],
          [
            76.5070542,
            9.7214151
          ],
          [
            76.5070346,
            9.72182
          ],
          [
            76.5070295,
            9.7219242
          ],
          [
            76.5069705,
            9.7223657
          ],
          [
            76.5069308,
            9.7225975
          ],
          [
            76.5068981,
            9.7227886
          ],
          [
            76.5069303,
            9.7232169
          ],
          [
            76.50711,
            9.723624
          ],
          [
            76.5072978,
            9.7240497
          ],
          [
            76.5075123,
            9.7244621
          ],
          [
            76.5076143,
            9.724819
          ],
          [
            76.5075418,
            9.725242
          ],
          [
            76.5074993,
            9.7253692
          ],
          [
            76.5073863,
            9.7257073
          ],
          [
            76.5073219,
            9.7261778
          ],
          [
            76.5073273,
            9.7267356
          ],
          [
            76.5073353,
            9.727312
          ],
          [
            76.5073541,
            9.727809
          ],
          [
            76.507279,
            9.7282187
          ],
          [
            76.5071824,
            9.7286153
          ],
          [
            76.5073407,
            9.7288373
          ],
          [
            76.5074426,
            9.729062
          ],
          [
            76.5073836,
            9.7294956
          ],
          [
            76.507338,
            9.7299001
          ],
          [
            76.5073433,
            9.7302808
          ],
          [
            76.507484,
            9.7307049
          ]
        ]
      }
    },
    {
      "type": "Feature",
      "properties": {
        "name": "Unclassified Road",
        "highway": "unclassified",
        "surface": "asphalt",
        "osm_id": 616555516
      },
      "geometry": {
        "type": "LineString",
        "coordinates": [
          [
            76.4805749,
            9.7010912
          ],
          [
            76.4808726,
            9.7014852
          ],
          [
            76.481165,
            9.7019796
          ],
          [
            76.4815405,
            9.7025744
          ],
          [
            76.4816147,
            9.7026987
          ],
          [
            76.481688,
            9.7028679
          ],
          [
            76.4817417,
            9.7033041
          ],
          [
            76.4818302,
            9.7037853
          ],
          [
            76.4819375,
            9.7042665
          ],
          [
            76.4820313,
            9.7046023
          ]
        ]
      }
    },
    {
      "type": "Feature",
      "properties": {
        "name": "Valyara - Punnappozhi Road",
        "highway": "unclassified",
        "surface": "asphalt",
        "osm_id": 616555517
      },
      "geometry": {
        "type": "LineString",
        "coordinates": [
          [
            76.4325469,
            9.6876694
          ],
          [
            76.4325754,
            9.6878545
          ],
          [
            76.4325687,
            9.6879775
          ],
          [
            76.4325607,
            9.68807
          ],
          [
            76.4325111,
            9.6882961
          ],
          [
            76.4324185,
            9.6885314
          ],
          [
            76.4323649,
            9.6887429
          ],
          [
            76.4322254,
            9.6892016
          ],
          [
            76.4321101,
            9.6896484
          ],
          [
            76.4320618,
            9.6899472
          ],
          [
            76.4320242,
            9.6901191
          ],
          [
            76.4319491,
            9.6903491
          ],
          [
            76.4319277,
            9.6906029
          ],
          [
            76.431933,
            9.6908144
          ],
          [
            76.4318633,
            9.6913696
          ],
          [
            76.4317346,
            9.6919566
          ],
          [
            76.4314395,
            9.6935747
          ]
        ]
      }
    },
    {
      "type": "Feature",
      "properties": {
        "name": "Secondary Road",
        "highway": "secondary",
        "surface": "asphalt",
        "osm_id": 616555518
      },
      "geometry": {
        "type": "LineString",
        "coordinates": [
          [
            76.4274292,
            9.6700959
          ],
          [
            76.4281002,
            9.6701091
          ],
          [
            76.4288592,
            9.670125
          ],
          [
            76.4296102,
            9.6701276
          ],
          [
            76.4303908,
            9.6701435
          ],
          [
            76.4311606,
            9.6701726
          ],
          [
            76.4313492,
            9.6701957
          ],
          [
            76.4313749,
            9.6701988
          ]
        ]
      }
    },
    {
      "type": "Feature",
      "properties": {
        "name": "Tertiary Road",
        "highway": "tertiary",
        "surface": "asphalt",
        "osm_id": 616555519
      },
      "geometry": {
        "type": "LineString",
        "coordinates": [
          [
            76.424383,
            9.6627049
          ],
          [
            76.4241985,
            9.6626908
          ],
          [
            76.423907,
            9.6626367
          ],
          [
            76.4235555,
            9.6626103
          ],
          [
            76.4234499,
            9.6626191
          ],
          [
            76.4233166,
            9.6625898
          ],
          [
            76.4231744,
            9.6625421
          ],
          [
            76.4229517,
            9.6624746
          ],
          [
            76.4225907,
            9.6624113
          ],
          [
            76.4224696,
            9.6624004
          ],
          [
            76.4218855,
            9.6623342
          ],
          [
            76.4217268,
            9.6623132
          ]
        ]
      }
    },
    {
      "type": "Feature",
      "properties": {
        "name": "Unclassified Road",
        "highway": "unclassified",
        "surface": "asphalt",
        "osm_id": 616566037
      },
      "geometry": {
        "type": "LineString",
        "coordinates": [
          [
            76.502108,
            9.7101034
          ],
          [
            76.5021456,
            9.7100632
          ],
          [
            76.5021572,
            9.7100265
          ],
          [
            76.5021194,
            9.7098397
          ],
          [
            76.501997,
            9.7094324
          ],
          [
            76.5019923,
            9.709259
          ],
          [
            76.5020039,
            9.7092002
          ],
          [
            76.5020518,
            9.7091573
          ],
          [
            76.5024315,
            9.709067
          ],
          [
            76.5027934,
            9.7090268
          ],
          [
            76.5030802,
            9.7090488
          ],
          [
            76.503175,
            9.7090582
          ],
          [
            76.5032249,
            9.7090493
          ],
          [
            76.5032558,
            9.7090153
          ],
          [
            76.5032767,
            9.708593
          ],
          [
            76.5032828,
            9.7084169
          ],
          [
            76.5033072,
            9.7081523
          ],
          [
            76.5033147,
            9.7080709
          ],
          [
            76.503363,
            9.7076426
          ],
          [
            76.5033871,
            9.7072038
          ],
          [
            76.5034112,
            9.7066988
          ],
          [
            76.5034622,
            9.7062414
          ],
          [
            76.50354,
            9.705784
          ],
          [
            76.5035963,
            9.7053795
          ],
          [
            76.5036204,
            9.704975
          ],
          [
            76.5036504,
            9.7044966
          ],
          [
            76.5036687,
            9.7042215
          ],
          [
            76.5036821,
            9.7038884
          ],
          [
            76.5037116,
            9.7035024
          ],
          [
            76.5038028,
            9.7031006
          ],
          [
            76.503945,
            9.7026723
          ],
          [
            76.5041086,
            9.7023338
          ],
          [
            76.5042044,
            9.7021
          ]
        ]
      }
    },
    {
      "type": "Feature",
      "properties": {
        "name": "Unclassified Road",
        "highway": "unclassified",
        "surface": "asphalt",
        "osm_id": 616566038
      },
      "geometry": {
        "type": "LineString",
        "coordinates": [
          [
            76.4981927,
            9.7070483
          ],
          [
            76.4987576,
            9.7073227
          ],
          [
            76.4991465,
            9.707566
          ],
          [
            76.4995435,
            9.7077457
          ],
          [
            76.4997822,
            9.7081027
          ],
          [
            76.5000772,
            9.7085468
          ],
          [
            76.500111,
            9.7085976
          ],
          [
            76.5003481,
            9.708954
          ],
          [
            76.5006968,
            9.7092448
          ],
          [
            76.5011555,
            9.7095885
          ],
          [
            76.5017107,
            9.7099401
          ],
          [
            76.5019479,
            9.7100735
          ],
          [
            76.502108,
            9.7101034
          ]
        ]
      }
    },
    {
      "type": "Feature",
      "properties": {
        "name": "Vechoor Church Rd",
        "highway": "unclassified",
        "surface": "asphalt",
        "osm_id": 618696409
      },
      "geometry": {
        "type": "LineString",
        "coordinates": [
          [
            76.4155289,
            9.6689
          ],
          [
            76.4154446,
            9.6688842
          ],
          [
            76.4151697,
            9.6688449
          ],
          [
            76.4148182,
            9.6689519
          ],
          [
            76.4142699,
            9.6691031
          ],
          [
            76.4141305,
            9.6691423
          ],
          [
            76.4139608,
            9.6691833
          ],
          [
            76.4137905,
            9.6691824
          ],
          [
            76.4136328,
            9.6691399
          ],
          [
            76.4135015,
            9.669094
          ],
          [
            76.41316,
            9.6689412
          ],
          [
            76.412917,
            9.6688196
          ],
          [
            76.4123828,
            9.6685179
          ],
          [
            76.4122028,
            9.6684252
          ],
          [
            76.412137,
            9.6684028
          ],
          [
            76.4118998,
            9.6683517
          ],
          [
            76.4116477,
            9.6683062
          ],
          [
            76.4113806,
            9.6682748
          ],
          [
            76.4111862,
            9.6682479
          ],
          [
            76.4109993,
            9.6682007
          ],
          [
            76.4108156,
            9.6681619
          ],
          [
            76.4105495,
            9.6681149
          ],
          [
            76.4104682,
            9.6681006
          ],
          [
            76.4102725,
            9.6680702
          ],
          [
            76.4099043,
            9.6679366
          ],
          [
            76.4096358,
            9.6678087
          ],
          [
            76.4095653,
            9.6677483
          ],
          [
            76.4095115,
            9.6676861
          ],
          [
            76.409483,
            9.6675866
          ],
          [
            76.4094021,
            9.6674191
          ],
          [
            76.4092954,
            9.6672603
          ],
          [
            76.409242,
            9.6672139
          ],
          [
            76.4091294,
            9.6671764
          ],
          [
            76.4090122,
            9.6671628
          ],
          [
            76.4088913,
            9.6671438
          ],
          [
            76.4086219,
            9.6671109
          ],
          [
            76.4084285,
            9.6670762
          ]
        ]
      }
    },
    {
      "type": "Feature",
      "properties": {
        "name": "Residential Road",
        "highway": "residential",
        "surface": "asphalt",
        "osm_id": 619831010
      },
      "geometry": {
        "type": "LineString",
        "coordinates": [
          [
            76.410699,
            9.7080838
          ],
          [
            76.4104543,
            9.7080938
          ],
          [
            76.4101549,
            9.7081129
          ],
          [
            76.4098548,
            9.7081602
          ],
          [
            76.4096788,
            9.7082098
          ],
          [
            76.409491,
            9.7083433
          ],
          [
            76.4093032,
            9.7084278
          ],
          [
            76.4091263,
            9.7084516
          ],
          [
            76.4088473,
            9.7084199
          ],
          [
            76.408571,
            9.7083366
          ],
          [
            76.4084262,
            9.7083036
          ],
          [
            76.4082009,
            9.7083089
          ],
          [
            76.4079058,
            9.7083406
          ],
          [
            76.4072728,
            9.7084464
          ]
        ]
      }
    },
    {
      "type": "Feature",
      "properties": {
        "name": "Kapickad Mundar Road",
        "highway": "secondary",
        "surface": "asphalt",
        "osm_id": 620781699
      },
      "geometry": {
        "type": "LineString",
        "coordinates": [
          [
            76.4195743,
            9.7351032
          ],
          [
            76.4200311,
            9.7351529
          ]
        ]
      }
    },
    {
      "type": "Feature",
      "properties": {
        "name": "Vakkethara - Thottakam Road",
        "highway": "secondary",
        "surface": "asphalt",
        "osm_id": 620781700
      },
      "geometry": {
        "type": "LineString",
        "coordinates": [
          [
            76.4134201,
            9.7367439
          ],
          [
            76.413909,
            9.736789
          ],
          [
            76.4142013,
            9.7368012
          ],
          [
            76.4144194,
            9.7368342
          ],
          [
            76.4146161,
            9.7368506
          ],
          [
            76.4147526,
            9.7368462
          ],
          [
            76.4148693,
            9.7368417
          ],
          [
            76.4150224,
            9.7368289
          ],
          [
            76.4154079,
            9.7368091
          ],
          [
            76.4158278,
            9.7368475
          ],
          [
            76.4158532,
            9.7368197
          ],
          [
            76.4158787,
            9.7367734
          ],
          [
            76.4159028,
            9.736706
          ],
          [
            76.4159309,
            9.736398
          ],
          [
            76.4159404,
            9.7360742
          ],
          [
            76.4159601,
            9.7358086
          ],
          [
            76.41599,
            9.7357622
          ],
          [
            76.4160409,
            9.7357107
          ],
          [
            76.4160798,
            9.7357041
          ],
          [
            76.4166513,
            9.7357592
          ],
          [
            76.4172116,
            9.7357377
          ],
          [
            76.4176302,
            9.7357887
          ],
          [
            76.4176543,
            9.7357808
          ],
          [
            76.4176798,
            9.7357557
          ],
          [
            76.4176897,
            9.7357154
          ],
          [
            76.417712,
            9.7356129
          ],
          [
            76.4177495,
            9.7353367
          ],
          [
            76.4178474,
            9.7352124
          ],
          [
            76.4179253,
            9.7351331
          ],
          [
            76.4180043,
            9.7350881
          ],
          [
            76.4180479,
            9.7350672
          ],
          [
            76.4181089,
            9.735071
          ],
          [
            76.4185781,
            9.7352435
          ],
          [
            76.4188787,
            9.7353872
          ],
          [
            76.4189431,
            9.7354199
          ],
          [
            76.4189766,
            9.7354318
          ],
          [
            76.4190115,
            9.7354199
          ],
          [
            76.4190531,
            9.7353776
          ],
          [
            76.4190812,
            9.7353737
          ],
          [
            76.4191107,
            9.7353869
          ],
          [
            76.4192386,
            9.7354337
          ],
          [
            76.4192623,
            9.7354424
          ],
          [
            76.4192972,
            9.7354424
          ],
          [
            76.41932,
            9.7354265
          ],
          [
            76.4193293,
            9.7353975
          ],
          [
            76.4193669,
            9.7351741
          ],
          [
            76.4194071,
            9.7351265
          ],
          [
            76.4194542,
            9.735108
          ],
          [
            76.4195743,
            9.7351032
          ]
        ]
      }
    },
    {
      "type": "Feature",
      "properties": {
        "name": "Residential Road",
        "highway": "residential",
        "surface": "asphalt",
        "osm_id": 620781706
      },
      "geometry": {
        "type": "LineString",
        "coordinates": [
          [
            76.4126721,
            9.7395412
          ],
          [
            76.4124683,
            9.7402471
          ],
          [
            76.412267,
            9.7408022
          ],
          [
            76.4122,
            9.7410362
          ],
          [
            76.4120888,
            9.7415596
          ],
          [
            76.4119881,
            9.7419931
          ],
          [
            76.4119304,
            9.7423857
          ],
          [
            76.4118098,
            9.7429646
          ],
          [
            76.4117508,
            9.7432554
          ],
          [
            76.41172,
            9.7435673
          ],
          [
            76.4116783,
            9.7436797
          ],
          [
            76.4116341,
            9.7437788
          ],
          [
            76.4114745,
            9.7440894
          ],
          [
            76.4114383,
            9.7442428
          ],
          [
            76.4113927,
            9.7444
          ],
          [
            76.4113874,
            9.7445442
          ],
          [
            76.4114249,
            9.7447331
          ],
          [
            76.4115053,
            9.7448494
          ],
          [
            76.4116582,
            9.7450451
          ],
          [
            76.4116958,
            9.7452301
          ],
          [
            76.4117065,
            9.7453993
          ],
          [
            76.4117106,
            9.7457655
          ]
        ]
      }
    },
    {
      "type": "Feature",
      "properties": {
        "name": "Residential Road",
        "highway": "residential",
        "surface": "asphalt",
        "osm_id": 620781707
      },
      "geometry": {
        "type": "LineString",
        "coordinates": [
          [
            76.4180479,
            9.7350672
          ],
          [
            76.4180969,
            9.7348608
          ],
          [
            76.418121,
            9.7347577
          ],
          [
            76.4181693,
            9.7346744
          ],
          [
            76.4182069,
            9.7345938
          ],
          [
            76.4182484,
            9.7344457
          ],
          [
            76.4182685,
            9.7343043
          ],
          [
            76.4182752,
            9.7340532
          ]
        ]
      }
    },
    {
      "type": "Feature",
      "properties": {
        "name": "Residential Road",
        "highway": "residential",
        "surface": "asphalt",
        "osm_id": 620781708
      },
      "geometry": {
        "type": "LineString",
        "coordinates": [
          [
            76.4183288,
            9.7359618
          ],
          [
            76.4185781,
            9.7352435
          ]
        ]
      }
    },
    {
      "type": "Feature",
      "properties": {
        "name": "Residential Road",
        "highway": "residential",
        "surface": "asphalt",
        "osm_id": 620783043
      },
      "geometry": {
        "type": "LineString",
        "coordinates": [
          [
            76.4140471,
            9.7333741
          ],
          [
            76.4141755,
            9.7332377
          ],
          [
            76.4143753,
            9.7331412
          ],
          [
            76.4144437,
            9.7330988
          ],
          [
            76.4144773,
            9.7330949
          ],
          [
            76.4145416,
            9.7330975
          ],
          [
            76.4145845,
            9.7331067
          ],
          [
            76.414614,
            9.7330962
          ],
          [
            76.4146341,
            9.7330843
          ],
          [
            76.4147025,
            9.7329891
          ],
          [
            76.4147307,
            9.7329601
          ],
          [
            76.414775,
            9.7329416
          ],
          [
            76.4148125,
            9.7329375
          ],
          [
            76.4155246,
            9.7330195
          ]
        ]
      }
    },
    {
      "type": "Feature",
      "properties": {
        "name": "Residential Road",
        "highway": "residential",
        "surface": "asphalt",
        "osm_id": 620786551
      },
      "geometry": {
        "type": "LineString",
        "coordinates": [
          [
            76.4196773,
            9.6950304
          ],
          [
            76.4209202,
            9.6949297
          ],
          [
            76.4222697,
            9.6949358
          ]
        ]
      }
    },
    {
      "type": "Feature",
      "properties": {
        "name": "Residential Road",
        "highway": "residential",
        "surface": "asphalt",
        "osm_id": 620786552
      },
      "geometry": {
        "type": "LineString",
        "coordinates": [
          [
            76.4302183,
            9.7067017
          ],
          [
            76.4295298,
            9.7067147
          ],
          [
            76.428955,
            9.7067428
          ],
          [
            76.4285752,
            9.7067896
          ],
          [
            76.4280719,
            9.7067522
          ],
          [
            76.4277585,
            9.706696
          ],
          [
            76.4270463,
            9.7067334
          ],
          [
            76.4265336,
            9.7067241
          ],
          [
            76.4259353,
            9.7066866
          ],
          [
            76.425508,
            9.7066024
          ],
          [
            76.4251092,
            9.706565
          ],
          [
            76.4245869,
            9.7065837
          ],
          [
            76.4241786,
            9.7066679
          ],
          [
            76.4237703,
            9.7067054
          ],
          [
            76.4233835,
            9.7066701
          ]
        ]
      }
    },
    {
      "type": "Feature",
      "properties": {
        "name": "Residential Road",
        "highway": "residential",
        "surface": "asphalt",
        "osm_id": 620786553
      },
      "geometry": {
        "type": "LineString",
        "coordinates": [
          [
            76.4261556,
            9.6950606
          ],
          [
            76.4261448,
            9.6960467
          ],
          [
            76.4261234,
            9.6963111
          ],
          [
            76.4260536,
            9.6965887
          ],
          [
            76.4259651,
            9.6968505
          ],
          [
            76.425831,
            9.6973581
          ],
          [
            76.4257452,
            9.6979662
          ]
        ]
      }
    },
    {
      "type": "Feature",
      "properties": {
        "name": "Residential Road",
        "highway": "residential",
        "surface": "asphalt",
        "osm_id": 620786554
      },
      "geometry": {
        "type": "LineString",
        "coordinates": [
          [
            76.4288324,
            9.7000707
          ],
          [
            76.428878,
            9.6998235
          ],
          [
            76.4289008,
            9.6996292
          ],
          [
            76.4289008,
            9.6995247
          ],
          [
            76.4289223,
            9.6993674
          ],
          [
            76.4289598,
            9.6992802
          ],
          [
            76.4290872,
            9.6991401
          ],
          [
            76.4291704,
            9.6989338
          ],
          [
            76.429224,
            9.698643
          ],
          [
            76.4294332,
            9.6979001
          ],
          [
            76.4296719,
            9.6968267
          ],
          [
            76.4297497,
            9.6964195
          ],
          [
            76.429849,
            9.6961816
          ],
          [
            76.429975,
            9.6959859
          ],
          [
            76.4300394,
            9.6958246
          ],
          [
            76.430085,
            9.6957294
          ]
        ]
      }
    },
    {
      "type": "Feature",
      "properties": {
        "name": "Residential Road",
        "highway": "residential",
        "surface": "asphalt",
        "osm_id": 620786555
      },
      "geometry": {
        "type": "LineString",
        "coordinates": [
          [
            76.4283928,
            9.7014463
          ],
          [
            76.4288405,
            9.7013054
          ],
          [
            76.4292213,
            9.7012604
          ],
          [
            76.4293581,
            9.7012643
          ],
          [
            76.4296371,
            9.7012604
          ],
          [
            76.4302379,
            9.7012578
          ]
        ]
      }
    },
    {
      "type": "Feature",
      "properties": {
        "name": "Residential Road",
        "highway": "residential",
        "surface": "asphalt",
        "osm_id": 620786556
      },
      "geometry": {
        "type": "LineString",
        "coordinates": [
          [
            76.4268342,
            9.7001051
          ],
          [
            76.427002,
            9.700102
          ],
          [
            76.427305,
            9.7000892
          ]
        ]
      }
    },
    {
      "type": "Feature",
      "properties": {
        "name": "Residential Road",
        "highway": "residential",
        "surface": "asphalt",
        "osm_id": 620786557
      },
      "geometry": {
        "type": "LineString",
        "coordinates": [
          [
            76.4283095,
            9.7028348
          ],
          [
            76.4282691,
            9.702355
          ],
          [
            76.4282906,
            9.7019796
          ],
          [
            76.4283416,
            9.7016068
          ],
          [
            76.4283928,
            9.7014463
          ],
          [
            76.4284328,
            9.7013212
          ],
          [
            76.4285883,
            9.7010727
          ],
          [
            76.428709,
            9.7008268
          ],
          [
            76.4287519,
            9.7006497
          ],
          [
            76.4287895,
            9.7004699
          ],
          [
            76.4288351,
            9.7002531
          ],
          [
            76.4288431,
            9.7001447
          ],
          [
            76.4288324,
            9.7000707
          ],
          [
            76.4287171,
            9.7000363
          ],
          [
            76.428481,
            9.7000337
          ],
          [
            76.4282557,
            9.6999993
          ],
          [
            76.4279875,
            9.699957
          ],
          [
            76.4277823,
            9.6999068
          ],
          [
            76.4276965,
            9.6998896
          ],
          [
            76.4276348,
            9.6999121
          ],
          [
            76.427608,
            9.6999425
          ],
          [
            76.4275543,
            9.7000337
          ],
          [
            76.4275087,
            9.700076
          ],
          [
            76.4274752,
            9.7000852
          ],
          [
            76.4274283,
            9.7000852
          ],
          [
            76.427305,
            9.7000892
          ]
        ]
      }
    },
    {
      "type": "Feature",
      "properties": {
        "name": "Residential Road",
        "highway": "residential",
        "surface": "asphalt",
        "osm_id": 620786558
      },
      "geometry": {
        "type": "LineString",
        "coordinates": [
          [
            76.4201175,
            9.7019958
          ],
          [
            76.4203929,
            9.7020311
          ],
          [
            76.4205758,
            9.7020862
          ],
          [
            76.4207739,
            9.7021913
          ],
          [
            76.420972,
            9.7023115
          ],
          [
            76.4212224,
            9.7023908
          ],
          [
            76.421522,
            9.7024173
          ],
          [
            76.4216924,
            9.7024079
          ],
          [
            76.4218238,
            9.7023999
          ],
          [
            76.4220357,
            9.7024475
          ],
          [
            76.422261,
            9.7024951
          ],
          [
            76.422357,
            9.7024985
          ],
          [
            76.4224756,
            9.7024898
          ]
        ]
      }
    },
    {
      "type": "Feature",
      "properties": {
        "name": "Residential Road",
        "highway": "residential",
        "surface": "asphalt",
        "osm_id": 620786559
      },
      "geometry": {
        "type": "LineString",
        "coordinates": [
          [
            76.4298087,
            9.6926229
          ],
          [
            76.4305115,
            9.6897674
          ],
          [
            76.430541,
            9.6896154
          ],
          [
            76.4305302,
            9.6895625
          ],
          [
            76.4304994,
            9.6895347
          ],
          [
            76.4304471,
            9.6895268
          ],
          [
            76.4299804,
            9.6895149
          ],
          [
            76.4299053,
            9.6894819
          ],
          [
            76.4298812,
            9.6894237
          ],
          [
            76.4298771,
            9.6893682
          ],
          [
            76.4298852,
            9.6892915
          ],
          [
            76.4300716,
            9.6885671
          ],
          [
            76.4301778,
            9.6878239
          ]
        ]
      }
    },
    {
      "type": "Feature",
      "properties": {
        "name": "Residential Road",
        "highway": "residential",
        "surface": "asphalt",
        "osm_id": 620786560
      },
      "geometry": {
        "type": "LineString",
        "coordinates": [
          [
            76.430199,
            9.6951266
          ],
          [
            76.4301574,
            9.6948385
          ],
          [
            76.4301413,
            9.6946957
          ],
          [
            76.4301494,
            9.6945952
          ],
          [
            76.4302298,
            9.6943044
          ],
          [
            76.4303854,
            9.6940162
          ],
          [
            76.4304417,
            9.6938285
          ],
          [
            76.430482,
            9.6935932
          ],
          [
            76.4305142,
            9.6935244
          ],
          [
            76.4305598,
            9.6934795
          ],
          [
            76.4306,
            9.693461
          ],
          [
            76.4314395,
            9.6935747
          ],
          [
            76.4323944,
            9.6937227
          ]
        ]
      }
    },
    {
      "type": "Feature",
      "properties": {
        "name": "Puthenpalam - Punnapuzhi Road",
        "highway": "tertiary",
        "surface": "asphalt",
        "osm_id": 620786561
      },
      "geometry": {
        "type": "LineString",
        "coordinates": [
          [
            76.4197282,
            9.6934161
          ],
          [
            76.4202182,
            9.6933655
          ],
          [
            76.4206946,
            9.6934795
          ],
          [
            76.4227792,
            9.6936764
          ],
          [
            76.4234841,
            9.6937597
          ],
          [
            76.4237791,
            9.6938073
          ],
          [
            76.425426,
            9.6947327
          ],
          [
            76.4258337,
            9.6949389
          ],
          [
            76.4259723,
            9.6949913
          ],
          [
            76.4261556,
            9.6950606
          ],
          [
            76.4264345,
            9.6951134
          ],
          [
            76.4267547,
            9.6951422
          ],
          [
            76.427384,
            9.695235
          ],
          [
            76.4281726,
            9.6953514
          ],
          [
            76.430085,
            9.6957294
          ],
          [
            76.4324413,
            9.6961033
          ],
          [
            76.4332032,
            9.6962108
          ]
        ]
      }
    },
    {
      "type": "Feature",
      "properties": {
        "name": "Residential Road",
        "highway": "residential",
        "surface": "asphalt",
        "osm_id": 620786562
      },
      "geometry": {
        "type": "LineString",
        "coordinates": [
          [
            76.4281726,
            9.6953514
          ],
          [
            76.4281082,
            9.6959119
          ],
          [
            76.4280224,
            9.6964248
          ],
          [
            76.4278883,
            9.6969959
          ],
          [
            76.4276951,
            9.6975775
          ],
          [
            76.427604,
            9.6980164
          ],
          [
            76.427305,
            9.7000892
          ],
          [
            76.4272821,
            9.7002478
          ],
          [
            76.4272231,
            9.7011891
          ],
          [
            76.4271748,
            9.7019928
          ],
          [
            76.4271533,
            9.7026167
          ]
        ]
      }
    },
    {
      "type": "Feature",
      "properties": {
        "name": "Unclassified Road",
        "highway": "unclassified",
        "surface": "asphalt",
        "osm_id": 620834963
      },
      "geometry": {
        "type": "LineString",
        "coordinates": [
          [
            76.43587,
            9.6851407
          ],
          [
            76.4358651,
            9.6855106
          ],
          [
            76.4358544,
            9.685738
          ],
          [
            76.4358437,
            9.6859231
          ],
          [
            76.4357364,
            9.6865471
          ],
          [
            76.4355943,
            9.6881387
          ],
          [
            76.4355688,
            9.6885684
          ],
          [
            76.4355232,
            9.6891038
          ],
          [
            76.4354655,
            9.6896392
          ],
          [
            76.4354414,
            9.6901164
          ],
          [
            76.4353609,
            9.6909651
          ],
          [
            76.435322,
            9.6911899
          ],
          [
            76.4353247,
            9.6912546
          ],
          [
            76.4353529,
            9.6913115
          ],
          [
            76.4353958,
            9.69133
          ],
          [
            76.4355004,
            9.6913445
          ],
          [
            76.43704,
            9.6912797
          ],
          [
            76.4382711,
            9.6913749
          ],
          [
            76.438829,
            9.6914305
          ]
        ]
      }
    },
    {
      "type": "Feature",
      "properties": {
        "name": "Residential Road",
        "highway": "residential",
        "surface": "asphalt",
        "osm_id": 620834965
      },
      "geometry": {
        "type": "LineString",
        "coordinates": [
          [
            76.4301789,
            9.6952338
          ],
          [
            76.430199,
            9.6951266
          ]
        ]
      }
    },
    {
      "type": "Feature",
      "properties": {
        "name": "Residential Road",
        "highway": "residential",
        "surface": "asphalt",
        "osm_id": 620834966
      },
      "geometry": {
        "type": "LineString",
        "coordinates": [
          [
            76.430085,
            9.6957294
          ],
          [
            76.4301789,
            9.6952338
          ]
        ]
      }
    },
    {
      "type": "Feature",
      "properties": {
        "name": "Unclassified Road",
        "highway": "unclassified",
        "surface": "asphalt",
        "osm_id": 620834967
      },
      "geometry": {
        "type": "LineString",
        "coordinates": [
          [
            76.4260215,
            9.6946957
          ],
          [
            76.426055,
            9.6945939
          ]
        ]
      }
    },
    {
      "type": "Feature",
      "properties": {
        "name": "Unclassified Road",
        "highway": "unclassified",
        "surface": "asphalt",
        "osm_id": 620834968
      },
      "geometry": {
        "type": "LineString",
        "coordinates": [
          [
            76.4259723,
            9.6949913
          ],
          [
            76.4259812,
            9.6948543
          ],
          [
            76.4260215,
            9.6946957
          ]
        ]
      }
    },
    {
      "type": "Feature",
      "properties": {
        "name": "Tertiary Road",
        "highway": "tertiary",
        "surface": "asphalt",
        "osm_id": 622922022
      },
      "geometry": {
        "type": "LineString",
        "coordinates": [
          [
            76.4137335,
            9.6629125
          ],
          [
            76.4137177,
            9.6629975
          ],
          [
            76.4137048,
            9.6631684
          ],
          [
            76.4136579,
            9.6632825
          ],
          [
            76.4136023,
            9.6634087
          ],
          [
            76.4135308,
            9.6635456
          ],
          [
            76.4134597,
            9.6636262
          ],
          [
            76.4133522,
            9.6637076
          ],
          [
            76.4132488,
            9.6638029
          ],
          [
            76.4131656,
            9.6639192
          ],
          [
            76.412994,
            9.6639007
          ],
          [
            76.4128974,
            9.6638637
          ],
          [
            76.4127365,
            9.6638954
          ],
          [
            76.4125085,
            9.6640964
          ],
          [
            76.4123275,
            9.6642957
          ],
          [
            76.4122707,
            9.6644261
          ],
          [
            76.4122464,
            9.6645405
          ],
          [
            76.4122299,
            9.6647299
          ],
          [
            76.4121947,
            9.664932
          ],
          [
            76.4121276,
            9.6651408
          ],
          [
            76.4120015,
            9.6652545
          ],
          [
            76.411945,
            9.6652676
          ],
          [
            76.4119104,
            9.6652757
          ],
          [
            76.41157,
            9.6651608
          ],
          [
            76.4111456,
            9.6649924
          ],
          [
            76.4110333,
            9.6649504
          ],
          [
            76.4109402,
            9.6649449
          ],
          [
            76.4108526,
            9.6649398
          ],
          [
            76.4107803,
            9.6649628
          ],
          [
            76.4106014,
            9.6651312
          ],
          [
            76.4104243,
            9.6652657
          ],
          [
            76.4102741,
            9.6654441
          ],
          [
            76.4101186,
            9.665749
          ],
          [
            76.4100677,
            9.6659288
          ],
          [
            76.4100539,
            9.6660024
          ],
          [
            76.4099707,
            9.6660605
          ],
          [
            76.4098182,
            9.6660742
          ],
          [
            76.4096802,
            9.6662143
          ],
          [
            76.4094776,
            9.6663941
          ],
          [
            76.4093926,
            9.6664347
          ],
          [
            76.409273,
            9.6664494
          ],
          [
            76.4091279,
            9.6664475
          ],
          [
            76.408972,
            9.6664171
          ]
        ]
      }
    },
    {
      "type": "Feature",
      "properties": {
        "name": "Unclassified Road",
        "highway": "unclassified",
        "surface": "asphalt",
        "osm_id": 622927783
      },
      "geometry": {
        "type": "LineString",
        "coordinates": [
          [
            76.4300624,
            9.6318071
          ],
          [
            76.4295923,
            9.631784
          ],
          [
            76.4294339,
            9.6318036
          ],
          [
            76.4291422,
            9.6319427
          ],
          [
            76.4289851,
            9.632019
          ],
          [
            76.4284421,
            9.6322793
          ],
          [
            76.4278705,
            9.632518
          ],
          [
            76.4271631,
            9.6328134
          ],
          [
            76.4265348,
            9.6330602
          ],
          [
            76.426068,
            9.6332038
          ],
          [
            76.4254621,
            9.6334956
          ],
          [
            76.4249864,
            9.6337738
          ],
          [
            76.4243133,
            9.6341149
          ],
          [
            76.4241427,
            9.6341418
          ],
          [
            76.4238869,
            9.6341508
          ],
          [
            76.4237568,
            9.6341732
          ],
          [
            76.4233708,
            9.6341444
          ],
          [
            76.423138,
            9.6341486
          ],
          [
            76.4230304,
            9.6341455
          ],
          [
            76.4226803,
            9.6341431
          ],
          [
            76.4225568,
            9.6341736
          ],
          [
            76.422473,
            9.634222
          ],
          [
            76.4223975,
            9.6342993
          ],
          [
            76.422243,
            9.6346108
          ],
          [
            76.4222323,
            9.6346809
          ],
          [
            76.4222668,
            9.6347816
          ],
          [
            76.4223602,
            9.6348329
          ],
          [
            76.4223923,
            9.6348413
          ],
          [
            76.4226995,
            9.6349221
          ],
          [
            76.4228776,
            9.634995
          ],
          [
            76.4229852,
            9.6350184
          ],
          [
            76.4230991,
            9.6350078
          ]
        ]
      }
    },
    {
      "type": "Feature",
      "properties": {
        "name": "Unclassified Road",
        "highway": "unclassified",
        "surface": "asphalt",
        "osm_id": 622927784
      },
      "geometry": {
        "type": "LineString",
        "coordinates": [
          [
            76.4242893,
            9.6630938
          ],
          [
            76.4246144,
            9.6631443
          ],
          [
            76.4247461,
            9.6631694
          ],
          [
            76.4248859,
            9.6632047
          ],
          [
            76.4253152,
            9.6632382
          ],
          [
            76.4257018,
            9.6631943
          ],
          [
            76.4258696,
            9.6631655
          ],
          [
            76.4260063,
            9.6631793
          ],
          [
            76.4266306,
            9.6632646
          ],
          [
            76.4269926,
            9.6632874
          ],
          [
            76.427293,
            9.6633034
          ],
          [
            76.4276138,
            9.6633445
          ],
          [
            76.4277034,
            9.6633325
          ],
          [
            76.4277256,
            9.6633147
          ]
        ]
      }
    },
    {
      "type": "Feature",
      "properties": {
        "name": "Residential Road",
        "highway": "residential",
        "surface": "asphalt",
        "osm_id": 622927787
      },
      "geometry": {
        "type": "LineString",
        "coordinates": [
          [
            76.4172143,
            9.6601563
          ],
          [
            76.4172146,
            9.6600823
          ],
          [
            76.4172146,
            9.6599972
          ],
          [
            76.4172174,
            9.6599719
          ],
          [
            76.4172331,
            9.6599426
          ],
          [
            76.4173779,
            9.6598089
          ],
          [
            76.4175689,
            9.6596814
          ],
          [
            76.4176706,
            9.6596662
          ],
          [
            76.4177384,
            9.6596905
          ],
          [
            76.4178031,
            9.6596905
          ],
          [
            76.4178709,
            9.659654
          ],
          [
            76.4179787,
            9.6595507
          ],
          [
            76.4180958,
            9.659406
          ],
          [
            76.4182745,
            9.6592865
          ],
          [
            76.418398,
            9.6591972
          ],
          [
            76.4185276,
            9.6591265
          ],
          [
            76.4186011,
            9.6591286
          ],
          [
            76.4186579,
            9.6592039
          ],
          [
            76.4189253,
            9.6594309
          ],
          [
            76.4191453,
            9.6595386
          ],
          [
            76.4192085,
            9.6594723
          ],
          [
            76.4192525,
            9.6593907
          ],
          [
            76.4193364,
            9.6593257
          ],
          [
            76.4194052,
            9.6592638
          ],
          [
            76.419443,
            9.6591165
          ],
          [
            76.4194878,
            9.6590356
          ],
          [
            76.4195337,
            9.6590138
          ],
          [
            76.4196008,
            9.659039
          ],
          [
            76.4196997,
            9.6590643
          ],
          [
            76.4198619,
            9.6590619
          ],
          [
            76.4199461,
            9.6590607
          ],
          [
            76.4199998,
            9.659098
          ],
          [
            76.4200278,
            9.6591533
          ],
          [
            76.4201657,
            9.6591533
          ],
          [
            76.4202608,
            9.659116
          ],
          [
            76.420367,
            9.6590968
          ],
          [
            76.4205048,
            9.6590992
          ],
          [
            76.4205817,
            9.6590739
          ],
          [
            76.420628,
            9.659009
          ],
          [
            76.4206817,
            9.6589789
          ],
          [
            76.420986,
            9.6590365
          ]
        ]
      }
    },
    {
      "type": "Feature",
      "properties": {
        "name": "Residential Road",
        "highway": "residential",
        "surface": "asphalt",
        "osm_id": 622927789
      },
      "geometry": {
        "type": "LineString",
        "coordinates": [
          [
            76.4309559,
            9.6484337
          ],
          [
            76.4310744,
            9.6482796
          ],
          [
            76.4316336,
            9.6476146
          ],
          [
            76.431968,
            9.6472167
          ],
          [
            76.4323681,
            9.6467026
          ],
          [
            76.4326608,
            9.6461564
          ],
          [
            76.4326783,
            9.6459109
          ],
          [
            76.4327089,
            9.6455706
          ],
          [
            76.4327963,
            9.6453638
          ],
          [
            76.4328531,
            9.6447048
          ],
          [
            76.4330263,
            9.6439225
          ],
          [
            76.4329379,
            9.643491
          ],
          [
            76.4326731,
            9.6434065
          ],
          [
            76.4321976,
            9.6433202
          ],
          [
            76.4319483,
            9.6431761
          ],
          [
            76.4316119,
            9.6430662
          ],
          [
            76.4308476,
            9.6432531
          ],
          [
            76.4303541,
            9.6433485
          ]
        ]
      }
    },
    {
      "type": "Feature",
      "properties": {
        "name": "Residential Road",
        "highway": "residential",
        "surface": "asphalt",
        "osm_id": 622927790
      },
      "geometry": {
        "type": "LineString",
        "coordinates": [
          [
            76.4323582,
            9.6273531
          ],
          [
            76.4323991,
            9.6265555
          ],
          [
            76.43244,
            9.6260537
          ],
          [
            76.4325354,
            9.6255653
          ]
        ]
      }
    },
    {
      "type": "Feature",
      "properties": {
        "name": "Residential Road",
        "highway": "residential",
        "surface": "sett",
        "osm_id": 622927791
      },
      "geometry": {
        "type": "LineString",
        "coordinates": [
          [
            76.4249087,
            9.6317691
          ],
          [
            76.425883,
            9.6312379
          ],
          [
            76.4260545,
            9.6311349
          ],
          [
            76.4263412,
            9.6309664
          ],
          [
            76.4268965,
            9.6306486
          ],
          [
            76.427266,
            9.6304046
          ],
          [
            76.4276619,
            9.630176
          ],
          [
            76.4277731,
            9.6301117
          ]
        ]
      }
    },
    {
      "type": "Feature",
      "properties": {
        "name": "Residential Road",
        "highway": "residential",
        "surface": "asphalt",
        "osm_id": 622927793
      },
      "geometry": {
        "type": "LineString",
        "coordinates": [
          [
            76.4278705,
            9.632518
          ],
          [
            76.4276303,
            9.6318997
          ],
          [
            76.4275282,
            9.6316457
          ]
        ]
      }
    },
    {
      "type": "Feature",
      "properties": {
        "name": "Residential Road",
        "highway": "residential",
        "surface": "asphalt",
        "osm_id": 622927794
      },
      "geometry": {
        "type": "LineString",
        "coordinates": [
          [
            76.4258257,
            9.631924
          ],
          [
            76.4251284,
            9.6322846
          ],
          [
            76.4241103,
            9.6328761
          ],
          [
            76.4233468,
            9.6331628
          ],
          [
            76.4224379,
            9.6334137
          ],
          [
            76.4217652,
            9.6334854
          ],
          [
            76.4213731,
            9.633463
          ],
          [
            76.4211181,
            9.6334282
          ],
          [
            76.4210721,
            9.6334201
          ],
          [
            76.4209499,
            9.6333985
          ],
          [
            76.4206774,
            9.6333723
          ],
          [
            76.4202842,
            9.6332203
          ],
          [
            76.4202481,
            9.6331928
          ],
          [
            76.4200557,
            9.6330464
          ]
        ]
      }
    },
    {
      "type": "Feature",
      "properties": {
        "name": "Residential Road",
        "highway": "residential",
        "surface": "unpaved",
        "osm_id": 622927798
      },
      "geometry": {
        "type": "LineString",
        "coordinates": [
          [
            76.4262569,
            9.6413655
          ],
          [
            76.4257597,
            9.6416676
          ],
          [
            76.4245648,
            9.6428845
          ],
          [
            76.4237656,
            9.6436959
          ],
          [
            76.4229822,
            9.6444682
          ],
          [
            76.4223492,
            9.6449987
          ],
          [
            76.421856,
            9.6452968
          ],
          [
            76.421587,
            9.6454398
          ],
          [
            76.4214348,
            9.6454887
          ],
          [
            76.4213994,
            9.6455306
          ],
          [
            76.4213888,
            9.6455934
          ],
          [
            76.4213994,
            9.6458271
          ],
          [
            76.4213711,
            9.6458725
          ],
          [
            76.4213357,
            9.6459039
          ],
          [
            76.421272,
            9.6459248
          ],
          [
            76.4210243,
            9.6459562
          ],
          [
            76.4208508,
            9.6459562
          ],
          [
            76.4205783,
            9.6459353
          ],
          [
            76.4203447,
            9.6459074
          ],
          [
            76.4202563,
            9.6458341
          ],
          [
            76.4201996,
            9.6457643
          ],
          [
            76.4201607,
            9.6456492
          ],
          [
            76.420051,
            9.6451467
          ],
          [
            76.4199377,
            9.6447001
          ],
          [
            76.4196617,
            9.6438523
          ],
          [
            76.4195413,
            9.6434405
          ],
          [
            76.4193467,
            9.6431509
          ],
          [
            76.4193148,
            9.6429695
          ],
          [
            76.419283,
            9.6428125
          ],
          [
            76.4192653,
            9.642638
          ],
          [
            76.4192971,
            9.6422786
          ],
          [
            76.419329,
            9.6420693
          ],
          [
            76.4193962,
            9.6417971
          ],
          [
            76.4194512,
            9.6417079
          ]
        ]
      }
    },
    {
      "type": "Feature",
      "properties": {
        "name": "Residential Road",
        "highway": "residential",
        "surface": "asphalt",
        "osm_id": 622927799
      },
      "geometry": {
        "type": "LineString",
        "coordinates": [
          [
            76.4435731,
            9.6503835
          ],
          [
            76.4431131,
            9.6502983
          ],
          [
            76.4429613,
            9.650273
          ],
          [
            76.4426652,
            9.6502616
          ],
          [
            76.4421653,
            9.650181
          ],
          [
            76.4414108,
            9.6501272
          ],
          [
            76.4408655,
            9.6501631
          ],
          [
            76.4402928,
            9.6500286
          ],
          [
            76.4394929,
            9.649957
          ],
          [
            76.4389839,
            9.6498763
          ],
          [
            76.4387796,
            9.6499279
          ],
          [
            76.4386574,
            9.6501485
          ],
          [
            76.438584,
            9.6505394
          ],
          [
            76.4385567,
            9.6520359
          ],
          [
            76.438384,
            9.6525915
          ],
          [
            76.4378872,
            9.6536139
          ]
        ]
      }
    },
    {
      "type": "Feature",
      "properties": {
        "name": "Residential Road",
        "highway": "residential",
        "surface": "asphalt",
        "osm_id": 622927802
      },
      "geometry": {
        "type": "LineString",
        "coordinates": [
          [
            76.4223492,
            9.6449987
          ],
          [
            76.4226015,
            9.6451732
          ],
          [
            76.4233928,
            9.645493
          ],
          [
            76.4235243,
            9.6454917
          ],
          [
            76.4238811,
            9.6455419
          ],
          [
            76.4242002,
            9.6456265
          ],
          [
            76.4249352,
            9.6458486
          ],
          [
            76.4251631,
            9.6458566
          ],
          [
            76.4256138,
            9.6459306
          ],
          [
            76.4258069,
            9.6459809
          ],
          [
            76.4259973,
            9.6460205
          ],
          [
            76.4261743,
            9.6460205
          ],
          [
            76.4263192,
            9.6459782
          ],
          [
            76.4265794,
            9.6459068
          ],
          [
            76.4268342,
            9.6458645
          ],
          [
            76.4270514,
            9.6458354
          ],
          [
            76.4272606,
            9.6458486
          ],
          [
            76.4274484,
            9.645891
          ],
          [
            76.4276442,
            9.6459412
          ],
          [
            76.427891,
            9.6459914
          ],
          [
            76.4281082,
            9.6460285
          ],
          [
            76.4283764,
            9.6461527
          ],
          [
            76.4286178,
            9.6462982
          ],
          [
            76.4287358,
            9.6463801
          ],
          [
            76.4288592,
            9.6464806
          ],
          [
            76.429106,
            9.6467054
          ],
          [
            76.4294493,
            9.647102
          ],
          [
            76.4298597,
            9.6475516
          ],
          [
            76.4300474,
            9.6477314
          ],
          [
            76.4302245,
            9.6478874
          ],
          [
            76.4303693,
            9.6480275
          ],
          [
            76.4304846,
            9.6481518
          ],
          [
            76.4305651,
            9.6481783
          ],
          [
            76.4306134,
            9.6481492
          ],
          [
            76.4306375,
            9.6480751
          ],
          [
            76.4306456,
            9.6477129
          ],
          [
            76.4306027,
            9.6472316
          ],
          [
            76.4306452,
            9.647187
          ]
        ]
      }
    },
    {
      "type": "Feature",
      "properties": {
        "name": "Residential Road",
        "highway": "residential",
        "surface": "asphalt",
        "osm_id": 622927803
      },
      "geometry": {
        "type": "LineString",
        "coordinates": [
          [
            76.452117,
            9.6548129
          ],
          [
            76.4520636,
            9.6551832
          ],
          [
            76.4520819,
            9.6555066
          ],
          [
            76.4522763,
            9.6554728
          ],
          [
            76.4527259,
            9.6553136
          ],
          [
            76.4529026,
            9.6553642
          ],
          [
            76.4535396,
            9.6555806
          ],
          [
            76.4543427,
            9.6555827
          ],
          [
            76.4549646,
            9.6555207
          ],
          [
            76.4552307,
            9.655524
          ],
          [
            76.4554775,
            9.6555478
          ],
          [
            76.4557511,
            9.6556244
          ],
          [
            76.456022,
            9.6557196
          ]
        ]
      }
    },
    {
      "type": "Feature",
      "properties": {
        "name": "Residential Road",
        "highway": "residential",
        "surface": "asphalt",
        "osm_id": 622927804
      },
      "geometry": {
        "type": "LineString",
        "coordinates": [
          [
            76.452117,
            9.6548129
          ],
          [
            76.4521669,
            9.6543772
          ],
          [
            76.4522031,
            9.6539785
          ],
          [
            76.4521448,
            9.6534143
          ],
          [
            76.4520923,
            9.6526656
          ],
          [
            76.4521175,
            9.6521893
          ],
          [
            76.4520854,
            9.651664
          ],
          [
            76.452024,
            9.6511286
          ],
          [
            76.4519203,
            9.6504299
          ],
          [
            76.4519357,
            9.6502486
          ],
          [
            76.4519057,
            9.6500591
          ],
          [
            76.4518061,
            9.649981
          ],
          [
            76.4517715,
            9.6498991
          ],
          [
            76.4517854,
            9.6494954
          ],
          [
            76.4517795,
            9.6490878
          ],
          [
            76.451724,
            9.6475354
          ],
          [
            76.4516765,
            9.6465291
          ],
          [
            76.4516607,
            9.6455929
          ],
          [
            76.4516211,
            9.6444618
          ],
          [
            76.4515816,
            9.6433852
          ],
          [
            76.4515816,
            9.6428313
          ],
          [
            76.4522225,
            9.643003
          ],
          [
            76.4532275,
            9.6433384
          ],
          [
            76.4542316,
            9.6436295
          ],
          [
            76.4544075,
            9.6436893
          ],
          [
            76.4544518,
            9.6437285
          ],
          [
            76.4545149,
            9.6438298
          ],
          [
            76.4545359,
            9.6438551
          ],
          [
            76.4545733,
            9.643862
          ],
          [
            76.4546386,
            9.643839
          ],
          [
            76.454732,
            9.6438091
          ],
          [
            76.4548161,
            9.6438137
          ],
          [
            76.4550986,
            9.6438988
          ],
          [
            76.4551757,
            9.6439633
          ],
          [
            76.4552995,
            9.6441359
          ],
          [
            76.4553321,
            9.6441705
          ],
          [
            76.4553788,
            9.6441866
          ],
          [
            76.4554162,
            9.644182
          ],
          [
            76.4555283,
            9.6440922
          ],
          [
            76.4555726,
            9.6440761
          ],
          [
            76.4556474,
            9.6440899
          ],
          [
            76.4558575,
            9.6441428
          ],
          [
            76.456474,
            9.6443431
          ],
          [
            76.457039,
            9.6445066
          ]
        ]
      }
    },
    {
      "type": "Feature",
      "properties": {
        "name": "Residential Road",
        "highway": "residential",
        "surface": "asphalt",
        "osm_id": 622927805
      },
      "geometry": {
        "type": "LineString",
        "coordinates": [
          [
            76.4294396,
            9.6275255
          ],
          [
            76.429508,
            9.6275946
          ],
          [
            76.4295588,
            9.6276569
          ],
          [
            76.4296081,
            9.6277662
          ],
          [
            76.4296549,
            9.6278727
          ],
          [
            76.4297344,
            9.6280533
          ],
          [
            76.4298038,
            9.6281429
          ],
          [
            76.429927,
            9.6282173
          ],
          [
            76.4300579,
            9.6282553
          ],
          [
            76.4301904,
            9.6282492
          ],
          [
            76.4304948,
            9.6281776
          ],
          [
            76.4309629,
            9.6280208
          ],
          [
            76.4313717,
            9.6278208
          ],
          [
            76.4315674,
            9.627725
          ],
          [
            76.4321764,
            9.6274383
          ],
          [
            76.4323582,
            9.6273531
          ],
          [
            76.4327167,
            9.6272812
          ],
          [
            76.4331294,
            9.6271349
          ],
          [
            76.4335471,
            9.626965
          ],
          [
            76.4339908,
            9.6267643
          ],
          [
            76.4346434,
            9.626615
          ],
          [
            76.4352072,
            9.6264451
          ],
          [
            76.4358859,
            9.6262547
          ],
          [
            76.4363714,
            9.6261363
          ],
          [
            76.4366533,
            9.6260282
          ],
          [
            76.4370188,
            9.6258481
          ],
          [
            76.4375617,
            9.6255393
          ],
          [
            76.4383498,
            9.6252505
          ]
        ]
      }
    },
    {
      "type": "Feature",
      "properties": {
        "name": "Residential Road",
        "highway": "residential",
        "surface": "asphalt",
        "osm_id": 622927806
      },
      "geometry": {
        "type": "LineString",
        "coordinates": [
          [
            76.4291623,
            9.629611
          ],
          [
            76.4296941,
            9.629059
          ],
          [
            76.4297963,
            9.6289211
          ],
          [
            76.4298399,
            9.6289009
          ],
          [
            76.4298732,
            9.6289833
          ],
          [
            76.4298812,
            9.6290028
          ],
          [
            76.4299404,
            9.62906
          ]
        ]
      }
    },
    {
      "type": "Feature",
      "properties": {
        "name": "Residential Road",
        "highway": "residential",
        "surface": "asphalt",
        "osm_id": 622932741
      },
      "geometry": {
        "type": "LineString",
        "coordinates": [
          [
            76.4308895,
            9.6373703
          ],
          [
            76.4309514,
            9.6378522
          ],
          [
            76.4309835,
            9.6380505
          ],
          [
            76.4310721,
            9.6380426
          ],
          [
            76.4312223,
            9.6379686
          ]
        ]
      }
    },
    {
      "type": "Feature",
      "properties": {
        "name": "Residential Road",
        "highway": "residential",
        "surface": "asphalt",
        "osm_id": 622932742
      },
      "geometry": {
        "type": "LineString",
        "coordinates": [
          [
            76.4250913,
            9.6544801
          ],
          [
            76.425166,
            9.6545517
          ],
          [
            76.4253455,
            9.6546619
          ],
          [
            76.425544,
            9.6547849
          ],
          [
            76.4257035,
            9.6549026
          ],
          [
            76.4257711,
            9.6549831
          ],
          [
            76.425777,
            9.6550126
          ],
          [
            76.4256212,
            9.6552192
          ],
          [
            76.4255387,
            9.6553802
          ],
          [
            76.4255017,
            9.6555677
          ],
          [
            76.4255101,
            9.655742
          ],
          [
            76.4255394,
            9.6557828
          ]
        ]
      }
    },
    {
      "type": "Feature",
      "properties": {
        "name": "Kumarakom - Vechoor Road",
        "highway": "primary",
        "surface": "asphalt",
        "osm_id": 622932743
      },
      "geometry": {
        "type": "LineString",
        "coordinates": [
          [
            76.4300957,
            9.6392564
          ],
          [
            76.430094,
            9.6396362
          ],
          [
            76.430096,
            9.6397044
          ],
          [
            76.4301014,
            9.6398149
          ],
          [
            76.4301203,
            9.6402708
          ],
          [
            76.430221,
            9.641513
          ],
          [
            76.4302243,
            9.6415531
          ],
          [
            76.4302666,
            9.6421291
          ],
          [
            76.4303354,
            9.6431225
          ],
          [
            76.4303541,
            9.6433485
          ],
          [
            76.4303694,
            9.6436278
          ],
          [
            76.4305369,
            9.6458806
          ],
          [
            76.4306119,
            9.6468717
          ],
          [
            76.4306313,
            9.6470553
          ],
          [
            76.4306452,
            9.647187
          ],
          [
            76.43065,
            9.6472322
          ],
          [
            76.4307162,
            9.647859
          ],
          [
            76.4307139,
            9.6479823
          ],
          [
            76.430712,
            9.6480156
          ],
          [
            76.4307091,
            9.6480514
          ],
          [
            76.4307049,
            9.6481115
          ],
          [
            76.4306818,
            9.6482036
          ],
          [
            76.4306682,
            9.6482552
          ]
        ]
      }
    },
    {
      "type": "Feature",
      "properties": {
        "name": "Cheeppunkal Bridge",
        "highway": "primary",
        "surface": "asphalt",
        "osm_id": 622932744
      },
      "geometry": {
        "type": "LineString",
        "coordinates": [
          [
            76.4300788,
            9.638387
          ],
          [
            76.4300957,
            9.6392564
          ]
        ]
      }
    },
    {
      "type": "Feature",
      "properties": {
        "name": "Unclassified Road",
        "highway": "unclassified",
        "surface": "concrete",
        "osm_id": 623028107
      },
      "geometry": {
        "type": "LineString",
        "coordinates": [
          [
            76.4514436,
            9.6194563
          ],
          [
            76.4513981,
            9.6198048
          ],
          [
            76.4513801,
            9.6198901
          ],
          [
            76.4512455,
            9.6201728
          ],
          [
            76.4511826,
            9.6204735
          ],
          [
            76.4508419,
            9.6218025
          ]
        ]
      }
    },
    {
      "type": "Feature",
      "properties": {
        "name": "Residential Road",
        "highway": "residential",
        "surface": "asphalt",
        "osm_id": 623028121
      },
      "geometry": {
        "type": "LineString",
        "coordinates": [
          [
            76.4298562,
            9.617525
          ],
          [
            76.4294882,
            9.61735
          ],
          [
            76.4289901,
            9.6171794
          ],
          [
            76.4286355,
            9.6170313
          ],
          [
            76.4285592,
            9.6170223
          ]
        ]
      }
    },
    {
      "type": "Feature",
      "properties": {
        "name": "Residential Road",
        "highway": "residential",
        "surface": "asphalt",
        "osm_id": 623028136
      },
      "geometry": {
        "type": "LineString",
        "coordinates": [
          [
            76.4311211,
            9.613374
          ],
          [
            76.432023,
            9.6133849
          ],
          [
            76.4332196,
            9.6134242
          ]
        ]
      }
    },
    {
      "type": "Feature",
      "properties": {
        "name": "Residential Road",
        "highway": "residential",
        "surface": "asphalt",
        "osm_id": 623044437
      },
      "geometry": {
        "type": "LineString",
        "coordinates": [
          [
            76.4300808,
            9.6375374
          ],
          [
            76.4308895,
            9.6373703
          ],
          [
            76.4309384,
            9.6373602
          ],
          [
            76.4313389,
            9.6372586
          ],
          [
            76.4318693,
            9.6370991
          ],
          [
            76.4323849,
            9.6369863
          ],
          [
            76.4333527,
            9.63677
          ],
          [
            76.4341177,
            9.6366239
          ],
          [
            76.4344038,
            9.6365724
          ]
        ]
      }
    },
    {
      "type": "Feature",
      "properties": {
        "name": "Residential Road",
        "highway": "residential",
        "surface": "asphalt",
        "osm_id": 625581601
      },
      "geometry": {
        "type": "LineString",
        "coordinates": [
          [
            76.4290429,
            9.7103085
          ],
          [
            76.428819,
            9.7103089
          ],
          [
            76.4286084,
            9.7102811
          ],
          [
            76.4282275,
            9.7101661
          ],
          [
            76.4278038,
            9.7099943
          ],
          [
            76.4273558,
            9.7098278
          ],
          [
            76.4258551,
            9.709607
          ],
          [
            76.4244604,
            9.7093532
          ],
          [
            76.4240393,
            9.7092626
          ],
          [
            76.4234206,
            9.7091296
          ],
          [
            76.4232802,
            9.7090994
          ],
          [
            76.4225721,
            9.708909
          ],
          [
            76.4219928,
            9.7087821
          ],
          [
            76.4205658,
            9.7086764
          ],
          [
            76.4197129,
            9.7085548
          ]
        ]
      }
    },
    {
      "type": "Feature",
      "properties": {
        "name": "Residential Road",
        "highway": "residential",
        "surface": "asphalt",
        "osm_id": 625581877
      },
      "geometry": {
        "type": "LineString",
        "coordinates": [
          [
            76.4321597,
            9.7106949
          ],
          [
            76.4319907,
            9.7106421
          ]
        ]
      }
    },
    {
      "type": "Feature",
      "properties": {
        "name": "Residential Road",
        "highway": "residential",
        "surface": "asphalt",
        "osm_id": 625581878
      },
      "geometry": {
        "type": "LineString",
        "coordinates": [
          [
            76.4328128,
            9.7108443
          ],
          [
            76.4326344,
            9.7108152
          ],
          [
            76.4324749,
            9.7107808
          ],
          [
            76.4321597,
            9.7106949
          ]
        ]
      }
    },
    {
      "type": "Feature",
      "properties": {
        "name": "Residential Road",
        "highway": "residential",
        "surface": "asphalt",
        "osm_id": 625581879
      },
      "geometry": {
        "type": "LineString",
        "coordinates": [
          [
            76.4319907,
            9.7106421
          ],
          [
            76.4314342,
            9.7104437
          ],
          [
            76.4312223,
            9.7104173
          ],
          [
            76.4311458,
            9.7104662
          ],
          [
            76.4310828,
            9.7105852
          ],
          [
            76.4310332,
            9.7105984
          ],
          [
            76.4308132,
            9.7105706
          ],
          [
            76.4305678,
            9.7105574
          ],
          [
            76.4304069,
            9.7105284
          ],
          [
            76.4300233,
            9.7104173
          ],
          [
            76.4295472,
            9.7103591
          ],
          [
            76.4290429,
            9.7103085
          ]
        ]
      }
    },
    {
      "type": "Feature",
      "properties": {
        "name": "Puthenpalam Bridge",
        "highway": "primary",
        "surface": "asphalt",
        "osm_id": 627764382
      },
      "geometry": {
        "type": "LineString",
        "coordinates": [
          [
            76.4197517,
            9.6925899
          ],
          [
            76.4197283,
            9.6928062
          ]
        ]
      }
    },
    {
      "type": "Feature",
      "properties": {
        "name": "Vaikom - Vechur Road",
        "highway": "primary",
        "surface": "asphalt",
        "osm_id": 627764383
      },
      "geometry": {
        "type": "LineString",
        "coordinates": [
          [
            76.4199826,
            9.6867836
          ],
          [
            76.4199796,
            9.6869398
          ],
          [
            76.4199974,
            9.6871686
          ],
          [
            76.4200059,
            9.6873317
          ],
          [
            76.4200373,
            9.6875308
          ],
          [
            76.4200504,
            9.6878853
          ],
          [
            76.4200297,
            9.6882427
          ],
          [
            76.4200044,
            9.6883916
          ],
          [
            76.419995,
            9.6884617
          ],
          [
            76.4199744,
            9.6885748
          ],
          [
            76.4199664,
            9.6887164
          ],
          [
            76.4199784,
            9.6889584
          ],
          [
            76.4199932,
            9.6893432
          ],
          [
            76.4199804,
            9.6896391
          ],
          [
            76.4199744,
            9.6897793
          ],
          [
            76.4199637,
            9.6900212
          ],
          [
            76.4199608,
            9.6903248
          ],
          [
            76.4199591,
            9.6908619
          ],
          [
            76.4199583,
            9.6911383
          ],
          [
            76.4199368,
            9.6915227
          ],
          [
            76.4199137,
            9.691719
          ],
          [
            76.4198918,
            9.6919284
          ],
          [
            76.4198334,
            9.6922587
          ],
          [
            76.4197945,
            9.6924189
          ],
          [
            76.4197618,
            9.6925497
          ],
          [
            76.4197517,
            9.6925899
          ]
        ]
      }
    },
    {
      "type": "Feature",
      "properties": {
        "name": "Residential Road",
        "highway": "residential",
        "surface": "asphalt",
        "osm_id": 633151763
      },
      "geometry": {
        "type": "LineString",
        "coordinates": [
          [
            76.4246638,
            9.7280255
          ],
          [
            76.4254626,
            9.7282589
          ],
          [
            76.4256421,
            9.7282993
          ],
          [
            76.4260027,
            9.728344
          ],
          [
            76.42601,
            9.7283481
          ],
          [
            76.4260324,
            9.7283608
          ],
          [
            76.4260357,
            9.7283874
          ],
          [
            76.4259998,
            9.7285918
          ],
          [
            76.426,
            9.7287077
          ],
          [
            76.4260146,
            9.729354
          ],
          [
            76.4259787,
            9.7296457
          ],
          [
            76.4259114,
            9.7298925
          ],
          [
            76.4259039,
            9.7299501
          ],
          [
            76.4259024,
            9.7300092
          ],
          [
            76.4259069,
            9.7300481
          ],
          [
            76.4259204,
            9.73009
          ],
          [
            76.4260176,
            9.7302461
          ],
          [
            76.4260284,
            9.7302796
          ],
          [
            76.4260296,
            9.7303108
          ],
          [
            76.4260308,
            9.7303384
          ],
          [
            76.4260272,
            9.7303661
          ],
          [
            76.4259309,
            9.7307048
          ],
          [
            76.425724,
            9.7313619
          ],
          [
            76.4257165,
            9.7313961
          ],
          [
            76.4257139,
            9.7314363
          ],
          [
            76.4257295,
            9.7314687
          ],
          [
            76.4257491,
            9.7314992
          ],
          [
            76.4260432,
            9.7317426
          ],
          [
            76.4260581,
            9.7317711
          ],
          [
            76.4260644,
            9.7318088
          ],
          [
            76.4260533,
            9.7318832
          ],
          [
            76.4259998,
            9.7322565
          ],
          [
            76.4259567,
            9.7326465
          ],
          [
            76.4259473,
            9.7327513
          ],
          [
            76.4256352,
            9.7340235
          ],
          [
            76.4256222,
            9.7340929
          ],
          [
            76.4256096,
            9.7342659
          ]
        ]
      }
    },
    {
      "type": "Feature",
      "properties": {
        "name": "Residential Road",
        "highway": "residential",
        "surface": "asphalt",
        "osm_id": 633151768
      },
      "geometry": {
        "type": "LineString",
        "coordinates": [
          [
            76.429079,
            9.7293113
          ],
          [
            76.4287678,
            9.7304897
          ],
          [
            76.4285368,
            9.731728
          ],
          [
            76.4284848,
            9.731966
          ],
          [
            76.4282047,
            9.7333661
          ],
          [
            76.4281071,
            9.7338534
          ]
        ]
      }
    },
    {
      "type": "Feature",
      "properties": {
        "name": "Residential Road",
        "highway": "residential",
        "surface": "gravel",
        "osm_id": 633151771
      },
      "geometry": {
        "type": "LineString",
        "coordinates": [
          [
            76.460968,
            9.7274969
          ],
          [
            76.4608136,
            9.7284923
          ],
          [
            76.4604726,
            9.7302605
          ],
          [
            76.4604456,
            9.7305073
          ],
          [
            76.4603738,
            9.7309337
          ],
          [
            76.46032,
            9.7314453
          ],
          [
            76.4603334,
            9.7315306
          ],
          [
            76.4604232,
            9.7316562
          ],
          [
            76.4603818,
            9.7320861
          ],
          [
            76.4603334,
            9.7325897
          ],
          [
            76.4603559,
            9.7326256
          ],
          [
            76.4604127,
            9.7326435
          ],
          [
            76.4605676,
            9.7326336
          ],
          [
            76.4606112,
            9.7326759
          ],
          [
            76.4606091,
            9.7333436
          ],
          [
            76.4606117,
            9.7341874
          ],
          [
            76.4605848,
            9.7342637
          ],
          [
            76.460504,
            9.7342951
          ]
        ]
      }
    },
    {
      "type": "Feature",
      "properties": {
        "name": "Residential Road",
        "highway": "residential",
        "surface": "asphalt",
        "osm_id": 633151772
      },
      "geometry": {
        "type": "LineString",
        "coordinates": [
          [
            76.460975,
            9.7380072
          ],
          [
            76.4608403,
            9.738358
          ],
          [
            76.4608052,
            9.738484
          ],
          [
            76.4607994,
            9.7385211
          ],
          [
            76.4607988,
            9.7385607
          ],
          [
            76.4607992,
            9.7385888
          ],
          [
            76.4608047,
            9.7386169
          ],
          [
            76.4609617,
            9.7388817
          ],
          [
            76.4609781,
            9.7389154
          ],
          [
            76.4609893,
            9.7389542
          ],
          [
            76.4610018,
            9.7389955
          ],
          [
            76.4610066,
            9.7390343
          ],
          [
            76.4610272,
            9.7393116
          ],
          [
            76.4610387,
            9.7395888
          ],
          [
            76.4610515,
            9.7399274
          ],
          [
            76.4610605,
            9.7402813
          ],
          [
            76.4610665,
            9.7403457
          ],
          [
            76.4611009,
            9.740614
          ],
          [
            76.461107,
            9.7406603
          ],
          [
            76.4611105,
            9.7407066
          ],
          [
            76.461114,
            9.7407833
          ],
          [
            76.4611098,
            9.7408474
          ],
          [
            76.4610576,
            9.7410596
          ],
          [
            76.4609926,
            9.7412692
          ],
          [
            76.4609108,
            9.7414737
          ],
          [
            76.4608136,
            9.7416732
          ]
        ]
      }
    },
    {
      "type": "Feature",
      "properties": {
        "name": "Residential Road",
        "highway": "residential",
        "surface": "asphalt",
        "osm_id": 633151778
      },
      "geometry": {
        "type": "LineString",
        "coordinates": [
          [
            76.4236047,
            9.7137457
          ],
          [
            76.4239617,
            9.7137606
          ],
          [
            76.4245697,
            9.7138417
          ],
          [
            76.4246025,
            9.7138494
          ],
          [
            76.4249354,
            9.7139568
          ],
          [
            76.4254611,
            9.7141193
          ],
          [
            76.4255137,
            9.7141309
          ],
          [
            76.4255663,
            9.7141413
          ],
          [
            76.4255962,
            9.7141436
          ],
          [
            76.4256272,
            9.714144
          ],
          [
            76.4256788,
            9.7141396
          ],
          [
            76.4256989,
            9.7141401
          ],
          [
            76.4257175,
            9.7141419
          ],
          [
            76.4257366,
            9.7141436
          ],
          [
            76.425755,
            9.7141475
          ],
          [
            76.4257937,
            9.7141556
          ],
          [
            76.4258312,
            9.7141658
          ],
          [
            76.4259951,
            9.7142548
          ],
          [
            76.4260078,
            9.7142608
          ],
          [
            76.4260214,
            9.7142639
          ],
          [
            76.4264712,
            9.7143596
          ],
          [
            76.427077,
            9.7144351
          ],
          [
            76.4277098,
            9.7145187
          ]
        ]
      }
    },
    {
      "type": "Feature",
      "properties": {
        "name": "Unclassified Road",
        "highway": "unclassified",
        "surface": "asphalt",
        "osm_id": 633151779
      },
      "geometry": {
        "type": "LineString",
        "coordinates": [
          [
            76.4175081,
            9.7148337
          ],
          [
            76.4183772,
            9.7150293
          ],
          [
            76.4190048,
            9.7150981
          ],
          [
            76.4196405,
            9.7151615
          ],
          [
            76.4198497,
            9.715143
          ],
          [
            76.4198846,
            9.715106
          ],
          [
            76.4199167,
            9.7150558
          ],
          [
            76.4199516,
            9.7149818
          ],
          [
            76.4199838,
            9.7149421
          ],
          [
            76.4200294,
            9.7149183
          ],
          [
            76.4201796,
            9.7149368
          ],
          [
            76.4205953,
            9.7149976
          ],
          [
            76.4209064,
            9.7150523
          ],
          [
            76.4213106,
            9.7151262
          ],
          [
            76.4216431,
            9.7152033
          ],
          [
            76.421723,
            9.7152265
          ],
          [
            76.4218029,
            9.7152416
          ],
          [
            76.4218477,
            9.7152426
          ],
          [
            76.4218974,
            9.7152387
          ],
          [
            76.4219694,
            9.7152136
          ],
          [
            76.4220007,
            9.7152034
          ],
          [
            76.4220343,
            9.7152001
          ],
          [
            76.4221398,
            9.7151874
          ],
          [
            76.4222429,
            9.7151841
          ],
          [
            76.4224102,
            9.7151881
          ],
          [
            76.4225135,
            9.7151905
          ],
          [
            76.42263,
            9.7151938
          ],
          [
            76.4227384,
            9.715213
          ],
          [
            76.4228334,
            9.7152463
          ],
          [
            76.4229243,
            9.7152837
          ],
          [
            76.4231361,
            9.7153736
          ],
          [
            76.4231997,
            9.7154001
          ],
          [
            76.4232633,
            9.7154186
          ],
          [
            76.4233044,
            9.7154282
          ],
          [
            76.4233468,
            9.7154342
          ],
          [
            76.4233859,
            9.7154373
          ],
          [
            76.4234263,
            9.7154379
          ],
          [
            76.4234568,
            9.7154327
          ],
          [
            76.4235273,
            9.7154122
          ],
          [
            76.4239185,
            9.7153383
          ],
          [
            76.4241271,
            9.7153383
          ],
          [
            76.4242401,
            9.7153563
          ],
          [
            76.424337,
            9.7153903
          ],
          [
            76.4244433,
            9.7154709
          ],
          [
            76.4245477,
            9.7155813
          ],
          [
            76.424649,
            9.7157114
          ],
          [
            76.4247111,
            9.7158395
          ],
          [
            76.4247174,
            9.7160199
          ],
          [
            76.4247774,
            9.7160996
          ],
          [
            76.4248562,
            9.7161573
          ],
          [
            76.424935,
            9.7161848
          ],
          [
            76.425015,
            9.7162002
          ],
          [
            76.4251131,
            9.7162263
          ],
          [
            76.4252895,
            9.7162637
          ],
          [
            76.4254878,
            9.7163183
          ],
          [
            76.425905,
            9.7164064
          ],
          [
            76.4264351,
            9.7165689
          ],
          [
            76.4272621,
            9.7167895
          ]
        ]
      }
    },
    {
      "type": "Feature",
      "properties": {
        "name": "Residential Road",
        "highway": "residential",
        "surface": "asphalt",
        "osm_id": 633151780
      },
      "geometry": {
        "type": "LineString",
        "coordinates": [
          [
            76.4211236,
            9.7184221
          ],
          [
            76.4212497,
            9.7179808
          ],
          [
            76.4213287,
            9.7176027
          ],
          [
            76.4214302,
            9.7173952
          ],
          [
            76.421558,
            9.7172432
          ],
          [
            76.4217799,
            9.7171357
          ],
          [
            76.4218513,
            9.7171283
          ],
          [
            76.4222085,
            9.7171357
          ],
          [
            76.4223514,
            9.7170839
          ],
          [
            76.4225003,
            9.7168458
          ],
          [
            76.4226972,
            9.716566
          ],
          [
            76.4227771,
            9.7164407
          ],
          [
            76.4229027,
            9.7162443
          ],
          [
            76.423112,
            9.7159672
          ],
          [
            76.4231995,
            9.7158521
          ],
          [
            76.4232536,
            9.7157787
          ],
          [
            76.4232724,
            9.7157438
          ],
          [
            76.4232794,
            9.7157253
          ],
          [
            76.4232874,
            9.7156861
          ],
          [
            76.4233044,
            9.7154282
          ]
        ]
      }
    },
    {
      "type": "Feature",
      "properties": {
        "name": "Residential Road",
        "highway": "residential",
        "surface": "asphalt",
        "osm_id": 633151781
      },
      "geometry": {
        "type": "LineString",
        "coordinates": [
          [
            76.4257139,
            9.7314363
          ],
          [
            76.4253862,
            9.7313663
          ],
          [
            76.4246245,
            9.7312606
          ],
          [
            76.423903,
            9.7311351
          ],
          [
            76.4238115,
            9.7311197
          ],
          [
            76.4237355,
            9.7311087
          ],
          [
            76.4236908,
            9.7311065
          ],
          [
            76.4236525,
            9.7311149
          ],
          [
            76.4236297,
            9.731121
          ],
          [
            76.4236104,
            9.7311307
          ],
          [
            76.4235747,
            9.7311725
          ],
          [
            76.4235566,
            9.7311931
          ],
          [
            76.4235367,
            9.73121
          ],
          [
            76.4234883,
            9.7312283
          ],
          [
            76.4234362,
            9.731243
          ],
          [
            76.423377,
            9.7312582
          ],
          [
            76.4233178,
            9.7312716
          ],
          [
            76.4232387,
            9.7312709
          ],
          [
            76.4231615,
            9.7312628
          ],
          [
            76.4227616,
            9.7311989
          ],
          [
            76.4224546,
            9.7311611
          ],
          [
            76.4223818,
            9.7311649
          ],
          [
            76.4223166,
            9.7311742
          ],
          [
            76.4222545,
            9.7311892
          ]
        ]
      }
    },
    {
      "type": "Feature",
      "properties": {
        "name": "Residential Road",
        "highway": "residential",
        "surface": "asphalt",
        "osm_id": 633151782
      },
      "geometry": {
        "type": "LineString",
        "coordinates": [
          [
            76.4244589,
            9.7285374
          ],
          [
            76.4245426,
            9.7284519
          ],
          [
            76.4245783,
            9.7283958
          ],
          [
            76.4246172,
            9.7283054
          ],
          [
            76.4246324,
            9.7282665
          ],
          [
            76.4246413,
            9.7282275
          ],
          [
            76.4246638,
            9.7280255
          ],
          [
            76.4247176,
            9.7275498
          ],
          [
            76.424771,
            9.727119
          ],
          [
            76.4247826,
            9.7270665
          ],
          [
            76.4247926,
            9.7270475
          ],
          [
            76.4248066,
            9.7270312
          ],
          [
            76.4248701,
            9.727009
          ],
          [
            76.4248886,
            9.7269959
          ],
          [
            76.4249066,
            9.7269792
          ],
          [
            76.424923,
            9.7269565
          ],
          [
            76.4249367,
            9.7269312
          ],
          [
            76.4249515,
            9.7268686
          ],
          [
            76.4249609,
            9.7268022
          ],
          [
            76.4249817,
            9.7266949
          ],
          [
            76.425022,
            9.7265759
          ],
          [
            76.4251031,
            9.7263789
          ],
          [
            76.4251228,
            9.7263214
          ],
          [
            76.4252427,
            9.7258848
          ],
          [
            76.4253037,
            9.7255641
          ],
          [
            76.4253373,
            9.725433
          ],
          [
            76.425363,
            9.7253509
          ],
          [
            76.4254175,
            9.7252845
          ],
          [
            76.4254864,
            9.7252545
          ],
          [
            76.4256353,
            9.7252673
          ],
          [
            76.4258087,
            9.7253335
          ],
          [
            76.4260418,
            9.7254261
          ],
          [
            76.4261471,
            9.7254558
          ],
          [
            76.4262749,
            9.7253779
          ],
          [
            76.426414,
            9.7251519
          ],
          [
            76.4267487,
            9.724633
          ],
          [
            76.426775,
            9.7245403
          ],
          [
            76.4267562,
            9.7243958
          ],
          [
            76.4264968,
            9.7238436
          ],
          [
            76.4262185,
            9.7233989
          ],
          [
            76.4261433,
            9.7231728
          ],
          [
            76.4261396,
            9.7229541
          ],
          [
            76.4262259,
            9.7223336
          ]
        ]
      }
    },
    {
      "type": "Feature",
      "properties": {
        "name": "Residential Road",
        "highway": "residential",
        "surface": "unpaved",
        "osm_id": 633151784
      },
      "geometry": {
        "type": "LineString",
        "coordinates": [
          [
            76.4463625,
            9.722705
          ],
          [
            76.447073,
            9.7221349
          ],
          [
            76.4475643,
            9.7217338
          ],
          [
            76.4479366,
            9.7214206
          ],
          [
            76.4487415,
            9.7208444
          ],
          [
            76.4490314,
            9.7206274
          ],
          [
            76.4494502,
            9.7203664
          ],
          [
            76.4499012,
            9.7199871
          ],
          [
            76.4501839,
            9.7197472
          ],
          [
            76.4503128,
            9.7196432
          ],
          [
            76.450515,
            9.719562
          ],
          [
            76.4510072,
            9.7193962
          ],
          [
            76.4513007,
            9.7192533
          ],
          [
            76.451655,
            9.7190558
          ],
          [
            76.451834,
            9.7189799
          ],
          [
            76.4519771,
            9.7189499
          ],
          [
            76.452242,
            9.7189341
          ],
          [
            76.4523834,
            9.718964
          ],
          [
            76.4525319,
            9.7190134
          ],
          [
            76.4526518,
            9.7190593
          ],
          [
            76.4528075,
            9.7191122
          ],
          [
            76.4529453,
            9.7191087
          ],
          [
            76.4531565,
            9.7191246
          ],
          [
            76.4533086,
            9.719144
          ],
          [
            76.4535341,
            9.7191581
          ],
          [
            76.4536343,
            9.7191581
          ],
          [
            76.4537345,
            9.7191404
          ],
          [
            76.454096,
            9.7190293
          ],
          [
            76.454615,
            9.7188776
          ],
          [
            76.4552163,
            9.7188035
          ],
          [
            76.4559304,
            9.7187047
          ],
          [
            76.456555,
            9.7185707
          ],
          [
            76.4570417,
            9.7184984
          ],
          [
            76.4577415,
            9.718426
          ],
          [
            76.4582963,
            9.7183696
          ],
          [
            76.4586595,
            9.7183497
          ],
          [
            76.4601674,
            9.7182689
          ],
          [
            76.4605444,
            9.7182285
          ],
          [
            76.4609931,
            9.7182016
          ],
          [
            76.4615048,
            9.7182106
          ],
          [
            76.461967,
            9.7182734
          ],
          [
            76.4626088,
            9.7181388
          ],
          [
            76.4630127,
            9.7180939
          ],
          [
            76.4632999,
            9.7180894
          ],
          [
            76.46365,
            9.7181657
          ],
          [
            76.4641885,
            9.7181477
          ],
          [
            76.4642437,
            9.7181412
          ],
          [
            76.4643089,
            9.7181321
          ],
          [
            76.4643834,
            9.7181113
          ],
          [
            76.4644541,
            9.718105
          ],
          [
            76.4645285,
            9.7181059
          ],
          [
            76.4648198,
            9.7181348
          ]
        ]
      }
    },
    {
      "type": "Feature",
      "properties": {
        "name": "Residential Road",
        "highway": "residential",
        "surface": "asphalt",
        "osm_id": 633151799
      },
      "geometry": {
        "type": "LineString",
        "coordinates": [
          [
            76.4262443,
            9.7221254
          ],
          [
            76.4263998,
            9.7210747
          ]
        ]
      }
    },
    {
      "type": "Feature",
      "properties": {
        "name": "Residential Road",
        "highway": "residential",
        "surface": "asphalt",
        "osm_id": 633159445
      },
      "geometry": {
        "type": "LineString",
        "coordinates": [
          [
            76.5080155,
            9.6181451
          ],
          [
            76.5082297,
            9.618076
          ],
          [
            76.5083938,
            9.6180333
          ],
          [
            76.508475,
            9.6180107
          ],
          [
            76.5086678,
            9.617955
          ],
          [
            76.5088703,
            9.6178656
          ],
          [
            76.5090722,
            9.6177399
          ],
          [
            76.5094582,
            9.6174258
          ],
          [
            76.5096326,
            9.6172865
          ]
        ]
      }
    },
    {
      "type": "Feature",
      "properties": {
        "name": "Residential Road",
        "highway": "residential",
        "surface": "asphalt",
        "osm_id": 633159489
      },
      "geometry": {
        "type": "LineString",
        "coordinates": [
          [
            76.5093797,
            9.6195361
          ],
          [
            76.5096377,
            9.6187811
          ],
          [
            76.509696,
            9.6186465
          ],
          [
            76.5098687,
            9.6182553
          ],
          [
            76.5100023,
            9.6178914
          ]
        ]
      }
    },
    {
      "type": "Feature",
      "properties": {
        "name": "Residential Road",
        "highway": "residential",
        "surface": "asphalt",
        "osm_id": 633159569
      },
      "geometry": {
        "type": "LineString",
        "coordinates": [
          [
            76.5085812,
            9.6238541
          ],
          [
            76.509009,
            9.6239096
          ],
          [
            76.5093,
            9.6239241
          ],
          [
            76.5093657,
            9.6239096
          ],
          [
            76.5093899,
            9.6238977
          ],
          [
            76.5094045,
            9.6238336
          ],
          [
            76.5094064,
            9.6236845
          ],
          [
            76.5093919,
            9.6235217
          ],
          [
            76.5093909,
            9.6233812
          ],
          [
            76.5094806,
            9.623094
          ],
          [
            76.5095838,
            9.6226227
          ],
          [
            76.5096332,
            9.6224657
          ],
          [
            76.5096579,
            9.62234
          ],
          [
            76.5096648,
            9.6221806
          ],
          [
            76.5096318,
            9.6220444
          ],
          [
            76.5095524,
            9.6217162
          ],
          [
            76.5095255,
            9.6214783
          ],
          [
            76.5094185,
            9.6210441
          ],
          [
            76.509346,
            9.6205179
          ],
          [
            76.509328,
            9.620307
          ],
          [
            76.5093415,
            9.6202666
          ],
          [
            76.5093797,
            9.6195361
          ]
        ]
      }
    },
    {
      "type": "Feature",
      "properties": {
        "name": "Residential Road",
        "highway": "residential",
        "surface": "asphalt",
        "osm_id": 633159570
      },
      "geometry": {
        "type": "LineString",
        "coordinates": [
          [
            76.5095524,
            9.6217162
          ],
          [
            76.5097776,
            9.6216806
          ],
          [
            76.5098455,
            9.6216567
          ],
          [
            76.5099005,
            9.6216519
          ],
          [
            76.5099264,
            9.6216285
          ],
          [
            76.5099197,
            9.6216004
          ],
          [
            76.5099184,
            9.6215538
          ],
          [
            76.5099023,
            9.6213937
          ],
          [
            76.5098911,
            9.6212928
          ],
          [
            76.5098916,
            9.6211933
          ]
        ]
      }
    },
    {
      "type": "Feature",
      "properties": {
        "name": "Residential Road",
        "highway": "residential",
        "surface": "asphalt",
        "osm_id": 633159883
      },
      "geometry": {
        "type": "LineString",
        "coordinates": [
          [
            76.5084022,
            9.6169458
          ],
          [
            76.5086271,
            9.6169136
          ],
          [
            76.5088285,
            9.616863
          ],
          [
            76.5089714,
            9.6167876
          ],
          [
            76.5091243,
            9.6166714
          ]
        ]
      }
    },
    {
      "type": "Feature",
      "properties": {
        "name": "Residential Road",
        "highway": "residential",
        "surface": "asphalt",
        "osm_id": 633159970
      },
      "geometry": {
        "type": "LineString",
        "coordinates": [
          [
            76.5096326,
            9.6172865
          ],
          [
            76.510257,
            9.6169949
          ],
          [
            76.5103717,
            9.6169214
          ],
          [
            76.5104393,
            9.6168794
          ],
          [
            76.5104926,
            9.6168328
          ],
          [
            76.5105757,
            9.6167301
          ],
          [
            76.5107058,
            9.616591
          ]
        ]
      }
    },
    {
      "type": "Feature",
      "properties": {
        "name": "Residential Road",
        "highway": "residential",
        "surface": "asphalt",
        "osm_id": 633159971
      },
      "geometry": {
        "type": "LineString",
        "coordinates": [
          [
            76.5107058,
            9.616591
          ],
          [
            76.5106923,
            9.6163621
          ],
          [
            76.5107713,
            9.6158413
          ],
          [
            76.5107824,
            9.6155472
          ],
          [
            76.5107499,
            9.6152821
          ],
          [
            76.5106938,
            9.6150403
          ],
          [
            76.5106681,
            9.6150028
          ],
          [
            76.5106402,
            9.6149899
          ],
          [
            76.5105992,
            9.6149982
          ],
          [
            76.5105256,
            9.6150285
          ],
          [
            76.5104483,
            9.6150625
          ],
          [
            76.5103692,
            9.6150919
          ],
          [
            76.5102956,
            9.61509
          ],
          [
            76.5102407,
            9.615056
          ],
          [
            76.5100376,
            9.6148403
          ],
          [
            76.509911,
            9.6145189
          ],
          [
            76.509898,
            9.6142816
          ],
          [
            76.50988,
            9.6139498
          ],
          [
            76.5098966,
            9.6137671
          ],
          [
            76.5098748,
            9.6136169
          ]
        ]
      }
    },
    {
      "type": "Feature",
      "properties": {
        "name": "Residential Road",
        "highway": "residential",
        "surface": "asphalt",
        "osm_id": 633165672
      },
      "geometry": {
        "type": "LineString",
        "coordinates": [
          [
            76.422357,
            9.7024985
          ],
          [
            76.4222969,
            9.7032359
          ]
        ]
      }
    },
    {
      "type": "Feature",
      "properties": {
        "name": "Residential Road",
        "highway": "residential",
        "surface": "asphalt",
        "osm_id": 633165674
      },
      "geometry": {
        "type": "LineString",
        "coordinates": [
          [
            76.4222377,
            9.6845277
          ],
          [
            76.4221376,
            9.6857589
          ],
          [
            76.422096,
            9.6867148
          ]
        ]
      }
    },
    {
      "type": "Feature",
      "properties": {
        "name": "Residential Road",
        "highway": "residential",
        "surface": "asphalt",
        "osm_id": 633165675
      },
      "geometry": {
        "type": "LineString",
        "coordinates": [
          [
            76.4248037,
            9.6871532
          ],
          [
            76.4248678,
            9.6864852
          ],
          [
            76.424934,
            9.6861975
          ],
          [
            76.4249465,
            9.6861132
          ],
          [
            76.4249555,
            9.6859831
          ],
          [
            76.4249572,
            9.6851945
          ]
        ]
      }
    },
    {
      "type": "Feature",
      "properties": {
        "name": "Residential Road",
        "highway": "residential",
        "surface": "asphalt",
        "osm_id": 633165677
      },
      "geometry": {
        "type": "LineString",
        "coordinates": [
          [
            76.429147,
            9.6803619
          ],
          [
            76.4293978,
            9.6803884
          ],
          [
            76.4296456,
            9.68043
          ],
          [
            76.42972,
            9.6804338
          ],
          [
            76.4297943,
            9.6804345
          ],
          [
            76.4300896,
            9.6804271
          ]
        ]
      }
    },
    {
      "type": "Feature",
      "properties": {
        "name": "Residential Road",
        "highway": "residential",
        "surface": "asphalt",
        "osm_id": 633165679
      },
      "geometry": {
        "type": "LineString",
        "coordinates": [
          [
            76.4516467,
            9.6744502
          ],
          [
            76.4527926,
            9.6747005
          ],
          [
            76.453202,
            9.6747892
          ],
          [
            76.4532826,
            9.6748071
          ],
          [
            76.4533632,
            9.6748206
          ],
          [
            76.453445,
            9.6748324
          ],
          [
            76.4535222,
            9.6748509
          ],
          [
            76.4536838,
            9.6748964
          ],
          [
            76.4537153,
            9.6749019
          ],
          [
            76.4537491,
            9.674903
          ],
          [
            76.4538167,
            9.6749051
          ],
          [
            76.4539624,
            9.6749089
          ]
        ]
      }
    },
    {
      "type": "Feature",
      "properties": {
        "name": "Residential Road",
        "highway": "residential",
        "surface": "asphalt",
        "osm_id": 633165680
      },
      "geometry": {
        "type": "LineString",
        "coordinates": [
          [
            76.4606826,
            9.6979486
          ],
          [
            76.460646,
            9.6982529
          ],
          [
            76.4605775,
            9.6986441
          ],
          [
            76.4605176,
            9.6989928
          ],
          [
            76.4605102,
            9.6991201
          ],
          [
            76.460573,
            9.6997352
          ],
          [
            76.4605469,
            9.6998562
          ],
          [
            76.4600477,
            9.7002662
          ],
          [
            76.4593628,
            9.7006817
          ]
        ]
      }
    },
    {
      "type": "Feature",
      "properties": {
        "name": "Residential Road",
        "highway": "residential",
        "surface": "asphalt",
        "osm_id": 633165681
      },
      "geometry": {
        "type": "LineString",
        "coordinates": [
          [
            76.4278293,
            9.6859284
          ],
          [
            76.428077,
            9.6859365
          ],
          [
            76.4283225,
            9.685958
          ],
          [
            76.4284818,
            9.6859669
          ],
          [
            76.4286388,
            9.6859649
          ],
          [
            76.4290933,
            9.6859453
          ],
          [
            76.4293155,
            9.6859483
          ],
          [
            76.4293434,
            9.6859431
          ],
          [
            76.4293561,
            9.6859358
          ],
          [
            76.4293656,
            9.6859246
          ],
          [
            76.4293689,
            9.6858974
          ],
          [
            76.4293671,
            9.6857991
          ],
          [
            76.429385,
            9.6854086
          ],
          [
            76.4294075,
            9.6850137
          ]
        ]
      }
    },
    {
      "type": "Feature",
      "properties": {
        "name": "Kamicheri - Eeriyil Road",
        "highway": "residential",
        "surface": "asphalt",
        "osm_id": 633165683
      },
      "geometry": {
        "type": "LineString",
        "coordinates": [
          [
            76.4250164,
            9.6684309
          ],
          [
            76.4249779,
            9.6686599
          ],
          [
            76.4248747,
            9.6691625
          ],
          [
            76.4247742,
            9.6696815
          ],
          [
            76.4247564,
            9.6697914
          ],
          [
            76.4247344,
            9.6698798
          ],
          [
            76.4246744,
            9.6700677
          ]
        ]
      }
    },
    {
      "type": "Feature",
      "properties": {
        "name": "Residential Road",
        "highway": "residential",
        "surface": "asphalt",
        "osm_id": 633165684
      },
      "geometry": {
        "type": "LineString",
        "coordinates": [
          [
            76.462422,
            9.6980291
          ],
          [
            76.462344,
            9.698419
          ],
          [
            76.4623323,
            9.6984578
          ],
          [
            76.4622163,
            9.6987298
          ],
          [
            76.4622009,
            9.6987897
          ],
          [
            76.4621914,
            9.6988611
          ],
          [
            76.4621907,
            9.6989199
          ],
          [
            76.4621952,
            9.6989682
          ],
          [
            76.4622048,
            9.6990165
          ],
          [
            76.4622865,
            9.699258
          ],
          [
            76.4623176,
            9.6993322
          ],
          [
            76.4623596,
            9.6994064
          ],
          [
            76.4626077,
            9.6997086
          ]
        ]
      }
    },
    {
      "type": "Feature",
      "properties": {
        "name": "Residential Road",
        "highway": "residential",
        "surface": "asphalt",
        "osm_id": 633165685
      },
      "geometry": {
        "type": "LineString",
        "coordinates": [
          [
            76.4636921,
            9.6905903
          ],
          [
            76.4631207,
            9.6906676
          ]
        ]
      }
    },
    {
      "type": "Feature",
      "properties": {
        "name": "Residential Road",
        "highway": "residential",
        "surface": "asphalt",
        "osm_id": 633165687
      },
      "geometry": {
        "type": "LineString",
        "coordinates": [
          [
            76.4636016,
            9.689562
          ],
          [
            76.4633749,
            9.689549
          ],
          [
            76.4631858,
            9.6895148
          ],
          [
            76.4631603,
            9.6895133
          ],
          [
            76.4631384,
            9.6895166
          ],
          [
            76.4631232,
            9.6895239
          ],
          [
            76.4631139,
            9.6895311
          ],
          [
            76.4630985,
            9.6895486
          ],
          [
            76.4630882,
            9.6895673
          ],
          [
            76.4630791,
            9.6895908
          ],
          [
            76.4630557,
            9.6896555
          ],
          [
            76.4630441,
            9.6896857
          ],
          [
            76.4630339,
            9.689707
          ],
          [
            76.4630226,
            9.6897261
          ],
          [
            76.4629499,
            9.6898202
          ],
          [
            76.4629438,
            9.6898279
          ],
          [
            76.4629408,
            9.6898385
          ],
          [
            76.4629413,
            9.689848
          ],
          [
            76.4629452,
            9.6898575
          ],
          [
            76.4630216,
            9.6899916
          ]
        ]
      }
    },
    {
      "type": "Feature",
      "properties": {
        "name": "Residential Road",
        "highway": "residential",
        "surface": "asphalt",
        "osm_id": 633165688
      },
      "geometry": {
        "type": "LineString",
        "coordinates": [
          [
            76.4240534,
            9.702328
          ],
          [
            76.4240714,
            9.7021742
          ],
          [
            76.4240753,
            9.7020936
          ],
          [
            76.4240749,
            9.7020465
          ],
          [
            76.4240719,
            9.7020019
          ],
          [
            76.4240458,
            9.7018647
          ],
          [
            76.4240437,
            9.701819
          ],
          [
            76.4240448,
            9.7017732
          ],
          [
            76.4240604,
            9.701499
          ]
        ]
      }
    },
    {
      "type": "Feature",
      "properties": {
        "name": "Residential Road",
        "highway": "residential",
        "surface": "asphalt",
        "osm_id": 633165689
      },
      "geometry": {
        "type": "LineString",
        "coordinates": [
          [
            76.4320337,
            9.7007317
          ],
          [
            76.4318821,
            9.7006952
          ],
          [
            76.4315619,
            9.7006654
          ],
          [
            76.4312471,
            9.7006361
          ],
          [
            76.4312059,
            9.7006346
          ],
          [
            76.4311648,
            9.7006376
          ],
          [
            76.4311266,
            9.7006467
          ],
          [
            76.4311079,
            9.7006541
          ],
          [
            76.4310907,
            9.7006643
          ],
          [
            76.431076,
            9.7006771
          ],
          [
            76.4310642,
            9.7006912
          ],
          [
            76.4309853,
            9.7008153
          ],
          [
            76.4309636,
            9.7008438
          ],
          [
            76.430939,
            9.700868
          ],
          [
            76.4309144,
            9.7008883
          ],
          [
            76.4308869,
            9.7009073
          ],
          [
            76.4305691,
            9.7010875
          ],
          [
            76.4304913,
            9.701135
          ],
          [
            76.4304069,
            9.7011759
          ],
          [
            76.4302379,
            9.7012578
          ]
        ]
      }
    },
    {
      "type": "Feature",
      "properties": {
        "name": "Residential Road",
        "highway": "residential",
        "surface": "asphalt",
        "osm_id": 633165690
      },
      "geometry": {
        "type": "LineString",
        "coordinates": [
          [
            76.4234206,
            9.7091296
          ],
          [
            76.4231754,
            9.7097866
          ],
          [
            76.4231667,
            9.7098099
          ],
          [
            76.4230714,
            9.7101368
          ],
          [
            76.4230514,
            9.7102067
          ],
          [
            76.4230379,
            9.7102798
          ],
          [
            76.4230264,
            9.7104099
          ],
          [
            76.4230265,
            9.7104862
          ],
          [
            76.4230259,
            9.7105156
          ],
          [
            76.4230211,
            9.7105449
          ],
          [
            76.4230059,
            9.7105987
          ],
          [
            76.4229931,
            9.710655
          ],
          [
            76.4229853,
            9.7107162
          ],
          [
            76.4229491,
            9.7109611
          ],
          [
            76.422922,
            9.7110884
          ],
          [
            76.4227981,
            9.711485
          ]
        ]
      }
    },
    {
      "type": "Feature",
      "properties": {
        "name": "Residential Road",
        "highway": "residential",
        "surface": "asphalt",
        "osm_id": 633165691
      },
      "geometry": {
        "type": "LineString",
        "coordinates": [
          [
            76.4222147,
            9.7111878
          ],
          [
            76.422362,
            9.7113205
          ],
          [
            76.4224968,
            9.7113895
          ],
          [
            76.4226232,
            9.7114271
          ],
          [
            76.4227126,
            9.7114599
          ],
          [
            76.4227981,
            9.711485
          ],
          [
            76.4228683,
            9.7115147
          ],
          [
            76.4229132,
            9.7115274
          ],
          [
            76.4229942,
            9.7115525
          ],
          [
            76.4232604,
            9.7116217
          ],
          [
            76.4235548,
            9.7116719
          ],
          [
            76.4238585,
            9.711737
          ],
          [
            76.4246279,
            9.7117972
          ]
        ]
      }
    },
    {
      "type": "Feature",
      "properties": {
        "name": "Residential Road",
        "highway": "residential",
        "surface": "asphalt",
        "osm_id": 633165692
      },
      "geometry": {
        "type": "LineString",
        "coordinates": [
          [
            76.4544338,
            9.6763178
          ],
          [
            76.4536842,
            9.6764228
          ],
          [
            76.452859,
            9.6765214
          ],
          [
            76.452588,
            9.6765457
          ],
          [
            76.45245,
            9.6765435
          ],
          [
            76.4523121,
            9.6765317
          ],
          [
            76.451065,
            9.6764434
          ],
          [
            76.4509392,
            9.6764439
          ],
          [
            76.4508133,
            9.6764492
          ],
          [
            76.4505615,
            9.6764647
          ],
          [
            76.4493211,
            9.6765053
          ],
          [
            76.4490497,
            9.6765292
          ],
          [
            76.4489949,
            9.6765299
          ],
          [
            76.4489431,
            9.676522
          ],
          [
            76.4480588,
            9.6763094
          ],
          [
            76.4479182,
            9.6762897
          ],
          [
            76.4477777,
            9.6762796
          ],
          [
            76.4475064,
            9.6762832
          ],
          [
            76.446786,
            9.6763531
          ],
          [
            76.4465436,
            9.6763797
          ],
          [
            76.4460833,
            9.6763686
          ],
          [
            76.4457039,
            9.6763527
          ],
          [
            76.4453283,
            9.6762822
          ],
          [
            76.4448208,
            9.6762094
          ],
          [
            76.4436963,
            9.6761786
          ],
          [
            76.4436404,
            9.676183
          ],
          [
            76.4435845,
            9.6761962
          ],
          [
            76.4435393,
            9.6762134
          ],
          [
            76.4435035,
            9.6762425
          ],
          [
            76.4434792,
            9.6762909
          ],
          [
            76.4434685,
            9.6763382
          ],
          [
            76.4434591,
            9.6764251
          ],
          [
            76.4434671,
            9.6764632
          ],
          [
            76.4434898,
            9.6765251
          ],
          [
            76.4435606,
            9.6767001
          ],
          [
            76.4436087,
            9.6768404
          ],
          [
            76.4436319,
            9.6768909
          ],
          [
            76.443661,
            9.6769434
          ],
          [
            76.4436873,
            9.6769764
          ],
          [
            76.4437135,
            9.6770056
          ],
          [
            76.4440841,
            9.6773071
          ]
        ]
      }
    },
    {
      "type": "Feature",
      "properties": {
        "name": "Mattom Road",
        "highway": "secondary",
        "surface": "asphalt",
        "osm_id": 633165693
      },
      "geometry": {
        "type": "LineString",
        "coordinates": [
          [
            76.454418,
            9.6763017
          ],
          [
            76.4544338,
            9.6763178
          ],
          [
            76.4545726,
            9.6766346
          ],
          [
            76.4546694,
            9.6768824
          ],
          [
            76.4546869,
            9.6769138
          ],
          [
            76.4547106,
            9.6769452
          ],
          [
            76.4547368,
            9.6769665
          ],
          [
            76.454765,
            9.6769858
          ],
          [
            76.4552135,
            9.6772604
          ],
          [
            76.455666,
            9.6775549
          ],
          [
            76.4557787,
            9.6776298
          ],
          [
            76.455833,
            9.6776693
          ],
          [
            76.4558815,
            9.6777164
          ],
          [
            76.4559824,
            9.6778346
          ],
          [
            76.4560953,
            9.6779659
          ],
          [
            76.4568088,
            9.678785
          ],
          [
            76.4575209,
            9.6796097
          ],
          [
            76.4576497,
            9.6797539
          ],
          [
            76.4576795,
            9.6798007
          ],
          [
            76.4576915,
            9.6798283
          ],
          [
            76.4577035,
            9.6798616
          ],
          [
            76.4577317,
            9.6799644
          ],
          [
            76.4577425,
            9.679995
          ],
          [
            76.4577662,
            9.6800256
          ],
          [
            76.4577966,
            9.6800458
          ],
          [
            76.4578312,
            9.6800632
          ],
          [
            76.4579066,
            9.6800782
          ],
          [
            76.4586596,
            9.6800486
          ],
          [
            76.4587204,
            9.6800458
          ],
          [
            76.4587582,
            9.680043
          ],
          [
            76.4588017,
            9.6800593
          ],
          [
            76.4588429,
            9.6800963
          ],
          [
            76.4588782,
            9.6801936
          ],
          [
            76.4590286,
            9.6810102
          ],
          [
            76.4590762,
            9.681269
          ],
          [
            76.4590924,
            9.6813779
          ],
          [
            76.4591154,
            9.681532
          ],
          [
            76.4591409,
            9.681784
          ],
          [
            76.4591861,
            9.6820899
          ],
          [
            76.4590723,
            9.6823569
          ],
          [
            76.458969,
            9.6824927
          ],
          [
            76.4589212,
            9.6825606
          ],
          [
            76.4588883,
            9.6826396
          ],
          [
            76.4588707,
            9.6827275
          ],
          [
            76.4588569,
            9.6828191
          ],
          [
            76.4588488,
            9.6828814
          ],
          [
            76.4588395,
            9.6829539
          ],
          [
            76.4588283,
            9.6830217
          ],
          [
            76.4588181,
            9.6830612
          ],
          [
            76.4587927,
            9.6831202
          ]
        ]
      }
    },
    {
      "type": "Feature",
      "properties": {
        "name": "Residential Road",
        "highway": "residential",
        "surface": "asphalt",
        "osm_id": 633165694
      },
      "geometry": {
        "type": "LineString",
        "coordinates": [
          [
            76.4233835,
            9.7066701
          ],
          [
            76.4230022,
            9.7066051
          ],
          [
            76.4226129,
            9.70649
          ],
          [
            76.422312,
            9.7063783
          ],
          [
            76.4219829,
            9.7061516
          ],
          [
            76.4217918,
            9.7059772
          ],
          [
            76.4215369,
            9.7058202
          ],
          [
            76.4211689,
            9.7056632
          ],
          [
            76.4208857,
            9.705562
          ]
        ]
      }
    },
    {
      "type": "Feature",
      "properties": {
        "name": "Residential Road",
        "highway": "residential",
        "surface": "asphalt",
        "osm_id": 633165696
      },
      "geometry": {
        "type": "LineString",
        "coordinates": [
          [
            76.4639061,
            9.6884882
          ],
          [
            76.4641037,
            9.6885672
          ],
          [
            76.46448,
            9.6887285
          ],
          [
            76.4645528,
            9.6887561
          ],
          [
            76.464592,
            9.6887892
          ],
          [
            76.4646451,
            9.6888278
          ],
          [
            76.4646773,
            9.6888375
          ],
          [
            76.4647053,
            9.6888347
          ],
          [
            76.4647529,
            9.6887865
          ],
          [
            76.4648172,
            9.6886899
          ]
        ]
      }
    },
    {
      "type": "Feature",
      "properties": {
        "name": "Residential Road",
        "highway": "residential",
        "surface": "asphalt",
        "osm_id": 633165697
      },
      "geometry": {
        "type": "LineString",
        "coordinates": [
          [
            76.4658892,
            9.6839439
          ],
          [
            76.4659488,
            9.6839401
          ],
          [
            76.467365,
            9.6835805
          ],
          [
            76.4684272,
            9.6837075
          ],
          [
            76.4695644,
            9.6831892
          ],
          [
            76.4709806,
            9.6853679
          ],
          [
            76.4712703,
            9.6857486
          ],
          [
            76.4712381,
            9.6859919
          ],
          [
            76.4716136,
            9.6879907
          ],
          [
            76.4719784,
            9.6882022
          ],
          [
            76.4723325,
            9.6891011
          ],
          [
            76.4725149,
            9.6896617
          ],
          [
            76.4739445,
            9.6895574
          ]
        ]
      }
    },
    {
      "type": "Feature",
      "properties": {
        "name": "Secondary Road",
        "highway": "secondary",
        "surface": "asphalt",
        "osm_id": 633188011
      },
      "geometry": {
        "type": "LineString",
        "coordinates": [
          [
            76.4641222,
            9.6985606
          ],
          [
            76.4642374,
            9.6985661
          ]
        ]
      }
    },
    {
      "type": "Feature",
      "properties": {
        "name": "Kallara - Paravanthuruthu - Manianthuruthu Road",
        "highway": "secondary",
        "surface": "asphalt",
        "osm_id": 633188012
      },
      "geometry": {
        "type": "LineString",
        "coordinates": [
          [
            76.4641222,
            9.6985606
          ],
          [
            76.4640237,
            9.698556
          ],
          [
            76.4635843,
            9.6983901
          ],
          [
            76.4634508,
            9.6983297
          ],
          [
            76.4629258,
            9.6981535
          ],
          [
            76.462422,
            9.6980291
          ],
          [
            76.461874,
            9.6979157
          ],
          [
            76.4614451,
            9.6979103
          ],
          [
            76.4610456,
            9.6979243
          ],
          [
            76.4606826,
            9.6979486
          ],
          [
            76.4602146,
            9.6980122
          ],
          [
            76.4599621,
            9.6980455
          ],
          [
            76.4596058,
            9.6980452
          ],
          [
            76.4594627,
            9.6980027
          ],
          [
            76.4594144,
            9.6977936
          ],
          [
            76.4593533,
            9.6976251
          ],
          [
            76.4592577,
            9.6974887
          ],
          [
            76.4591521,
            9.6973845
          ],
          [
            76.4591172,
            9.6972788
          ],
          [
            76.4591085,
            9.6971286
          ],
          [
            76.4590931,
            9.6969721
          ],
          [
            76.4591003,
            9.6968109
          ],
          [
            76.4591139,
            9.6963947
          ],
          [
            76.4590941,
            9.6960631
          ],
          [
            76.4590958,
            9.6958114
          ],
          [
            76.4591107,
            9.6957232
          ],
          [
            76.459185,
            9.6955755
          ],
          [
            76.4592302,
            9.6955123
          ]
        ]
      }
    },
    {
      "type": "Feature",
      "properties": {
        "name": "Vechoor - Kallara Road",
        "highway": "primary",
        "surface": "asphalt",
        "osm_id": 633188013
      },
      "geometry": {
        "type": "LineString",
        "coordinates": [
          [
            76.461429,
            9.6840891
          ],
          [
            76.4614534,
            9.6841047
          ],
          [
            76.4621338,
            9.6845405
          ],
          [
            76.4621754,
            9.6845672
          ],
          [
            76.4622047,
            9.6845953
          ],
          [
            76.4622576,
            9.6846461
          ],
          [
            76.4624351,
            9.68481
          ],
          [
            76.4626382,
            9.6850547
          ],
          [
            76.4629126,
            9.685426
          ],
          [
            76.4632809,
            9.6860171
          ],
          [
            76.4633954,
            9.686243
          ],
          [
            76.463509,
            9.6865534
          ],
          [
            76.4636582,
            9.6869833
          ],
          [
            76.4637737,
            9.6873447
          ],
          [
            76.4638621,
            9.6877289
          ],
          [
            76.4639201,
            9.6880576
          ],
          [
            76.4639239,
            9.6883065
          ],
          [
            76.4639061,
            9.6884882
          ],
          [
            76.4637991,
            9.6887793
          ],
          [
            76.4637065,
            9.689035
          ],
          [
            76.463633,
            9.6892934
          ],
          [
            76.4636016,
            9.689562
          ],
          [
            76.463618,
            9.6898652
          ],
          [
            76.4636493,
            9.6902535
          ],
          [
            76.4636921,
            9.6905903
          ],
          [
            76.4637447,
            9.6909898
          ],
          [
            76.4638115,
            9.6914821
          ],
          [
            76.4638494,
            9.6917407
          ],
          [
            76.4639031,
            9.6920522
          ],
          [
            76.4639586,
            9.6922104
          ],
          [
            76.4640388,
            9.6923468
          ],
          [
            76.4641705,
            9.6924801
          ],
          [
            76.4643035,
            9.6925448
          ],
          [
            76.4645947,
            9.6926337
          ],
          [
            76.464833,
            9.6926837
          ],
          [
            76.4653411,
            9.6927065
          ],
          [
            76.46578,
            9.6927631
          ],
          [
            76.4661861,
            9.6928722
          ],
          [
            76.4663132,
            9.6928803
          ],
          [
            76.4665757,
            9.6927792
          ],
          [
            76.466871,
            9.6927267
          ],
          [
            76.4674042,
            9.6928278
          ],
          [
            76.467921,
            9.6929491
          ],
          [
            76.4680909,
            9.6929711
          ],
          [
            76.4684829,
            9.6930218
          ],
          [
            76.4689751,
            9.6929976
          ],
          [
            76.469455,
            9.6929491
          ],
          [
            76.4697462,
            9.6929167
          ],
          [
            76.4701564,
            9.6928116
          ],
          [
            76.4705583,
            9.6927752
          ],
          [
            76.4708987,
            9.6927267
          ],
          [
            76.4711284,
            9.6926377
          ],
          [
            76.4714566,
            9.6926297
          ],
          [
            76.471715,
            9.6926499
          ],
          [
            76.47192,
            9.6926256
          ],
          [
            76.4720798,
            9.6924798
          ],
          [
            76.4722574,
            9.6923955
          ],
          [
            76.4726624,
            9.6923689
          ],
          [
            76.4728222,
            9.6922397
          ],
          [
            76.4730057,
            9.6920775
          ],
          [
            76.4731628,
            9.6920441
          ],
          [
            76.4731872,
            9.6920526
          ],
          [
            76.4733713,
            9.6921166
          ],
          [
            76.4737392,
            9.6922722
          ],
          [
            76.4742251,
            9.6923952
          ],
          [
            76.4745532,
            9.6924599
          ],
          [
            76.4747829,
            9.6926135
          ],
          [
            76.4752218,
            9.6929282
          ],
          [
            76.4752634,
            9.6929713
          ],
          [
            76.4753105,
            9.6930137
          ],
          [
            76.4753713,
            9.6930647
          ]
        ]
      }
    },
    {
      "type": "Feature",
      "properties": {
        "name": "Vechoor - Kallara Road",
        "highway": "primary",
        "surface": "asphalt",
        "osm_id": 633188014
      },
      "geometry": {
        "type": "LineString",
        "coordinates": [
          [
            76.4612603,
            9.6839732
          ],
          [
            76.461429,
            9.6840891
          ]
        ]
      }
    },
    {
      "type": "Feature",
      "properties": {
        "name": "Unclassified Road",
        "highway": "unclassified",
        "surface": "asphalt",
        "osm_id": 633188015
      },
      "geometry": {
        "type": "LineString",
        "coordinates": [
          [
            76.426055,
            9.6945939
          ],
          [
            76.4266571,
            9.6927894
          ],
          [
            76.4267188,
            9.6926044
          ],
          [
            76.4267644,
            9.6923796
          ],
          [
            76.4267751,
            9.6920809
          ],
          [
            76.4268181,
            9.6918746
          ],
          [
            76.4268905,
            9.6916446
          ],
          [
            76.4269602,
            9.6911713
          ],
          [
            76.4270756,
            9.6909545
          ],
          [
            76.4271426,
            9.6907272
          ],
          [
            76.4271802,
            9.6904496
          ],
          [
            76.4271399,
            9.6902248
          ],
          [
            76.4271265,
            9.6901772
          ],
          [
            76.4271373,
            9.6900688
          ],
          [
            76.4272311,
            9.6898785
          ],
          [
            76.4272553,
            9.6897516
          ],
          [
            76.4272875,
            9.6891937
          ],
          [
            76.4272982,
            9.6886411
          ],
          [
            76.4274599,
            9.6878077
          ]
        ]
      }
    },
    {
      "type": "Feature",
      "properties": {
        "name": "Secondary Road",
        "highway": "secondary",
        "surface": "asphalt",
        "osm_id": 634037528
      },
      "geometry": {
        "type": "LineString",
        "coordinates": [
          [
            76.5097091,
            9.64663
          ],
          [
            76.5097308,
            9.6467532
          ],
          [
            76.5099926,
            9.6477006
          ],
          [
            76.5099761,
            9.6482496
          ]
        ]
      }
    },
    {
      "type": "Feature",
      "properties": {
        "name": "Kuttompuram Bridge",
        "highway": "secondary",
        "surface": "asphalt",
        "osm_id": 634037529
      },
      "geometry": {
        "type": "LineString",
        "coordinates": [
          [
            76.5095779,
            9.6461278
          ],
          [
            76.5097091,
            9.64663
          ]
        ]
      }
    },
    {
      "type": "Feature",
      "properties": {
        "name": "Unclassified Road",
        "highway": "unclassified",
        "surface": "asphalt",
        "osm_id": 634037530
      },
      "geometry": {
        "type": "LineString",
        "coordinates": [
          [
            76.4992162,
            9.6553601
          ],
          [
            76.4993464,
            9.6553679
          ]
        ]
      }
    },
    {
      "type": "Feature",
      "properties": {
        "name": "Residential Road",
        "highway": "residential",
        "surface": "asphalt",
        "osm_id": 634038571
      },
      "geometry": {
        "type": "LineString",
        "coordinates": [
          [
            76.509635,
            9.633806
          ],
          [
            76.5096882,
            9.6344778
          ]
        ]
      }
    },
    {
      "type": "Feature",
      "properties": {
        "name": "Residential Road",
        "highway": "residential",
        "surface": "asphalt",
        "osm_id": 634038576
      },
      "geometry": {
        "type": "LineString",
        "coordinates": [
          [
            76.508109,
            9.6275665
          ],
          [
            76.5086402,
            9.6276197
          ],
          [
            76.5088703,
            9.6276177
          ],
          [
            76.5094204,
            9.6275844
          ]
        ]
      }
    },
    {
      "type": "Feature",
      "properties": {
        "name": "Residential Road",
        "highway": "residential",
        "surface": "asphalt",
        "osm_id": 634038700
      },
      "geometry": {
        "type": "LineString",
        "coordinates": [
          [
            76.5099051,
            9.6510599
          ],
          [
            76.5091988,
            9.6509398
          ]
        ]
      }
    },
    {
      "type": "Feature",
      "properties": {
        "name": "Residential Road",
        "highway": "residential",
        "surface": "asphalt",
        "osm_id": 634038780
      },
      "geometry": {
        "type": "LineString",
        "coordinates": [
          [
            76.5089833,
            9.6323181
          ],
          [
            76.5094994,
            9.6321872
          ]
        ]
      }
    },
    {
      "type": "Feature",
      "properties": {
        "name": "Residential Road",
        "highway": "residential",
        "surface": "asphalt",
        "osm_id": 634038795
      },
      "geometry": {
        "type": "LineString",
        "coordinates": [
          [
            76.5114654,
            9.6591117
          ],
          [
            76.5110897,
            9.6591014
          ],
          [
            76.5109487,
            9.659141
          ],
          [
            76.5108507,
            9.6592209
          ],
          [
            76.5101708,
            9.6592561
          ],
          [
            76.509734,
            9.6592286
          ],
          [
            76.5090934,
            9.6592116
          ],
          [
            76.5085835,
            9.6592234
          ]
        ]
      }
    },
    {
      "type": "Feature",
      "properties": {
        "name": "Residential Road",
        "highway": "residential",
        "surface": "asphalt",
        "osm_id": 634048749
      },
      "geometry": {
        "type": "LineString",
        "coordinates": [
          [
            76.4999942,
            9.6118573
          ],
          [
            76.4999809,
            9.6115923
          ],
          [
            76.4999676,
            9.6115132
          ],
          [
            76.4999588,
            9.6113998
          ],
          [
            76.4999051,
            9.6111585
          ],
          [
            76.4999082,
            9.6108996
          ],
          [
            76.4999105,
            9.6107721
          ],
          [
            76.4999082,
            9.6106559
          ],
          [
            76.4999244,
            9.6105626
          ],
          [
            76.4999602,
            9.6104772
          ],
          [
            76.5000191,
            9.6104146
          ]
        ]
      }
    },
    {
      "type": "Feature",
      "properties": {
        "name": "Secondary Road",
        "highway": "secondary",
        "surface": "asphalt",
        "osm_id": 634048777
      },
      "geometry": {
        "type": "LineString",
        "coordinates": [
          [
            76.510472,
            9.6195924
          ],
          [
            76.5093797,
            9.6195361
          ],
          [
            76.5089152,
            9.6194812
          ],
          [
            76.5087342,
            9.6194753
          ],
          [
            76.5084333,
            9.6194502
          ],
          [
            76.5078981,
            9.6194293
          ],
          [
            76.507156,
            9.6194004
          ],
          [
            76.5068598,
            9.6194336
          ],
          [
            76.5067049,
            9.6194586
          ],
          [
            76.5064979,
            9.6194996
          ],
          [
            76.5063836,
            9.6195168
          ],
          [
            76.506324,
            9.6195446
          ],
          [
            76.5062135,
            9.6195306
          ],
          [
            76.5060659,
            9.61953
          ],
          [
            76.5059184,
            9.6195345
          ],
          [
            76.5057972,
            9.6195535
          ],
          [
            76.5056795,
            9.6195844
          ],
          [
            76.5053612,
            9.6196596
          ],
          [
            76.5053245,
            9.6196706
          ],
          [
            76.5052671,
            9.6196793
          ],
          [
            76.5048304,
            9.6196676
          ],
          [
            76.5047671,
            9.6196558
          ],
          [
            76.5045483,
            9.6196331
          ],
          [
            76.5044471,
            9.6196316
          ],
          [
            76.5044108,
            9.619666
          ]
        ]
      }
    },
    {
      "type": "Feature",
      "properties": {
        "name": "Residential Road",
        "highway": "residential",
        "surface": "asphalt",
        "osm_id": 634048784
      },
      "geometry": {
        "type": "LineString",
        "coordinates": [
          [
            76.496928,
            9.6121839
          ],
          [
            76.4965249,
            9.612177
          ],
          [
            76.4962384,
            9.6121759
          ],
          [
            76.496101,
            9.6122074
          ],
          [
            76.496027,
            9.6122287
          ],
          [
            76.4960186,
            9.6123034
          ],
          [
            76.4960119,
            9.6124378
          ]
        ]
      }
    },
    {
      "type": "Feature",
      "properties": {
        "name": "Residential Road",
        "highway": "residential",
        "surface": "asphalt",
        "osm_id": 634048801
      },
      "geometry": {
        "type": "LineString",
        "coordinates": [
          [
            76.4917041,
            9.6121466
          ],
          [
            76.4918709,
            9.6121829
          ],
          [
            76.4919129,
            9.6121143
          ],
          [
            76.4919497,
            9.6120793
          ],
          [
            76.4921742,
            9.6120404
          ],
          [
            76.4922649,
            9.6120003
          ],
          [
            76.4922964,
            9.6119459
          ],
          [
            76.4922767,
            9.6117362
          ],
          [
            76.4922504,
            9.6115458
          ],
          [
            76.4922609,
            9.611507
          ],
          [
            76.4922977,
            9.6114694
          ],
          [
            76.4924461,
            9.6114474
          ],
          [
            76.4925971,
            9.6114396
          ],
          [
            76.4926391,
            9.6114189
          ],
          [
            76.4926497,
            9.6113827
          ],
          [
            76.4926497,
            9.6111481
          ],
          [
            76.4926801,
            9.6108642
          ],
          [
            76.4927105,
            9.6107305
          ],
          [
            76.4927617,
            9.6106905
          ],
          [
            76.4928312,
            9.6103629
          ]
        ]
      }
    },
    {
      "type": "Feature",
      "properties": {
        "name": "Residential Road",
        "highway": "residential",
        "surface": "asphalt",
        "osm_id": 634048815
      },
      "geometry": {
        "type": "LineString",
        "coordinates": [
          [
            76.4835371,
            9.6111785
          ],
          [
            76.4835381,
            9.6113175
          ],
          [
            76.4835941,
            9.6117177
          ],
          [
            76.483639,
            9.6122383
          ],
          [
            76.4836362,
            9.6124741
          ],
          [
            76.4836346,
            9.6126077
          ],
          [
            76.4836154,
            9.6128665
          ],
          [
            76.4835929,
            9.6131771
          ],
          [
            76.483588,
            9.613241
          ],
          [
            76.4835865,
            9.6132601
          ],
          [
            76.4835852,
            9.6133444
          ],
          [
            76.4835952,
            9.6134386
          ],
          [
            76.4836106,
            9.6135138
          ],
          [
            76.4836445,
            9.6135929
          ],
          [
            76.4840147,
            9.6140608
          ],
          [
            76.4840688,
            9.6141457
          ],
          [
            76.4841198,
            9.614246
          ],
          [
            76.4841474,
            9.6143192
          ],
          [
            76.4841781,
            9.6144139
          ],
          [
            76.4842313,
            9.6146629
          ],
          [
            76.4842428,
            9.6147358
          ],
          [
            76.4842911,
            9.6147729
          ],
          [
            76.4843354,
            9.6148059
          ],
          [
            76.484385,
            9.6148681
          ],
          [
            76.484391,
            9.6149986
          ],
          [
            76.4843823,
            9.6153203
          ],
          [
            76.4843655,
            9.6156069
          ],
          [
            76.48435,
            9.6156597
          ],
          [
            76.484314,
            9.6158714
          ],
          [
            76.4843132,
            9.6159163
          ],
          [
            76.4842287,
            9.6161265
          ],
          [
            76.4841402,
            9.6162733
          ],
          [
            76.4840893,
            9.6164332
          ],
          [
            76.4840061,
            9.6166514
          ],
          [
            76.4839129,
            9.6168951
          ],
          [
            76.4839116,
            9.6169876
          ],
          [
            76.4839438,
            9.6170643
          ],
          [
            76.4841087,
            9.6171397
          ],
          [
            76.4841557,
            9.617178
          ],
          [
            76.4841913,
            9.6172522
          ],
          [
            76.4842059,
            9.617417
          ],
          [
            76.4841603,
            9.6179327
          ],
          [
            76.484094,
            9.6180785
          ],
          [
            76.4840685,
            9.6181327
          ],
          [
            76.484094,
            9.6186444
          ],
          [
            76.4841141,
            9.6187502
          ],
          [
            76.4841905,
            9.6188494
          ],
          [
            76.4842133,
            9.618934
          ],
          [
            76.4842051,
            9.6191156
          ],
          [
            76.4841968,
            9.6193667
          ],
          [
            76.4841949,
            9.6194122
          ]
        ]
      }
    },
    {
      "type": "Feature",
      "properties": {
        "name": "Residential Road",
        "highway": "residential",
        "surface": "asphalt",
        "osm_id": 634048819
      },
      "geometry": {
        "type": "LineString",
        "coordinates": [
          [
            76.501956,
            9.6114806
          ],
          [
            76.5021936,
            9.6124293
          ],
          [
            76.5022036,
            9.6124612
          ],
          [
            76.5022075,
            9.6124967
          ],
          [
            76.5022018,
            9.6125383
          ],
          [
            76.5021924,
            9.6125739
          ],
          [
            76.5018222,
            9.6132061
          ]
        ]
      }
    },
    {
      "type": "Feature",
      "properties": {
        "name": "Residential Road",
        "highway": "residential",
        "surface": "asphalt",
        "osm_id": 634048822
      },
      "geometry": {
        "type": "LineString",
        "coordinates": [
          [
            76.507605,
            9.6145321
          ],
          [
            76.50733,
            9.6146931
          ],
          [
            76.507155,
            9.6147833
          ],
          [
            76.5069731,
            9.6148565
          ],
          [
            76.5068137,
            9.6149055
          ],
          [
            76.5066184,
            9.6149444
          ],
          [
            76.5062957,
            9.6149735
          ],
          [
            76.5061037,
            9.6149895
          ],
          [
            76.5060226,
            9.6150023
          ],
          [
            76.5059888,
            9.6150253
          ],
          [
            76.5059733,
            9.6150611
          ],
          [
            76.5059862,
            9.6153984
          ]
        ]
      }
    },
    {
      "type": "Feature",
      "properties": {
        "name": "Residential Road",
        "highway": "residential",
        "surface": "asphalt",
        "osm_id": 634048831
      },
      "geometry": {
        "type": "LineString",
        "coordinates": [
          [
            76.5085523,
            9.6160795
          ],
          [
            76.5084447,
            9.6161496
          ],
          [
            76.5083466,
            9.6162125
          ],
          [
            76.5082273,
            9.6162571
          ],
          [
            76.5080016,
            9.6163072
          ],
          [
            76.5078101,
            9.6163497
          ],
          [
            76.5076119,
            9.6163877
          ]
        ]
      }
    },
    {
      "type": "Feature",
      "properties": {
        "name": "Residential Road",
        "highway": "residential",
        "surface": "asphalt",
        "osm_id": 634048834
      },
      "geometry": {
        "type": "LineString",
        "coordinates": [
          [
            76.4741208,
            9.610998
          ],
          [
            76.4746281,
            9.6109488
          ],
          [
            76.4751044,
            9.6109168
          ],
          [
            76.475128,
            9.6106989
          ],
          [
            76.475873,
            9.6107449
          ],
          [
            76.4761662,
            9.6107486
          ],
          [
            76.4762351,
            9.6107467
          ],
          [
            76.4766781,
            9.6108124
          ],
          [
            76.4772311,
            9.6108972
          ]
        ]
      }
    },
    {
      "type": "Feature",
      "properties": {
        "name": "Residential Road",
        "highway": "residential",
        "surface": "asphalt",
        "osm_id": 634048849
      },
      "geometry": {
        "type": "LineString",
        "coordinates": [
          [
            76.5023128,
            9.6099479
          ],
          [
            76.5020274,
            9.6100228
          ],
          [
            76.501864,
            9.6100569
          ],
          [
            76.5018,
            9.610083
          ],
          [
            76.5017824,
            9.6101243
          ],
          [
            76.5017758,
            9.610233
          ],
          [
            76.5017648,
            9.6102699
          ],
          [
            76.5017295,
            9.6102829
          ],
          [
            76.5015619,
            9.6102938
          ]
        ]
      }
    },
    {
      "type": "Feature",
      "properties": {
        "name": "Residential Road",
        "highway": "residential",
        "surface": "asphalt",
        "osm_id": 634048850
      },
      "geometry": {
        "type": "LineString",
        "coordinates": [
          [
            76.501956,
            9.6114806
          ],
          [
            76.5021433,
            9.6111458
          ],
          [
            76.5021426,
            9.611048
          ],
          [
            76.5021439,
            9.6109329
          ],
          [
            76.5021871,
            9.6106808
          ],
          [
            76.5023492,
            9.6101563
          ],
          [
            76.5023723,
            9.6100875
          ],
          [
            76.5023671,
            9.6100256
          ],
          [
            76.5023128,
            9.6099479
          ],
          [
            76.5022989,
            9.6096383
          ],
          [
            76.5023203,
            9.6095678
          ],
          [
            76.5023688,
            9.6095374
          ],
          [
            76.5024835,
            9.6095243
          ]
        ]
      }
    },
    {
      "type": "Feature",
      "properties": {
        "name": "Tertiary Road",
        "highway": "tertiary",
        "surface": "asphalt",
        "osm_id": 634048851
      },
      "geometry": {
        "type": "LineString",
        "coordinates": [
          [
            76.4794802,
            9.6223966
          ],
          [
            76.4789143,
            9.6225824
          ],
          [
            76.4783523,
            9.6227668
          ],
          [
            76.4781533,
            9.6228095
          ],
          [
            76.4779414,
            9.6228266
          ],
          [
            76.4778362,
            9.6228252
          ],
          [
            76.4777537,
            9.6228011
          ],
          [
            76.4776817,
            9.6227679
          ],
          [
            76.4776043,
            9.6227069
          ],
          [
            76.4775444,
            9.6226367
          ],
          [
            76.4774658,
            9.6225331
          ],
          [
            76.4773929,
            9.6224075
          ],
          [
            76.4772393,
            9.6221071
          ],
          [
            76.4770951,
            9.6216648
          ],
          [
            76.4770586,
            9.621572
          ],
          [
            76.4770194,
            9.6215012
          ],
          [
            76.4769548,
            9.6214234
          ],
          [
            76.4768847,
            9.6213621
          ],
          [
            76.4766836,
            9.6212228
          ],
          [
            76.4765351,
            9.6210751
          ],
          [
            76.4765239,
            9.6210678
          ]
        ]
      }
    },
    {
      "type": "Feature",
      "properties": {
        "name": "Residential Road",
        "highway": "residential",
        "surface": "asphalt",
        "osm_id": 634048863
      },
      "geometry": {
        "type": "LineString",
        "coordinates": [
          [
            76.4840898,
            9.6111005
          ],
          [
            76.4839605,
            9.6104517
          ],
          [
            76.4839038,
            9.6100347
          ]
        ]
      }
    },
    {
      "type": "Feature",
      "properties": {
        "name": "Residential Road",
        "highway": "residential",
        "surface": "asphalt",
        "osm_id": 634048867
      },
      "geometry": {
        "type": "LineString",
        "coordinates": [
          [
            76.4782682,
            9.621999
          ],
          [
            76.4782736,
            9.6217676
          ],
          [
            76.4782481,
            9.6216658
          ],
          [
            76.4781824,
            9.6216129
          ],
          [
            76.4781703,
            9.6214846
          ],
          [
            76.4782079,
            9.621318
          ],
          [
            76.4782307,
            9.6210721
          ],
          [
            76.4782575,
            9.6209729
          ],
          [
            76.4783715,
            9.620965
          ],
          [
            76.4786316,
            9.6209663
          ],
          [
            76.4787108,
            9.6209412
          ],
          [
            76.4787349,
            9.6208658
          ],
          [
            76.4786859,
            9.6206031
          ],
          [
            76.478642,
            9.6203926
          ],
          [
            76.4785923,
            9.6201447
          ],
          [
            76.4785514,
            9.6199343
          ],
          [
            76.4785341,
            9.6196377
          ],
          [
            76.4785632,
            9.6191361
          ],
          [
            76.4785542,
            9.6186021
          ],
          [
            76.4785183,
            9.6183104
          ],
          [
            76.4785183,
            9.6182027
          ],
          [
            76.4785497,
            9.618032
          ],
          [
            76.4785958,
            9.6178068
          ],
          [
            76.4786258,
            9.6175491
          ],
          [
            76.4786469,
            9.6172469
          ],
          [
            76.4786288,
            9.6170227
          ],
          [
            76.4781108,
            9.6170324
          ],
          [
            76.4776574,
            9.6159944
          ],
          [
            76.4775974,
            9.6159437
          ],
          [
            76.4773058,
            9.6160536
          ],
          [
            76.4772755,
            9.6160637
          ],
          [
            76.4769598,
            9.6161692
          ],
          [
            76.4766568,
            9.6162368
          ],
          [
            76.4764395,
            9.6162706
          ],
          [
            76.4763436,
            9.6162573
          ]
        ]
      }
    },
    {
      "type": "Feature",
      "properties": {
        "name": "Residential Road",
        "highway": "residential",
        "surface": "asphalt",
        "osm_id": 634048873
      },
      "geometry": {
        "type": "LineString",
        "coordinates": [
          [
            76.5004061,
            9.6134922
          ],
          [
            76.4999435,
            9.6135551
          ]
        ]
      }
    },
    {
      "type": "Feature",
      "properties": {
        "name": "Residential Road",
        "highway": "residential",
        "surface": "asphalt",
        "osm_id": 634048876
      },
      "geometry": {
        "type": "LineString",
        "coordinates": [
          [
            76.4949313,
            9.6142391
          ],
          [
            76.4948812,
            9.6140714
          ],
          [
            76.4948909,
            9.6138804
          ],
          [
            76.4948701,
            9.613819
          ],
          [
            76.4948156,
            9.6136962
          ],
          [
            76.4947793,
            9.6136131
          ],
          [
            76.4947871,
            9.6133777
          ],
          [
            76.4947793,
            9.6131922
          ],
          [
            76.4947533,
            9.6131103
          ],
          [
            76.4946846,
            9.6130719
          ],
          [
            76.494538,
            9.6130528
          ],
          [
            76.4944705,
            9.6130067
          ],
          [
            76.4944445,
            9.6129517
          ],
          [
            76.4944455,
            9.6129019
          ],
          [
            76.4944471,
            9.6128212
          ],
          [
            76.4944458,
            9.6125756
          ],
          [
            76.4944186,
            9.6123402
          ],
          [
            76.4943926,
            9.6119948
          ],
          [
            76.4943628,
            9.6117134
          ],
          [
            76.4943615,
            9.6115714
          ],
          [
            76.4943836,
            9.6115215
          ],
          [
            76.4944562,
            9.611501
          ],
          [
            76.4944977,
            9.6114652
          ],
          [
            76.4945185,
            9.6114038
          ],
          [
            76.4944913,
            9.6112068
          ],
          [
            76.4944497,
            9.6109766
          ],
          [
            76.4944264,
            9.6108333
          ],
          [
            76.4944329,
            9.6107587
          ],
          [
            76.4944344,
            9.610737
          ],
          [
            76.4944494,
            9.6105044
          ]
        ]
      }
    },
    {
      "type": "Feature",
      "properties": {
        "name": "Residential Road",
        "highway": "residential",
        "surface": "asphalt",
        "osm_id": 634048877
      },
      "geometry": {
        "type": "LineString",
        "coordinates": [
          [
            76.4916459,
            9.6236861
          ],
          [
            76.4914422,
            9.623562
          ],
          [
            76.491334,
            9.6234784
          ],
          [
            76.4912405,
            9.6233718
          ],
          [
            76.4911762,
            9.6232824
          ],
          [
            76.4911148,
            9.6230864
          ],
          [
            76.4910417,
            9.6227116
          ],
          [
            76.4909686,
            9.6224176
          ],
          [
            76.4909247,
            9.6222014
          ],
          [
            76.4909159,
            9.6220861
          ],
          [
            76.4909218,
            9.6216998
          ],
          [
            76.4908809,
            9.6214197
          ],
          [
            76.4908692,
            9.6213395
          ],
          [
            76.4908253,
            9.6205582
          ],
          [
            76.4907955,
            9.6201961
          ],
          [
            76.4907922,
            9.6201559
          ],
          [
            76.490754,
            9.6196791
          ],
          [
            76.4907184,
            9.6190216
          ],
          [
            76.4907158,
            9.6187129
          ],
          [
            76.4906827,
            9.6184419
          ],
          [
            76.4906394,
            9.6182838
          ],
          [
            76.4906194,
            9.6182621
          ],
          [
            76.4905766,
            9.6182011
          ],
          [
            76.4905439,
            9.618161
          ],
          [
            76.4905316,
            9.6181035
          ],
          [
            76.4904391,
            9.6181157
          ],
          [
            76.4902678,
            9.6181608
          ],
          [
            76.4899904,
            9.6181508
          ],
          [
            76.4895398,
            9.6181508
          ],
          [
            76.4892319,
            9.6181909
          ],
          [
            76.4890653,
            9.6182478
          ],
          [
            76.4889748,
            9.6182788
          ],
          [
            76.4886337,
            9.6184093
          ],
          [
            76.4884224,
            9.6184595
          ],
          [
            76.4881586,
            9.6184474
          ],
          [
            76.4881242,
            9.6184488
          ],
          [
            76.4878882,
            9.6184583
          ],
          [
            76.48784,
            9.6184635
          ],
          [
            76.4876739,
            9.6184813
          ],
          [
            76.4874762,
            9.6184938
          ],
          [
            76.4870999,
            9.618504
          ],
          [
            76.4868651,
            9.6185016
          ],
          [
            76.4867237,
            9.6185601
          ],
          [
            76.4866902,
            9.6186088
          ],
          [
            76.4866283,
            9.6186908
          ],
          [
            76.4865046,
            9.618796
          ],
          [
            76.4864215,
            9.6188487
          ],
          [
            76.4859682,
            9.6188803
          ],
          [
            76.4854476,
            9.618997
          ],
          [
            76.4853219,
            9.6190329
          ],
          [
            76.4851424,
            9.6191361
          ],
          [
            76.4850675,
            9.619193
          ],
          [
            76.4850302,
            9.6192214
          ],
          [
            76.4847454,
            9.6195506
          ],
          [
            76.4845904,
            9.6196208
          ],
          [
            76.4844378,
            9.6196747
          ],
          [
            76.4843656,
            9.6196831
          ],
          [
            76.4842852,
            9.6196792
          ],
          [
            76.4841637,
            9.6196244
          ],
          [
            76.4837422,
            9.6194638
          ],
          [
            76.4833607,
            9.6192573
          ],
          [
            76.483253,
            9.619172
          ],
          [
            76.4829344,
            9.6188579
          ],
          [
            76.4828069,
            9.6187762
          ],
          [
            76.4826588,
            9.6187229
          ],
          [
            76.4823599,
            9.6186514
          ],
          [
            76.482199,
            9.61863
          ],
          [
            76.4820344,
            9.6186082
          ],
          [
            76.4818762,
            9.6185955
          ],
          [
            76.4817922,
            9.6186011
          ],
          [
            76.4816237,
            9.6185954
          ],
          [
            76.4815188,
            9.6186125
          ],
          [
            76.4813862,
            9.6186653
          ],
          [
            76.481334,
            9.6187167
          ],
          [
            76.4813105,
            9.618735
          ]
        ]
      }
    },
    {
      "type": "Feature",
      "properties": {
        "name": "Residential Road",
        "highway": "residential",
        "surface": "asphalt",
        "osm_id": 634048878
      },
      "geometry": {
        "type": "LineString",
        "coordinates": [
          [
            76.4911811,
            9.6159828
          ],
          [
            76.4912465,
            9.6159635
          ],
          [
            76.4913874,
            9.6159195
          ],
          [
            76.4916784,
            9.6157263
          ],
          [
            76.4918835,
            9.615576
          ],
          [
            76.4919248,
            9.6154789
          ],
          [
            76.4919214,
            9.6154021
          ],
          [
            76.4919595,
            9.6153484
          ],
          [
            76.4922647,
            9.6152766
          ],
          [
            76.4923486,
            9.6152463
          ],
          [
            76.4926193,
            9.6151038
          ],
          [
            76.4927201,
            9.6150701
          ],
          [
            76.4928256,
            9.6150342
          ],
          [
            76.492931,
            9.6150152
          ],
          [
            76.4935905,
            9.6149222
          ]
        ]
      }
    },
    {
      "type": "Feature",
      "properties": {
        "name": "Residential Road",
        "highway": "residential",
        "surface": "asphalt",
        "osm_id": 634048880
      },
      "geometry": {
        "type": "LineString",
        "coordinates": [
          [
            76.5055221,
            9.612849
          ],
          [
            76.5054368,
            9.6124058
          ],
          [
            76.5054225,
            9.612376
          ],
          [
            76.5054004,
            9.6123642
          ],
          [
            76.5053604,
            9.6123589
          ],
          [
            76.5053392,
            9.6123466
          ],
          [
            76.5053312,
            9.6123252
          ],
          [
            76.5053279,
            9.6121501
          ],
          [
            76.505284,
            9.611825
          ],
          [
            76.5052755,
            9.6117621
          ],
          [
            76.5052706,
            9.611733
          ],
          [
            76.5051719,
            9.6111539
          ],
          [
            76.5051775,
            9.6110996
          ],
          [
            76.5051909,
            9.6110507
          ],
          [
            76.5052485,
            9.6110229
          ],
          [
            76.5053223,
            9.6109766
          ],
          [
            76.5053867,
            9.6109171
          ],
          [
            76.5054283,
            9.610847
          ],
          [
            76.5054484,
            9.6107412
          ],
          [
            76.5054591,
            9.6106156
          ],
          [
            76.5055141,
            9.6105323
          ],
          [
            76.5056683,
            9.6104305
          ],
          [
            76.5058038,
            9.6103789
          ],
          [
            76.5058695,
            9.6103446
          ],
          [
            76.5059178,
            9.6101951
          ],
          [
            76.5060116,
            9.6099399
          ],
          [
            76.5060666,
            9.6097998
          ],
          [
            76.5060505,
            9.6096715
          ],
          [
            76.506021,
            9.6095049
          ],
          [
            76.506009,
            9.6094282
          ],
          [
            76.5060116,
            9.6093938
          ],
          [
            76.5060438,
            9.6093806
          ],
          [
            76.5061471,
            9.6093753
          ],
          [
            76.5064944,
            9.609448
          ],
          [
            76.5066701,
            9.6094824
          ],
          [
            76.5067439,
            9.6094851
          ],
          [
            76.5068686,
            9.6094547
          ],
          [
            76.5070362,
            9.6093991
          ],
          [
            76.5071864,
            9.6093806
          ],
          [
            76.5074708,
            9.6093661
          ],
          [
            76.5076129,
            9.6093568
          ],
          [
            76.5076451,
            9.6093383
          ],
          [
            76.50768,
            9.6093039
          ],
          [
            76.5077524,
            9.6092907
          ],
          [
            76.5081976,
            9.6092404
          ],
          [
            76.5083465,
            9.6092246
          ],
          [
            76.5084793,
            9.6092391
          ],
          [
            76.5086429,
            9.6093105
          ],
          [
            76.5087596,
            9.6094004
          ],
          [
            76.5088111,
            9.6095156
          ]
        ]
      }
    },
    {
      "type": "Feature",
      "properties": {
        "name": "Residential Road",
        "highway": "residential",
        "surface": "asphalt",
        "osm_id": 634048887
      },
      "geometry": {
        "type": "LineString",
        "coordinates": [
          [
            76.4970363,
            9.6117907
          ],
          [
            76.4964837,
            9.611789
          ]
        ]
      }
    },
    {
      "type": "Feature",
      "properties": {
        "name": "Residential Road",
        "highway": "residential",
        "surface": "asphalt",
        "osm_id": 634048889
      },
      "geometry": {
        "type": "LineString",
        "coordinates": [
          [
            76.5000516,
            9.6200696
          ],
          [
            76.5000156,
            9.6199402
          ],
          [
            76.500037,
            9.6197644
          ],
          [
            76.5001617,
            9.6197392
          ],
          [
            76.500387,
            9.6196652
          ],
          [
            76.5004595,
            9.6194986
          ],
          [
            76.5004609,
            9.6192461
          ],
          [
            76.5004307,
            9.6191401
          ],
          [
            76.5003965,
            9.6190041
          ],
          [
            76.5003841,
            9.6189223
          ],
          [
            76.500211,
            9.6186743
          ],
          [
            76.50018,
            9.6185786
          ],
          [
            76.500165,
            9.618518
          ]
        ]
      }
    },
    {
      "type": "Feature",
      "properties": {
        "name": "Residential Road",
        "highway": "residential",
        "surface": "asphalt",
        "osm_id": 634048895
      },
      "geometry": {
        "type": "LineString",
        "coordinates": [
          [
            76.5043692,
            9.6126661
          ],
          [
            76.5042786,
            9.6124546
          ],
          [
            76.5042494,
            9.6123941
          ],
          [
            76.5042092,
            9.6123001
          ],
          [
            76.5041468,
            9.6121654
          ],
          [
            76.5041161,
            9.612028
          ],
          [
            76.5041017,
            9.611962
          ],
          [
            76.5041165,
            9.6119398
          ],
          [
            76.5041981,
            9.6119141
          ],
          [
            76.5043164,
            9.6118926
          ],
          [
            76.5043531,
            9.6118886
          ],
          [
            76.5043889,
            9.6118586
          ],
          [
            76.504387,
            9.6118222
          ],
          [
            76.5043668,
            9.6117456
          ],
          [
            76.5043046,
            9.611597
          ],
          [
            76.5041127,
            9.6113799
          ],
          [
            76.5040942,
            9.6112944
          ],
          [
            76.5040616,
            9.6111937
          ],
          [
            76.5040121,
            9.611096
          ],
          [
            76.5039951,
            9.6110273
          ],
          [
            76.5040028,
            9.6108716
          ],
          [
            76.5039734,
            9.6107296
          ],
          [
            76.5039362,
            9.61058
          ],
          [
            76.5039317,
            9.6103924
          ],
          [
            76.5039468,
            9.6103453
          ],
          [
            76.5039883,
            9.6103204
          ],
          [
            76.5040858,
            9.6103294
          ],
          [
            76.5043427,
            9.610369
          ],
          [
            76.5044254,
            9.6103622
          ],
          [
            76.5045248,
            9.6102926
          ],
          [
            76.5045718,
            9.610246
          ],
          [
            76.5046066,
            9.610203
          ],
          [
            76.5045122,
            9.6098519
          ],
          [
            76.5044023,
            9.6096916
          ],
          [
            76.5042598,
            9.6095191
          ]
        ]
      }
    },
    {
      "type": "Feature",
      "properties": {
        "name": "Residential Road",
        "highway": "residential",
        "surface": "asphalt",
        "osm_id": 634048901
      },
      "geometry": {
        "type": "LineString",
        "coordinates": [
          [
            76.5071936,
            9.6159177
          ],
          [
            76.5073527,
            9.6158853
          ],
          [
            76.5076788,
            9.6157506
          ],
          [
            76.508031,
            9.6155685
          ]
        ]
      }
    },
    {
      "type": "Feature",
      "properties": {
        "name": "Residential Road",
        "highway": "residential",
        "surface": "asphalt",
        "osm_id": 634048913
      },
      "geometry": {
        "type": "LineString",
        "coordinates": [
          [
            76.4973747,
            9.6168595
          ],
          [
            76.4971374,
            9.6157878
          ],
          [
            76.497141,
            9.6157251
          ],
          [
            76.4971696,
            9.6156688
          ],
          [
            76.497296,
            9.6156294
          ],
          [
            76.497344,
            9.6156
          ],
          [
            76.4973681,
            9.6155524
          ],
          [
            76.4973689,
            9.6155116
          ],
          [
            76.4972635,
            9.6152351
          ],
          [
            76.4972346,
            9.6151446
          ],
          [
            76.4971613,
            9.6150097
          ],
          [
            76.4971661,
            9.6147081
          ],
          [
            76.4971612,
            9.6145723
          ],
          [
            76.4971719,
            9.6143717
          ]
        ]
      }
    },
    {
      "type": "Feature",
      "properties": {
        "name": "Residential Road",
        "highway": "residential",
        "surface": "asphalt",
        "osm_id": 634048916
      },
      "geometry": {
        "type": "LineString",
        "coordinates": [
          [
            76.484659,
            9.6118077
          ],
          [
            76.4846173,
            9.6114798
          ],
          [
            76.484542,
            9.6110023
          ]
        ]
      }
    },
    {
      "type": "Feature",
      "properties": {
        "name": "Residential Road",
        "highway": "residential",
        "surface": "asphalt",
        "osm_id": 634048921
      },
      "geometry": {
        "type": "LineString",
        "coordinates": [
          [
            76.4998638,
            9.6131876
          ],
          [
            76.4999435,
            9.6135551
          ],
          [
            76.4999963,
            9.6137481
          ],
          [
            76.5000599,
            9.6140106
          ]
        ]
      }
    },
    {
      "type": "Feature",
      "properties": {
        "name": "Residential Road",
        "highway": "residential",
        "surface": "asphalt",
        "osm_id": 634048925
      },
      "geometry": {
        "type": "LineString",
        "coordinates": [
          [
            76.5098748,
            9.6136169
          ],
          [
            76.5098212,
            9.6135452
          ],
          [
            76.5097118,
            9.6133799
          ],
          [
            76.5096629,
            9.6133307
          ],
          [
            76.5096235,
            9.6133242
          ],
          [
            76.5091567,
            9.6132787
          ],
          [
            76.5090385,
            9.6132576
          ],
          [
            76.5090222,
            9.6132572
          ],
          [
            76.508736,
            9.6131987
          ],
          [
            76.5086176,
            9.6131823
          ],
          [
            76.5085287,
            9.6131598
          ],
          [
            76.5084473,
            9.6131531
          ],
          [
            76.5083244,
            9.6131607
          ],
          [
            76.508085,
            9.6131954
          ],
          [
            76.5078904,
            9.613243
          ],
          [
            76.5074632,
            9.6132774
          ]
        ]
      }
    },
    {
      "type": "Feature",
      "properties": {
        "name": "Residential Road",
        "highway": "residential",
        "surface": "asphalt",
        "osm_id": 634048936
      },
      "geometry": {
        "type": "LineString",
        "coordinates": [
          [
            76.5070692,
            9.6189994
          ],
          [
            76.507156,
            9.6194004
          ]
        ]
      }
    },
    {
      "type": "Feature",
      "properties": {
        "name": "Residential Road",
        "highway": "residential",
        "surface": "asphalt",
        "osm_id": 634048941
      },
      "geometry": {
        "type": "LineString",
        "coordinates": [
          [
            76.484963,
            9.6109601
          ],
          [
            76.4849061,
            9.6107629
          ],
          [
            76.4848798,
            9.6105557
          ],
          [
            76.4848673,
            9.6103431
          ],
          [
            76.4848826,
            9.6101524
          ],
          [
            76.4848956,
            9.6099405
          ],
          [
            76.4849629,
            9.6087826
          ],
          [
            76.4850974,
            9.6082329
          ]
        ]
      }
    },
    {
      "type": "Feature",
      "properties": {
        "name": "Residential Road",
        "highway": "residential",
        "surface": "asphalt",
        "osm_id": 634048942
      },
      "geometry": {
        "type": "LineString",
        "coordinates": [
          [
            76.5048304,
            9.6196676
          ],
          [
            76.5048647,
            9.6194372
          ]
        ]
      }
    },
    {
      "type": "Feature",
      "properties": {
        "name": "Residential Road",
        "highway": "residential",
        "surface": "asphalt",
        "osm_id": 634048944
      },
      "geometry": {
        "type": "LineString",
        "coordinates": [
          [
            76.5034497,
            9.6122431
          ],
          [
            76.5033791,
            9.6125123
          ],
          [
            76.5033322,
            9.6127794
          ],
          [
            76.5032817,
            9.6133062
          ]
        ]
      }
    },
    {
      "type": "Feature",
      "properties": {
        "name": "Residential Road",
        "highway": "residential",
        "surface": "asphalt",
        "osm_id": 634048946
      },
      "geometry": {
        "type": "LineString",
        "coordinates": [
          [
            76.4785341,
            9.6196377
          ],
          [
            76.478279,
            9.6196355
          ],
          [
            76.4779023,
            9.6196204
          ],
          [
            76.477636,
            9.6196363
          ]
        ]
      }
    },
    {
      "type": "Feature",
      "properties": {
        "name": "Residential Road",
        "highway": "residential",
        "surface": "asphalt",
        "osm_id": 634048948
      },
      "geometry": {
        "type": "LineString",
        "coordinates": [
          [
            76.4760883,
            9.6166846
          ],
          [
            76.4762426,
            9.6171346
          ],
          [
            76.476289,
            9.6171937
          ],
          [
            76.4763534,
            9.6172469
          ],
          [
            76.4763908,
            9.6172705
          ],
          [
            76.4766777,
            9.6174514
          ],
          [
            76.476764,
            9.6175018
          ],
          [
            76.4767823,
            9.6175879
          ],
          [
            76.4767608,
            9.6178841
          ],
          [
            76.4767367,
            9.618101
          ],
          [
            76.4767447,
            9.6182068
          ],
          [
            76.4767742,
            9.6182567
          ]
        ]
      }
    },
    {
      "type": "Feature",
      "properties": {
        "name": "Residential Road",
        "highway": "residential",
        "surface": "asphalt",
        "osm_id": 634048949
      },
      "geometry": {
        "type": "LineString",
        "coordinates": [
          [
            76.4767742,
            9.6182567
          ],
          [
            76.4770135,
            9.6181881
          ],
          [
            76.4772764,
            9.6180518
          ],
          [
            76.4774276,
            9.6180165
          ],
          [
            76.4775394,
            9.6180188
          ],
          [
            76.4775684,
            9.6180096
          ]
        ]
      }
    },
    {
      "type": "Feature",
      "properties": {
        "name": "Residential Road",
        "highway": "residential",
        "surface": "asphalt",
        "osm_id": 634048950
      },
      "geometry": {
        "type": "LineString",
        "coordinates": [
          [
            76.4841949,
            9.6194122
          ],
          [
            76.4841738,
            9.6195766
          ]
        ]
      }
    },
    {
      "type": "Feature",
      "properties": {
        "name": "Secondary Road",
        "highway": "secondary",
        "surface": "asphalt",
        "osm_id": 634048951
      },
      "geometry": {
        "type": "LineString",
        "coordinates": [
          [
            76.4953587,
            9.6231522
          ],
          [
            76.4954066,
            9.6231455
          ],
          [
            76.4957588,
            9.6230032
          ],
          [
            76.4957917,
            9.622999
          ],
          [
            76.4958288,
            9.6230054
          ],
          [
            76.4961036,
            9.6232051
          ],
          [
            76.4961238,
            9.62321
          ],
          [
            76.4961466,
            9.623206
          ],
          [
            76.4963661,
            9.6230529
          ],
          [
            76.4964093,
            9.6230261
          ],
          [
            76.4964659,
            9.6229994
          ],
          [
            76.496526,
            9.6229908
          ],
          [
            76.4965995,
            9.6229856
          ],
          [
            76.4969574,
            9.6229765
          ],
          [
            76.4974981,
            9.6230416
          ],
          [
            76.4977442,
            9.6230531
          ],
          [
            76.4980076,
            9.6230435
          ],
          [
            76.4982055,
            9.6230026
          ],
          [
            76.4983426,
            9.6229854
          ],
          [
            76.4984846,
            9.62301
          ],
          [
            76.4985781,
            9.6230468
          ],
          [
            76.4986865,
            9.6231033
          ],
          [
            76.4987886,
            9.6231795
          ],
          [
            76.4989332,
            9.6233687
          ],
          [
            76.498993,
            9.6234252
          ],
          [
            76.4990781,
            9.6234548
          ],
          [
            76.4996782,
            9.6234568
          ],
          [
            76.5003644,
            9.6233686
          ],
          [
            76.5004456,
            9.6233401
          ],
          [
            76.5005013,
            9.6233048
          ],
          [
            76.5008091,
            9.6230574
          ],
          [
            76.5009017,
            9.6229936
          ],
          [
            76.5010111,
            9.6229497
          ],
          [
            76.5020882,
            9.6226983
          ],
          [
            76.5021847,
            9.622668
          ],
          [
            76.5022811,
            9.6226265
          ],
          [
            76.5025992,
            9.6224234
          ],
          [
            76.5027613,
            9.6223607
          ],
          [
            76.5029319,
            9.6223214
          ],
          [
            76.5033133,
            9.6222585
          ],
          [
            76.5035413,
            9.622208
          ],
          [
            76.5040257,
            9.6222366
          ],
          [
            76.5040539,
            9.6222226
          ],
          [
            76.5040618,
            9.622196
          ],
          [
            76.5040136,
            9.6214551
          ],
          [
            76.5040457,
            9.6210902
          ],
          [
            76.5040671,
            9.6208504
          ],
          [
            76.5040721,
            9.6207939
          ],
          [
            76.5040946,
            9.620633
          ],
          [
            76.5041435,
            9.6204728
          ],
          [
            76.5043425,
            9.6199344
          ],
          [
            76.5044108,
            9.619666
          ]
        ]
      }
    },
    {
      "type": "Feature",
      "properties": {
        "name": "Residential Road",
        "highway": "residential",
        "surface": "asphalt",
        "osm_id": 634048952
      },
      "geometry": {
        "type": "LineString",
        "coordinates": [
          [
            76.5041435,
            9.6204728
          ],
          [
            76.50379,
            9.6203564
          ],
          [
            76.503554,
            9.620298
          ],
          [
            76.5034758,
            9.6202852
          ],
          [
            76.5034085,
            9.6202845
          ],
          [
            76.5031258,
            9.6203025
          ]
        ]
      }
    },
    {
      "type": "Feature",
      "properties": {
        "name": "Residential Road",
        "highway": "residential",
        "surface": "asphalt",
        "osm_id": 634048954
      },
      "geometry": {
        "type": "LineString",
        "coordinates": [
          [
            76.5001315,
            9.6184565
          ],
          [
            76.4996194,
            9.6186077
          ],
          [
            76.4992567,
            9.6186954
          ],
          [
            76.4992228,
            9.6187044
          ],
          [
            76.4991917,
            9.6187032
          ],
          [
            76.499168,
            9.6186909
          ],
          [
            76.499146,
            9.6186494
          ],
          [
            76.4991527,
            9.6184758
          ],
          [
            76.4991498,
            9.6182828
          ],
          [
            76.4991392,
            9.6182452
          ],
          [
            76.4991181,
            9.6182217
          ],
          [
            76.499084,
            9.6182113
          ],
          [
            76.4988926,
            9.6182189
          ],
          [
            76.4988405,
            9.6182162
          ],
          [
            76.4988019,
            9.6181834
          ],
          [
            76.4987885,
            9.6181213
          ],
          [
            76.4987624,
            9.6179171
          ],
          [
            76.4987722,
            9.6176922
          ],
          [
            76.4987929,
            9.6174446
          ],
          [
            76.4987977,
            9.6173986
          ],
          [
            76.4987988,
            9.6173644
          ],
          [
            76.4987933,
            9.6173358
          ],
          [
            76.4987313,
            9.6171969
          ],
          [
            76.4986643,
            9.6170393
          ],
          [
            76.4985738,
            9.6168425
          ]
        ]
      }
    },
    {
      "type": "Feature",
      "properties": {
        "name": "Residential Road",
        "highway": "residential",
        "surface": "asphalt",
        "osm_id": 634048956
      },
      "geometry": {
        "type": "LineString",
        "coordinates": [
          [
            76.5074802,
            9.613951
          ],
          [
            76.5072685,
            9.6139432
          ],
          [
            76.5069772,
            9.6138671
          ],
          [
            76.5066799,
            9.613834
          ]
        ]
      }
    },
    {
      "type": "Feature",
      "properties": {
        "name": "Residential Road",
        "highway": "residential",
        "surface": "asphalt",
        "osm_id": 634048957
      },
      "geometry": {
        "type": "LineString",
        "coordinates": [
          [
            76.4958304,
            9.6142342
          ],
          [
            76.4958514,
            9.6147728
          ],
          [
            76.4960818,
            9.614774
          ],
          [
            76.4961057,
            9.6147827
          ],
          [
            76.4961202,
            9.6148006
          ],
          [
            76.4961821,
            9.614953
          ],
          [
            76.496183,
            9.6149799
          ],
          [
            76.4961774,
            9.6150104
          ],
          [
            76.496026,
            9.6156575
          ],
          [
            76.4960197,
            9.6157365
          ],
          [
            76.4960235,
            9.6157917
          ],
          [
            76.4960406,
            9.6158498
          ],
          [
            76.4960738,
            9.6159199
          ],
          [
            76.4963716,
            9.6163823
          ],
          [
            76.4963742,
            9.6164121
          ],
          [
            76.4963642,
            9.6164398
          ],
          [
            76.496117,
            9.6166303
          ],
          [
            76.495868,
            9.6168149
          ],
          [
            76.4958587,
            9.6168346
          ],
          [
            76.4958587,
            9.6168573
          ],
          [
            76.4959874,
            9.6170918
          ],
          [
            76.4960155,
            9.617167
          ],
          [
            76.4960304,
            9.6172552
          ],
          [
            76.4960355,
            9.6173671
          ],
          [
            76.4960143,
            9.617492
          ],
          [
            76.4959676,
            9.6176771
          ]
        ]
      }
    },
    {
      "type": "Feature",
      "properties": {
        "name": "Residential Road",
        "highway": "residential",
        "surface": "asphalt",
        "osm_id": 634048958
      },
      "geometry": {
        "type": "LineString",
        "coordinates": [
          [
            76.4961746,
            9.6109003
          ],
          [
            76.4962609,
            9.6111844
          ],
          [
            76.4962608,
            9.6113393
          ],
          [
            76.4964164,
            9.6115152
          ],
          [
            76.4964331,
            9.6115374
          ],
          [
            76.4964407,
            9.6115647
          ],
          [
            76.4964837,
            9.611789
          ],
          [
            76.4965249,
            9.612177
          ]
        ]
      }
    },
    {
      "type": "Feature",
      "properties": {
        "name": "Residential Road",
        "highway": "residential",
        "surface": "asphalt",
        "osm_id": 634048959
      },
      "geometry": {
        "type": "LineString",
        "coordinates": [
          [
            76.4962608,
            9.6113393
          ],
          [
            76.4959607,
            9.6113346
          ],
          [
            76.4959091,
            9.6113289
          ],
          [
            76.4958764,
            9.6113207
          ],
          [
            76.4953936,
            9.6111748
          ],
          [
            76.495083,
            9.6110891
          ],
          [
            76.4950606,
            9.6110719
          ],
          [
            76.4950426,
            9.6110507
          ],
          [
            76.4949742,
            9.6109305
          ],
          [
            76.4949527,
            9.6109054
          ],
          [
            76.4949309,
            9.6108969
          ],
          [
            76.4944344,
            9.610737
          ]
        ]
      }
    },
    {
      "type": "Feature",
      "properties": {
        "name": "Secondary Road",
        "highway": "secondary",
        "surface": "asphalt",
        "osm_id": 634048960
      },
      "geometry": {
        "type": "LineString",
        "coordinates": [
          [
            76.4945227,
            9.6061796
          ],
          [
            76.494449,
            9.6062767
          ],
          [
            76.4944236,
            9.606522
          ],
          [
            76.4944092,
            9.6069207
          ],
          [
            76.4943742,
            9.607091
          ],
          [
            76.4943616,
            9.6071468
          ],
          [
            76.49434,
            9.6072009
          ],
          [
            76.4943278,
            9.6072551
          ],
          [
            76.4942348,
            9.6073565
          ],
          [
            76.4940807,
            9.6075967
          ],
          [
            76.4940861,
            9.6077071
          ],
          [
            76.4940883,
            9.6077779
          ],
          [
            76.4941213,
            9.6078423
          ],
          [
            76.4941381,
            9.6080237
          ],
          [
            76.4941486,
            9.6083129
          ],
          [
            76.4941494,
            9.6083913
          ],
          [
            76.4940965,
            9.6084764
          ],
          [
            76.4940223,
            9.6085186
          ],
          [
            76.4939448,
            9.6086621
          ],
          [
            76.4939373,
            9.6087814
          ],
          [
            76.4939401,
            9.6088773
          ],
          [
            76.4939053,
            9.6089949
          ],
          [
            76.4938523,
            9.6091194
          ],
          [
            76.4937856,
            9.6092369
          ],
          [
            76.4937348,
            9.6095126
          ],
          [
            76.4936576,
            9.6099209
          ],
          [
            76.4935796,
            9.6102031
          ],
          [
            76.4935662,
            9.6102692
          ],
          [
            76.493526,
            9.6103141
          ]
        ]
      }
    },
    {
      "type": "Feature",
      "properties": {
        "name": "Residential Road",
        "highway": "residential",
        "surface": "asphalt",
        "osm_id": 634048966
      },
      "geometry": {
        "type": "LineString",
        "coordinates": [
          [
            76.4885987,
            9.6095105
          ],
          [
            76.4884904,
            9.609936
          ],
          [
            76.4884538,
            9.6100956
          ],
          [
            76.488441,
            9.6102816
          ],
          [
            76.488456,
            9.6104596
          ],
          [
            76.4884889,
            9.6106112
          ],
          [
            76.4885427,
            9.6107557
          ],
          [
            76.4886549,
            9.6109832
          ],
          [
            76.4886796,
            9.6110438
          ],
          [
            76.4887013,
            9.6111163
          ],
          [
            76.4887088,
            9.6111828
          ],
          [
            76.4887103,
            9.6112375
          ],
          [
            76.4886998,
            9.61131
          ],
          [
            76.4886834,
            9.6113766
          ],
          [
            76.488634,
            9.6115247
          ],
          [
            76.4885914,
            9.6116173
          ],
          [
            76.4885398,
            9.6116952
          ],
          [
            76.4884575,
            9.6117776
          ],
          [
            76.4884029,
            9.6118067
          ],
          [
            76.4883602,
            9.6118344
          ],
          [
            76.4883064,
            9.6118837
          ],
          [
            76.4882572,
            9.6119489
          ],
          [
            76.4881269,
            9.6121216
          ],
          [
            76.4880147,
            9.6123011
          ],
          [
            76.4879556,
            9.6124223
          ],
          [
            76.4879204,
            9.6125434
          ],
          [
            76.4879137,
            9.6126138
          ],
          [
            76.4879174,
            9.6126856
          ],
          [
            76.4879354,
            9.6127611
          ],
          [
            76.4879638,
            9.6128204
          ],
          [
            76.4881089,
            9.6130461
          ],
          [
            76.488218,
            9.6132869
          ],
          [
            76.4882929,
            9.613432
          ],
          [
            76.4884635,
            9.6136789
          ],
          [
            76.4887731,
            9.6140603
          ],
          [
            76.4888682,
            9.6141455
          ],
          [
            76.4889841,
            9.6142219
          ],
          [
            76.4893389,
            9.6143747
          ],
          [
            76.4893533,
            9.6143865
          ],
          [
            76.4893737,
            9.614412
          ],
          [
            76.489407,
            9.6145159
          ],
          [
            76.4895164,
            9.6147634
          ],
          [
            76.4895724,
            9.6150598
          ],
          [
            76.4896502,
            9.6153718
          ],
          [
            76.4897118,
            9.6158333
          ],
          [
            76.4897561,
            9.6160991
          ]
        ]
      }
    },
    {
      "type": "Feature",
      "properties": {
        "name": "Residential Road",
        "highway": "residential",
        "surface": "asphalt",
        "osm_id": 634048967
      },
      "geometry": {
        "type": "LineString",
        "coordinates": [
          [
            76.4790109,
            9.6128527
          ],
          [
            76.4792095,
            9.6134276
          ],
          [
            76.4793106,
            9.6137974
          ],
          [
            76.4793461,
            9.6139278
          ],
          [
            76.479373,
            9.6140424
          ],
          [
            76.4794159,
            9.6142075
          ],
          [
            76.479535,
            9.6145389
          ],
          [
            76.4796161,
            9.614757
          ],
          [
            76.4797724,
            9.6150274
          ]
        ]
      }
    },
    {
      "type": "Feature",
      "properties": {
        "name": "Residential Road",
        "highway": "residential",
        "surface": "asphalt",
        "osm_id": 634049006
      },
      "geometry": {
        "type": "LineString",
        "coordinates": [
          [
            76.5041634,
            9.6125864
          ],
          [
            76.5038009,
            9.6130768
          ],
          [
            76.5036389,
            9.6132523
          ],
          [
            76.5036041,
            9.6133363
          ],
          [
            76.5035487,
            9.6133302
          ],
          [
            76.5034845,
            9.6133267
          ],
          [
            76.5032817,
            9.6133062
          ],
          [
            76.5032569,
            9.6133046
          ],
          [
            76.503097,
            9.6132889
          ],
          [
            76.5025766,
            9.6132324
          ],
          [
            76.5023473,
            9.6132169
          ],
          [
            76.5018222,
            9.6132061
          ],
          [
            76.5015076,
            9.61318
          ],
          [
            76.5009857,
            9.6131517
          ],
          [
            76.5003014,
            9.6131426
          ],
          [
            76.5000688,
            9.6131386
          ],
          [
            76.4998638,
            9.6131876
          ],
          [
            76.4994188,
            9.6133328
          ],
          [
            76.4991139,
            9.6133726
          ],
          [
            76.4990981,
            9.6133741
          ],
          [
            76.499081,
            9.6133755
          ],
          [
            76.4990539,
            9.6133732
          ],
          [
            76.4990347,
            9.6133676
          ],
          [
            76.4989141,
            9.6132859
          ],
          [
            76.4988573,
            9.6132437
          ],
          [
            76.498846,
            9.6132373
          ],
          [
            76.4987995,
            9.613211
          ],
          [
            76.498751,
            9.6132055
          ]
        ]
      }
    },
    {
      "type": "Feature",
      "properties": {
        "name": "Kapikkadu - Kallupura - Vakkethara - Thottakam Road",
        "highway": "secondary",
        "surface": "asphalt",
        "osm_id": 634051199
      },
      "geometry": {
        "type": "LineString",
        "coordinates": [
          [
            76.4658737,
            9.7276517
          ],
          [
            76.4662264,
            9.7276908
          ],
          [
            76.466445,
            9.7277402
          ],
          [
            76.4673114,
            9.7275961
          ],
          [
            76.4676649,
            9.7276115
          ],
          [
            76.4678988,
            9.7276755
          ],
          [
            76.4681321,
            9.7276503
          ],
          [
            76.4683735,
            9.7275063
          ],
          [
            76.4685613,
            9.7274415
          ],
          [
            76.4688858,
            9.7274891
          ],
          [
            76.4697281,
            9.7280654
          ],
          [
            76.4700848,
            9.7284408
          ],
          [
            76.4706105,
            9.728951
          ],
          [
            76.4710213,
            9.728793
          ],
          [
            76.4714903,
            9.7285835
          ],
          [
            76.4719443,
            9.7281314
          ],
          [
            76.4723419,
            9.7279332
          ],
          [
            76.4725796,
            9.7279305
          ],
          [
            76.4728823,
            9.728113
          ],
          [
            76.4730379,
            9.7281553
          ],
          [
            76.4732203,
            9.7281183
          ],
          [
            76.473624,
            9.7281606
          ],
          [
            76.4743817,
            9.7278539
          ],
          [
            76.4747974,
            9.7277085
          ],
          [
            76.475236,
            9.7275737
          ],
          [
            76.4755565,
            9.7275129
          ],
          [
            76.4764899,
            9.7276133
          ],
          [
            76.4766857,
            9.727616
          ]
        ]
      }
    },
    {
      "type": "Feature",
      "properties": {
        "name": "Kallupura Bridge",
        "highway": "secondary",
        "surface": "concrete",
        "osm_id": 634051200
      },
      "geometry": {
        "type": "LineString",
        "coordinates": [
          [
            76.4655836,
            9.7276256
          ],
          [
            76.4658737,
            9.7276517
          ]
        ]
      }
    },
    {
      "type": "Feature",
      "properties": {
        "name": "Kapickad Mundar Road",
        "highway": "unclassified",
        "surface": "gravel",
        "osm_id": 634051203
      },
      "geometry": {
        "type": "LineString",
        "coordinates": [
          [
            76.4336698,
            9.7333328
          ],
          [
            76.4338616,
            9.7334015
          ]
        ]
      }
    },
    {
      "type": "Feature",
      "properties": {
        "name": "Kapikkadu - Kallupura - Vakkethara Road",
        "highway": "secondary",
        "surface": "asphalt",
        "osm_id": 634051204
      },
      "geometry": {
        "type": "LineString",
        "coordinates": [
          [
            76.4200311,
            9.7351529
          ],
          [
            76.4202792,
            9.7351814
          ],
          [
            76.4205069,
            9.7352098
          ],
          [
            76.420645,
            9.7352375
          ],
          [
            76.4208274,
            9.735289
          ],
          [
            76.4209696,
            9.7353102
          ],
          [
            76.4212068,
            9.7353299
          ],
          [
            76.4213906,
            9.7352943
          ],
          [
            76.4216062,
            9.7352211
          ],
          [
            76.4221492,
            9.7350832
          ],
          [
            76.4223428,
            9.7350921
          ],
          [
            76.4223841,
            9.7350808
          ],
          [
            76.4223924,
            9.7350551
          ],
          [
            76.4224125,
            9.7348886
          ],
          [
            76.4224313,
            9.7348529
          ],
          [
            76.4224216,
            9.7347825
          ],
          [
            76.4224575,
            9.7346122
          ],
          [
            76.4225292,
            9.734508
          ],
          [
            76.422856,
            9.734514
          ],
          [
            76.4230164,
            9.7345152
          ],
          [
            76.4231237,
            9.7344928
          ],
          [
            76.4232343,
            9.7343925
          ],
          [
            76.4233022,
            9.7343456
          ],
          [
            76.423431,
            9.734348
          ],
          [
            76.4236222,
            9.7343651
          ],
          [
            76.423782,
            9.7343266
          ],
          [
            76.4240065,
            9.7342417
          ],
          [
            76.4242002,
            9.7341933
          ],
          [
            76.4243491,
            9.7341775
          ],
          [
            76.4244899,
            9.7342025
          ],
          [
            76.4247987,
            9.7342835
          ],
          [
            76.4249821,
            9.7343136
          ],
          [
            76.4251852,
            9.7343297
          ],
          [
            76.4253925,
            9.7343043
          ],
          [
            76.4256096,
            9.7342659
          ],
          [
            76.4258109,
            9.7342287
          ],
          [
            76.4261703,
            9.7342092
          ],
          [
            76.4265022,
            9.7342075
          ],
          [
            76.4268167,
            9.734192
          ],
          [
            76.4271601,
            9.7341302
          ],
          [
            76.4274336,
            9.7340862
          ],
          [
            76.4276448,
            9.7340214
          ],
          [
            76.4280097,
            9.7338728
          ],
          [
            76.4281071,
            9.7338534
          ],
          [
            76.4285267,
            9.7339172
          ],
          [
            76.4289812,
            9.7339917
          ],
          [
            76.4291191,
            9.7340224
          ],
          [
            76.4292818,
            9.7340513
          ],
          [
            76.4293481,
            9.7340558
          ],
          [
            76.4294185,
            9.7340545
          ],
          [
            76.4295873,
            9.734031
          ],
          [
            76.4300489,
            9.7338246
          ],
          [
            76.4305524,
            9.7336799
          ],
          [
            76.4307056,
            9.733629
          ],
          [
            76.430781,
            9.7335694
          ],
          [
            76.4309749,
            9.7333188
          ],
          [
            76.4310399,
            9.733272
          ],
          [
            76.4311185,
            9.7332504
          ],
          [
            76.4313631,
            9.7332786
          ],
          [
            76.43161,
            9.733299
          ],
          [
            76.4318231,
            9.733309
          ],
          [
            76.4320081,
            9.7332991
          ],
          [
            76.4321718,
            9.7332694
          ],
          [
            76.4324095,
            9.7331914
          ],
          [
            76.4325044,
            9.7331715
          ],
          [
            76.432649,
            9.7331861
          ],
          [
            76.4330884,
            9.7332439
          ],
          [
            76.4335733,
            9.7333147
          ],
          [
            76.4336698,
            9.7333328
          ]
        ]
      }
    },
    {
      "type": "Feature",
      "properties": {
        "name": "Residential Road",
        "highway": "residential",
        "surface": "asphalt",
        "osm_id": 634068530
      },
      "geometry": {
        "type": "LineString",
        "coordinates": [
          [
            76.4107273,
            9.6715527
          ],
          [
            76.4107147,
            9.6716718
          ],
          [
            76.4107058,
            9.6717493
          ],
          [
            76.4107024,
            9.6718001
          ],
          [
            76.4106911,
            9.6718517
          ],
          [
            76.4106675,
            9.6718948
          ],
          [
            76.4104765,
            9.6722137
          ],
          [
            76.4104347,
            9.6722688
          ],
          [
            76.4104135,
            9.6722834
          ],
          [
            76.4103922,
            9.6722939
          ],
          [
            76.410366,
            9.6722974
          ],
          [
            76.4103441,
            9.6722969
          ],
          [
            76.4102828,
            9.6722802
          ],
          [
            76.4101754,
            9.6722377
          ]
        ]
      }
    },
    {
      "type": "Feature",
      "properties": {
        "name": "Residential Road",
        "highway": "residential",
        "surface": "asphalt",
        "osm_id": 634068532
      },
      "geometry": {
        "type": "LineString",
        "coordinates": [
          [
            76.4170129,
            9.6984185
          ],
          [
            76.4170149,
            9.6984538
          ],
          [
            76.4170139,
            9.6984809
          ],
          [
            76.4170025,
            9.6985118
          ],
          [
            76.4169731,
            9.6985325
          ],
          [
            76.4169445,
            9.6985381
          ],
          [
            76.4169236,
            9.6985371
          ],
          [
            76.4169037,
            9.6985568
          ],
          [
            76.4169132,
            9.6985858
          ],
          [
            76.416936,
            9.698643
          ],
          [
            76.4169496,
            9.6987507
          ],
          [
            76.4169496,
            9.698869
          ],
          [
            76.4169496,
            9.699002
          ],
          [
            76.4169571,
            9.6991314
          ],
          [
            76.4169571,
            9.6992386
          ],
          [
            76.4169496,
            9.6993236
          ],
          [
            76.4169421,
            9.6994419
          ],
          [
            76.4169234,
            9.6995417
          ],
          [
            76.4169196,
            9.6996488
          ],
          [
            76.4169046,
            9.6997893
          ],
          [
            76.4168934,
            9.6999113
          ],
          [
            76.4168784,
            9.7000443
          ],
          [
            76.4168671,
            9.7001478
          ],
          [
            76.4168671,
            9.7002809
          ],
          [
            76.4168671,
            9.7004509
          ],
          [
            76.4168671,
            9.7005987
          ],
          [
            76.4168746,
            9.7007392
          ],
          [
            76.4168746,
            9.7008944
          ],
          [
            76.4168709,
            9.7010497
          ],
          [
            76.4169273,
            9.701173
          ],
          [
            76.4169042,
            9.7014124
          ],
          [
            76.4168896,
            9.7018251
          ],
          [
            76.4168901,
            9.7018732
          ],
          [
            76.4168939,
            9.7019286
          ],
          [
            76.4169556,
            9.7023546
          ],
          [
            76.4169669,
            9.7024527
          ],
          [
            76.4169707,
            9.7025509
          ],
          [
            76.4169767,
            9.7027664
          ],
          [
            76.416979,
            9.7028075
          ],
          [
            76.4170127,
            9.7033342
          ],
          [
            76.4170119,
            9.7034095
          ],
          [
            76.4169969,
            9.7035557
          ],
          [
            76.416982,
            9.7037049
          ],
          [
            76.4169581,
            9.7040004
          ],
          [
            76.4169679,
            9.7044523
          ],
          [
            76.4169222,
            9.7049354
          ],
          [
            76.4168145,
            9.705418
          ],
          [
            76.416792,
            9.7055188
          ],
          [
            76.4167382,
            9.7058779
          ]
        ]
      }
    },
    {
      "type": "Feature",
      "properties": {
        "name": "Residential Road",
        "highway": "residential",
        "surface": "asphalt",
        "osm_id": 634068534
      },
      "geometry": {
        "type": "LineString",
        "coordinates": [
          [
            76.4169767,
            9.7027664
          ],
          [
            76.4180829,
            9.7027823
          ],
          [
            76.41842,
            9.7027864
          ],
          [
            76.418625,
            9.7027695
          ],
          [
            76.4188451,
            9.7027415
          ],
          [
            76.418915,
            9.7027356
          ],
          [
            76.4190083,
            9.7027321
          ]
        ]
      }
    },
    {
      "type": "Feature",
      "properties": {
        "name": "Residential Road",
        "highway": "residential",
        "surface": "asphalt",
        "osm_id": 634068537
      },
      "geometry": {
        "type": "LineString",
        "coordinates": [
          [
            76.4144314,
            9.697297
          ],
          [
            76.4144359,
            9.6978266
          ],
          [
            76.4143942,
            9.698683
          ]
        ]
      }
    },
    {
      "type": "Feature",
      "properties": {
        "name": "Residential Road",
        "highway": "residential",
        "surface": "asphalt",
        "osm_id": 634068538
      },
      "geometry": {
        "type": "LineString",
        "coordinates": [
          [
            76.4187005,
            9.7072323
          ],
          [
            76.4181788,
            9.7072108
          ],
          [
            76.4178422,
            9.7071659
          ]
        ]
      }
    },
    {
      "type": "Feature",
      "properties": {
        "name": "Residential Road",
        "highway": "residential",
        "surface": "asphalt",
        "osm_id": 634068542
      },
      "geometry": {
        "type": "LineString",
        "coordinates": [
          [
            76.4168051,
            9.6826968
          ],
          [
            76.4176917,
            9.6828751
          ],
          [
            76.4185121,
            9.6830782
          ],
          [
            76.4190782,
            9.6832512
          ],
          [
            76.4192717,
            9.6833084
          ],
          [
            76.4193217,
            9.6833261
          ],
          [
            76.419514,
            9.6834034
          ],
          [
            76.4195566,
            9.6834205
          ],
          [
            76.4195933,
            9.6834314
          ],
          [
            76.4199739,
            9.6835165
          ],
          [
            76.4200278,
            9.6835282
          ],
          [
            76.420082,
            9.6835371
          ],
          [
            76.4201365,
            9.6835423
          ],
          [
            76.4203074,
            9.6835451
          ]
        ]
      }
    },
    {
      "type": "Feature",
      "properties": {
        "name": "Kalpaka - Moolangattu",
        "highway": "residential",
        "surface": "asphalt",
        "osm_id": 634068543
      },
      "geometry": {
        "type": "LineString",
        "coordinates": [
          [
            76.4163603,
            9.674909
          ],
          [
            76.4164919,
            9.6745196
          ],
          [
            76.4167375,
            9.6745862
          ],
          [
            76.41683,
            9.6745406
          ],
          [
            76.4170329,
            9.6742495
          ],
          [
            76.4170898,
            9.6740916
          ],
          [
            76.4171728,
            9.6739684
          ],
          [
            76.4173239,
            9.6736927
          ],
          [
            76.4173966,
            9.6735259
          ],
          [
            76.4174848,
            9.6732938
          ],
          [
            76.4175639,
            9.6730849
          ],
          [
            76.4176127,
            9.6729189
          ],
          [
            76.4176718,
            9.6727378
          ]
        ]
      }
    },
    {
      "type": "Feature",
      "properties": {
        "name": "Residential Road",
        "highway": "residential",
        "surface": "asphalt",
        "osm_id": 634068545
      },
      "geometry": {
        "type": "LineString",
        "coordinates": [
          [
            76.4211708,
            9.7109583
          ],
          [
            76.4205935,
            9.7107227
          ],
          [
            76.420274,
            9.7106303
          ],
          [
            76.4198954,
            9.7105652
          ],
          [
            76.4197461,
            9.7105344
          ],
          [
            76.4194162,
            9.7105036
          ],
          [
            76.4191033,
            9.7104824
          ],
          [
            76.4187936,
            9.7104376
          ],
          [
            76.4186107,
            9.7104221
          ],
          [
            76.417996,
            9.7103479
          ]
        ]
      }
    },
    {
      "type": "Feature",
      "properties": {
        "name": "Ranimukku - Ambattuvazhy Bund Road",
        "highway": "residential",
        "surface": "asphalt",
        "osm_id": 634068547
      },
      "geometry": {
        "type": "LineString",
        "coordinates": [
          [
            76.4154587,
            9.6691954
          ],
          [
            76.4153308,
            9.6691787
          ],
          [
            76.4149874,
            9.6691129
          ],
          [
            76.4146466,
            9.6691487
          ],
          [
            76.4144991,
            9.6692034
          ],
          [
            76.4143551,
            9.669327
          ],
          [
            76.4141775,
            9.6694783
          ],
          [
            76.4141319,
            9.6695231
          ],
          [
            76.4140414,
            9.6695625
          ],
          [
            76.4139026,
            9.6696387
          ],
          [
            76.4138303,
            9.6697243
          ],
          [
            76.4137036,
            9.6700239
          ],
          [
            76.4136146,
            9.6703638
          ],
          [
            76.4135071,
            9.6705728
          ],
          [
            76.4133771,
            9.6706242
          ],
          [
            76.4132594,
            9.6708111
          ],
          [
            76.4130676,
            9.6711723
          ]
        ]
      }
    },
    {
      "type": "Feature",
      "properties": {
        "name": "Residential Road",
        "highway": "residential",
        "surface": "asphalt",
        "osm_id": 634068550
      },
      "geometry": {
        "type": "LineString",
        "coordinates": [
          [
            76.4178135,
            9.7043725
          ],
          [
            76.4175657,
            9.7044642
          ],
          [
            76.417456,
            9.7044694
          ],
          [
            76.4173043,
            9.704468
          ],
          [
            76.4169679,
            9.7044523
          ],
          [
            76.4160934,
            9.7044269
          ],
          [
            76.4157998,
            9.7044275
          ],
          [
            76.4156455,
            9.7044278
          ]
        ]
      }
    },
    {
      "type": "Feature",
      "properties": {
        "name": "Residential Road",
        "highway": "residential",
        "surface": "asphalt",
        "osm_id": 634068553
      },
      "geometry": {
        "type": "LineString",
        "coordinates": [
          [
            76.4185325,
            9.7002524
          ],
          [
            76.4193766,
            9.700332
          ]
        ]
      }
    },
    {
      "type": "Feature",
      "properties": {
        "name": "Residential Road",
        "highway": "residential",
        "surface": "asphalt",
        "osm_id": 634068555
      },
      "geometry": {
        "type": "LineString",
        "coordinates": [
          [
            76.4099922,
            9.7108176
          ],
          [
            76.4101368,
            9.7108202
          ],
          [
            76.410305,
            9.7108228
          ],
          [
            76.4103786,
            9.710802
          ],
          [
            76.4104128,
            9.7107684
          ],
          [
            76.4104627,
            9.7106103
          ],
          [
            76.4104969,
            9.7105326
          ],
          [
            76.4105364,
            9.7104808
          ],
          [
            76.41061,
            9.7104108
          ],
          [
            76.4106546,
            9.7103616
          ],
          [
            76.4107256,
            9.7101932
          ],
          [
            76.4107493,
            9.7100869
          ],
          [
            76.4107513,
            9.7099663
          ],
          [
            76.4107424,
            9.7095175
          ],
          [
            76.4106611,
            9.7089713
          ],
          [
            76.4106602,
            9.7088532
          ],
          [
            76.410669,
            9.7086708
          ],
          [
            76.4106929,
            9.7083448
          ],
          [
            76.4107016,
            9.7081813
          ],
          [
            76.410699,
            9.7080838
          ]
        ]
      }
    },
    {
      "type": "Feature",
      "properties": {
        "name": "Residential Road",
        "highway": "residential",
        "surface": "asphalt",
        "osm_id": 634068557
      },
      "geometry": {
        "type": "LineString",
        "coordinates": [
          [
            76.4186529,
            9.6816056
          ],
          [
            76.4189888,
            9.6816675
          ],
          [
            76.4190524,
            9.6817267
          ],
          [
            76.4190784,
            9.6818174
          ],
          [
            76.4190991,
            9.6818611
          ],
          [
            76.4191214,
            9.6818938
          ],
          [
            76.4191565,
            9.6819214
          ],
          [
            76.4191981,
            9.6819293
          ],
          [
            76.4192798,
            9.6819195
          ],
          [
            76.419429,
            9.6819104
          ],
          [
            76.4196069,
            9.6819163
          ],
          [
            76.4196578,
            9.6818982
          ],
          [
            76.4198024,
            9.6818912
          ],
          [
            76.4198258,
            9.6819806
          ],
          [
            76.4198076,
            9.6820552
          ],
          [
            76.4198747,
            9.6820771
          ],
          [
            76.4200834,
            9.6820817
          ],
          [
            76.4205544,
            9.6821364
          ]
        ]
      }
    },
    {
      "type": "Feature",
      "properties": {
        "name": "Residential Road",
        "highway": "residential",
        "surface": "asphalt",
        "osm_id": 634068563
      },
      "geometry": {
        "type": "LineString",
        "coordinates": [
          [
            76.417146,
            9.7098817
          ],
          [
            76.4174215,
            9.7099136
          ],
          [
            76.417611,
            9.7099247
          ],
          [
            76.417638,
            9.7099348
          ],
          [
            76.4176984,
            9.7099777
          ],
          [
            76.4177257,
            9.7099907
          ],
          [
            76.4178253,
            9.7100226
          ],
          [
            76.4180662,
            9.7100792
          ]
        ]
      }
    },
    {
      "type": "Feature",
      "properties": {
        "name": "Residential Road",
        "highway": "residential",
        "surface": "asphalt",
        "osm_id": 634068564
      },
      "geometry": {
        "type": "LineString",
        "coordinates": [
          [
            76.4191526,
            9.701827
          ],
          [
            76.4193307,
            9.701842
          ],
          [
            76.4195063,
            9.7018494
          ],
          [
            76.4196897,
            9.7018669
          ],
          [
            76.4197771,
            9.7018778
          ],
          [
            76.4198662,
            9.7018971
          ],
          [
            76.4199867,
            9.701938
          ],
          [
            76.4201175,
            9.7019958
          ]
        ]
      }
    },
    {
      "type": "Feature",
      "properties": {
        "name": "Residential Road",
        "highway": "residential",
        "surface": "asphalt",
        "osm_id": 634068565
      },
      "geometry": {
        "type": "LineString",
        "coordinates": [
          [
            76.4197129,
            9.7085548
          ],
          [
            76.4196598,
            9.7080365
          ],
          [
            76.4196618,
            9.708004
          ],
          [
            76.4196719,
            9.7079752
          ],
          [
            76.4197044,
            9.7079056
          ],
          [
            76.4197246,
            9.7078735
          ],
          [
            76.4197302,
            9.7078481
          ],
          [
            76.4197314,
            9.7078161
          ],
          [
            76.4197078,
            9.7077022
          ],
          [
            76.4196123,
            9.7073532
          ],
          [
            76.419598,
            9.7073134
          ]
        ]
      }
    },
    {
      "type": "Feature",
      "properties": {
        "name": "Residential Road",
        "highway": "residential",
        "surface": "asphalt",
        "osm_id": 634068568
      },
      "geometry": {
        "type": "LineString",
        "coordinates": [
          [
            76.4168985,
            9.7104583
          ],
          [
            76.4179911,
            9.7105082
          ]
        ]
      }
    },
    {
      "type": "Feature",
      "properties": {
        "name": "Puthuppalli Chittadi Bench Road",
        "highway": "residential",
        "surface": "asphalt",
        "osm_id": 634068569
      },
      "geometry": {
        "type": "LineString",
        "coordinates": [
          [
            76.4192131,
            9.6772795
          ],
          [
            76.4193521,
            9.6767716
          ],
          [
            76.4193665,
            9.6767193
          ],
          [
            76.419669,
            9.6756206
          ],
          [
            76.4197387,
            9.6751395
          ],
          [
            76.4197487,
            9.6750397
          ],
          [
            76.4197622,
            9.6748566
          ],
          [
            76.4197791,
            9.6747301
          ],
          [
            76.4197892,
            9.6746169
          ],
          [
            76.4197929,
            9.6745154
          ],
          [
            76.4198145,
            9.674413
          ],
          [
            76.4198419,
            9.6742371
          ],
          [
            76.4198576,
            9.6741444
          ],
          [
            76.4198674,
            9.6740362
          ],
          [
            76.4198694,
            9.6739299
          ],
          [
            76.4198792,
            9.6738527
          ],
          [
            76.4198909,
            9.6737773
          ],
          [
            76.4199046,
            9.6737116
          ],
          [
            76.4199203,
            9.6736305
          ],
          [
            76.419936,
            9.6735802
          ],
          [
            76.4199509,
            9.6735161
          ]
        ]
      }
    },
    {
      "type": "Feature",
      "properties": {
        "name": "Ranimukku Bridge",
        "highway": "unclassified",
        "surface": "asphalt",
        "osm_id": 634068570
      },
      "geometry": {
        "type": "LineString",
        "coordinates": [
          [
            76.4154957,
            9.6690443
          ],
          [
            76.4155228,
            9.6689248
          ]
        ]
      }
    },
    {
      "type": "Feature",
      "properties": {
        "name": "Ranimukku - Pattathanam Road",
        "highway": "unclassified",
        "surface": "asphalt",
        "osm_id": 634068571
      },
      "geometry": {
        "type": "LineString",
        "coordinates": [
          [
            76.4155228,
            9.6689248
          ],
          [
            76.4155289,
            9.6689
          ],
          [
            76.4155436,
            9.6688297
          ],
          [
            76.415554,
            9.668782
          ],
          [
            76.4155799,
            9.6686787
          ],
          [
            76.4155947,
            9.6686453
          ],
          [
            76.415645,
            9.6684572
          ],
          [
            76.415767,
            9.6682175
          ],
          [
            76.416098,
            9.66764
          ],
          [
            76.4162607,
            9.6673136
          ],
          [
            76.4162947,
            9.667261
          ],
          [
            76.4164194,
            9.6670681
          ],
          [
            76.4165515,
            9.6668727
          ],
          [
            76.4166711,
            9.6666959
          ],
          [
            76.4168124,
            9.6665777
          ],
          [
            76.4170247,
            9.666379
          ],
          [
            76.4171735,
            9.6662376
          ],
          [
            76.4173357,
            9.6660477
          ],
          [
            76.4173596,
            9.6660164
          ],
          [
            76.4177363,
            9.6655728
          ],
          [
            76.4178071,
            9.6654181
          ],
          [
            76.4179288,
            9.6652631
          ],
          [
            76.4181016,
            9.665031
          ],
          [
            76.4182051,
            9.664808
          ],
          [
            76.4183621,
            9.6645302
          ],
          [
            76.4185115,
            9.6643643
          ],
          [
            76.4186601,
            9.6642194
          ],
          [
            76.4187206,
            9.6641352
          ],
          [
            76.418801,
            9.6639546
          ],
          [
            76.4188294,
            9.6638434
          ],
          [
            76.4188515,
            9.6637506
          ],
          [
            76.4189031,
            9.6636403
          ],
          [
            76.4189574,
            9.6636048
          ],
          [
            76.4190183,
            9.6635796
          ],
          [
            76.4190771,
            9.6635228
          ],
          [
            76.4191342,
            9.6634307
          ],
          [
            76.4191634,
            9.6633273
          ],
          [
            76.4191782,
            9.6632266
          ],
          [
            76.4191706,
            9.6631365
          ],
          [
            76.4191703,
            9.6630686
          ],
          [
            76.4191981,
            9.662955
          ],
          [
            76.4192326,
            9.6627983
          ],
          [
            76.4192795,
            9.6626977
          ],
          [
            76.419395,
            9.6625539
          ],
          [
            76.419484,
            9.6624995
          ],
          [
            76.4195784,
            9.6624517
          ],
          [
            76.4196701,
            9.6624402
          ],
          [
            76.4197153,
            9.6624184
          ],
          [
            76.419774,
            9.6623853
          ],
          [
            76.4198095,
            9.6623409
          ],
          [
            76.4198212,
            9.6622783
          ],
          [
            76.4198304,
            9.6621082
          ],
          [
            76.419852,
            9.6620201
          ],
          [
            76.4198665,
            9.6619252
          ],
          [
            76.4199173,
            9.6618469
          ]
        ]
      }
    },
    {
      "type": "Feature",
      "properties": {
        "name": "Ranimukku Palathinkal Road",
        "highway": "residential",
        "surface": "asphalt",
        "osm_id": 634068573
      },
      "geometry": {
        "type": "LineString",
        "coordinates": [
          [
            76.4155289,
            9.6689
          ],
          [
            76.4156069,
            9.6689287
          ],
          [
            76.4157826,
            9.6690021
          ],
          [
            76.4163233,
            9.6692169
          ],
          [
            76.4166272,
            9.6693232
          ],
          [
            76.4168274,
            9.6693882
          ],
          [
            76.4169033,
            9.6694209
          ],
          [
            76.417131,
            9.6694786
          ],
          [
            76.4175555,
            9.6695881
          ],
          [
            76.4177197,
            9.6696377
          ],
          [
            76.4180669,
            9.6697337
          ],
          [
            76.418144,
            9.669767
          ]
        ]
      }
    },
    {
      "type": "Feature",
      "properties": {
        "name": "Residential Road",
        "highway": "residential",
        "surface": "asphalt",
        "osm_id": 634068574
      },
      "geometry": {
        "type": "LineString",
        "coordinates": [
          [
            76.4114377,
            9.6744538
          ],
          [
            76.4115896,
            9.6741536
          ],
          [
            76.4118056,
            9.6736153
          ],
          [
            76.4119935,
            9.673073
          ],
          [
            76.4120271,
            9.6728323
          ],
          [
            76.4120354,
            9.6726469
          ],
          [
            76.4120401,
            9.6725097
          ],
          [
            76.4120499,
            9.6724156
          ],
          [
            76.4120696,
            9.6723275
          ],
          [
            76.4120993,
            9.6722068
          ],
          [
            76.4121177,
            9.6720954
          ],
          [
            76.4121046,
            9.6720231
          ],
          [
            76.4120525,
            9.6718428
          ],
          [
            76.4119242,
            9.6713212
          ]
        ]
      }
    },
    {
      "type": "Feature",
      "properties": {
        "name": "Residential Road",
        "highway": "residential",
        "surface": "asphalt",
        "osm_id": 634068575
      },
      "geometry": {
        "type": "LineString",
        "coordinates": [
          [
            76.4187005,
            9.7072323
          ],
          [
            76.4195723,
            9.7073108
          ],
          [
            76.419598,
            9.7073134
          ]
        ]
      }
    },
    {
      "type": "Feature",
      "properties": {
        "name": "Residential Road",
        "highway": "residential",
        "surface": "asphalt",
        "osm_id": 634068576
      },
      "geometry": {
        "type": "LineString",
        "coordinates": [
          [
            76.4119261,
            9.7108236
          ],
          [
            76.411953,
            9.7104623
          ],
          [
            76.4119518,
            9.7103118
          ],
          [
            76.4119501,
            9.7102068
          ],
          [
            76.4119454,
            9.7100324
          ],
          [
            76.4119379,
            9.7098938
          ],
          [
            76.4119261,
            9.7097413
          ],
          [
            76.4119295,
            9.7096352
          ],
          [
            76.4119816,
            9.7093435
          ],
          [
            76.4120186,
            9.7091844
          ],
          [
            76.4120203,
            9.7090269
          ],
          [
            76.412027,
            9.7088131
          ],
          [
            76.4120455,
            9.7087021
          ],
          [
            76.412096,
            9.708601
          ],
          [
            76.4121447,
            9.7084783
          ],
          [
            76.4121948,
            9.7082965
          ],
          [
            76.412212,
            9.7082113
          ]
        ]
      }
    },
    {
      "type": "Feature",
      "properties": {
        "name": "Unclassified Road",
        "highway": "unclassified",
        "surface": "asphalt",
        "osm_id": 634068578
      },
      "geometry": {
        "type": "LineString",
        "coordinates": [
          [
            76.4088603,
            9.6714848
          ],
          [
            76.4088285,
            9.6723169
          ],
          [
            76.4088279,
            9.6727602
          ],
          [
            76.4088047,
            9.6730688
          ],
          [
            76.4087998,
            9.6735329
          ],
          [
            76.4087872,
            9.6737541
          ],
          [
            76.4088116,
            9.673851
          ],
          [
            76.4088705,
            9.6741613
          ],
          [
            76.4089176,
            9.6742883
          ],
          [
            76.4089831,
            9.6744298
          ],
          [
            76.4090158,
            9.6744859
          ],
          [
            76.4097642,
            9.6744534
          ],
          [
            76.4098029,
            9.6744946
          ],
          [
            76.4098169,
            9.6745072
          ],
          [
            76.4098306,
            9.6745194
          ],
          [
            76.4098735,
            9.6745641
          ],
          [
            76.4098987,
            9.6746213
          ],
          [
            76.4099374,
            9.674744
          ],
          [
            76.4099506,
            9.6747669
          ],
          [
            76.4099728,
            9.6747829
          ],
          [
            76.4100092,
            9.6748038
          ],
          [
            76.4100719,
            9.6748277
          ],
          [
            76.4102611,
            9.6748694
          ],
          [
            76.4102984,
            9.6748776
          ],
          [
            76.4103307,
            9.6748806
          ],
          [
            76.4103681,
            9.6748806
          ],
          [
            76.4106041,
            9.6750403
          ],
          [
            76.4111495,
            9.6753439
          ],
          [
            76.4114544,
            9.6755136
          ],
          [
            76.4119356,
            9.6757271
          ],
          [
            76.4123288,
            9.6758626
          ],
          [
            76.4127558,
            9.6760317
          ],
          [
            76.4128397,
            9.6760649
          ],
          [
            76.4129578,
            9.6761878
          ],
          [
            76.4129915,
            9.6762889
          ],
          [
            76.4130537,
            9.676415
          ],
          [
            76.4130001,
            9.6766795
          ],
          [
            76.4131565,
            9.6768421
          ],
          [
            76.4131528,
            9.6771725
          ],
          [
            76.4131169,
            9.6772576
          ],
          [
            76.4130476,
            9.6777772
          ],
          [
            76.4135697,
            9.6778924
          ],
          [
            76.414784,
            9.6784377
          ],
          [
            76.4155313,
            9.6786838
          ],
          [
            76.4168651,
            9.6792449
          ],
          [
            76.4173257,
            9.6794241
          ],
          [
            76.4174443,
            9.6794632
          ]
        ]
      }
    },
    {
      "type": "Feature",
      "properties": {
        "name": "Residential Road",
        "highway": "residential",
        "surface": "asphalt",
        "osm_id": 634068588
      },
      "geometry": {
        "type": "LineString",
        "coordinates": [
          [
            76.4063458,
            9.7046791
          ],
          [
            76.4066443,
            9.7047033
          ],
          [
            76.4068862,
            9.7047152
          ],
          [
            76.4073397,
            9.7047152
          ],
          [
            76.4077902,
            9.7047063
          ],
          [
            76.4082965,
            9.704659
          ],
          [
            76.4087355,
            9.7046284
          ],
          [
            76.4089463,
            9.7047056
          ],
          [
            76.4090536,
            9.7048652
          ],
          [
            76.4092074,
            9.7050123
          ],
          [
            76.4096544,
            9.7050661
          ],
          [
            76.410286,
            9.7050682
          ]
        ]
      }
    },
    {
      "type": "Feature",
      "properties": {
        "name": "Residential Road",
        "highway": "residential",
        "surface": "asphalt",
        "osm_id": 634068590
      },
      "geometry": {
        "type": "LineString",
        "coordinates": [
          [
            76.4151864,
            9.7086863
          ],
          [
            76.4150906,
            9.7089484
          ],
          [
            76.4151739,
            9.7090237
          ],
          [
            76.4151496,
            9.709236
          ],
          [
            76.4151218,
            9.7095167
          ],
          [
            76.4151218,
            9.7100473
          ],
          [
            76.4151184,
            9.7102493
          ],
          [
            76.4150767,
            9.7104444
          ],
          [
            76.4149586,
            9.7108107
          ],
          [
            76.4148926,
            9.7111325
          ],
          [
            76.4148023,
            9.7116426
          ],
          [
            76.4146325,
            9.7125241
          ]
        ]
      }
    },
    {
      "type": "Feature",
      "properties": {
        "name": "Residential Road",
        "highway": "residential",
        "surface": "asphalt",
        "osm_id": 634087011
      },
      "geometry": {
        "type": "LineString",
        "coordinates": [
          [
            76.4168864,
            9.7373861
          ],
          [
            76.4167277,
            9.737319
          ],
          [
            76.4165843,
            9.7372338
          ],
          [
            76.4165162,
            9.7371948
          ],
          [
            76.4164809,
            9.7371789
          ],
          [
            76.4164433,
            9.7371677
          ],
          [
            76.416372,
            9.7371496
          ],
          [
            76.4163352,
            9.7371406
          ],
          [
            76.4162959,
            9.7371244
          ],
          [
            76.4162569,
            9.7370991
          ],
          [
            76.4162252,
            9.7370714
          ],
          [
            76.4161221,
            9.7369643
          ],
          [
            76.4161013,
            9.736944
          ],
          [
            76.4160785,
            9.7369295
          ],
          [
            76.4158278,
            9.7368475
          ]
        ]
      }
    },
    {
      "type": "Feature",
      "properties": {
        "name": "Residential Road",
        "highway": "residential",
        "surface": "asphalt",
        "osm_id": 634087016
      },
      "geometry": {
        "type": "LineString",
        "coordinates": [
          [
            76.4153838,
            9.7266147
          ],
          [
            76.4158465,
            9.7267252
          ],
          [
            76.4163836,
            9.7268699
          ],
          [
            76.416575,
            9.7269076
          ],
          [
            76.4168279,
            9.7269574
          ],
          [
            76.4171421,
            9.7270472
          ],
          [
            76.4175101,
            9.7271235
          ],
          [
            76.4175767,
            9.7271318
          ],
          [
            76.4176096,
            9.7271321
          ],
          [
            76.4176402,
            9.727128
          ],
          [
            76.41773,
            9.7270831
          ],
          [
            76.4177681,
            9.727073
          ],
          [
            76.4178063,
            9.7270696
          ],
          [
            76.4178826,
            9.7270741
          ],
          [
            76.4179595,
            9.7270758
          ],
          [
            76.4179968,
            9.727071
          ],
          [
            76.4180341,
            9.727064
          ],
          [
            76.4181777,
            9.7270237
          ],
          [
            76.4182444,
            9.7269972
          ],
          [
            76.4182857,
            9.7269773
          ],
          [
            76.4183325,
            9.7269474
          ],
          [
            76.4183797,
            9.7269043
          ],
          [
            76.4184179,
            9.7268544
          ],
          [
            76.4184415,
            9.7268201
          ],
          [
            76.418473,
            9.7267924
          ],
          [
            76.4185213,
            9.7267724
          ],
          [
            76.4186248,
            9.7267502
          ],
          [
            76.4193186,
            9.7266571
          ],
          [
            76.4194125,
            9.7266472
          ],
          [
            76.4195019,
            9.7266438
          ],
          [
            76.4196503,
            9.7266583
          ],
          [
            76.4200623,
            9.7266776
          ]
        ]
      }
    },
    {
      "type": "Feature",
      "properties": {
        "name": "Residential Road",
        "highway": "residential",
        "surface": "asphalt",
        "osm_id": 634087021
      },
      "geometry": {
        "type": "LineString",
        "coordinates": [
          [
            76.4175778,
            9.7130726
          ],
          [
            76.4179774,
            9.7131006
          ],
          [
            76.41809,
            9.7131113
          ],
          [
            76.4181446,
            9.7131191
          ],
          [
            76.4182043,
            9.7131286
          ],
          [
            76.4186435,
            9.7132283
          ]
        ]
      }
    },
    {
      "type": "Feature",
      "properties": {
        "name": "Residential Road",
        "highway": "residential",
        "surface": "asphalt",
        "osm_id": 634087023
      },
      "geometry": {
        "type": "LineString",
        "coordinates": [
          [
            76.4087101,
            9.7263614
          ],
          [
            76.4090706,
            9.7263631
          ],
          [
            76.4091663,
            9.7263724
          ],
          [
            76.4092621,
            9.7263909
          ],
          [
            76.4094631,
            9.7264303
          ],
          [
            76.4095247,
            9.7264447
          ],
          [
            76.4095863,
            9.7264612
          ],
          [
            76.4098669,
            9.7265599
          ],
          [
            76.409898,
            9.7265617
          ],
          [
            76.4099191,
            9.7265517
          ],
          [
            76.4099307,
            9.7265339
          ],
          [
            76.4099435,
            9.7264952
          ],
          [
            76.4099611,
            9.7264059
          ],
          [
            76.4099711,
            9.7263141
          ],
          [
            76.4100064,
            9.7261406
          ],
          [
            76.4100218,
            9.7260842
          ],
          [
            76.4100423,
            9.7260329
          ],
          [
            76.4100769,
            9.7259673
          ],
          [
            76.4100966,
            9.7259378
          ],
          [
            76.4101183,
            9.7259122
          ],
          [
            76.4101859,
            9.7258489
          ],
          [
            76.4102154,
            9.725816
          ],
          [
            76.4102411,
            9.7257774
          ],
          [
            76.4102846,
            9.7256963
          ],
          [
            76.4103221,
            9.7256181
          ],
          [
            76.4103483,
            9.725538
          ],
          [
            76.4104103,
            9.7253418
          ]
        ]
      }
    },
    {
      "type": "Feature",
      "properties": {
        "name": "Residential Road",
        "highway": "residential",
        "surface": "asphalt",
        "osm_id": 634087027
      },
      "geometry": {
        "type": "LineString",
        "coordinates": [
          [
            76.4136645,
            9.7347339
          ],
          [
            76.4144203,
            9.73469
          ]
        ]
      }
    },
    {
      "type": "Feature",
      "properties": {
        "name": "Residential Road",
        "highway": "residential",
        "surface": "asphalt",
        "osm_id": 634087038
      },
      "geometry": {
        "type": "LineString",
        "coordinates": [
          [
            76.4143593,
            9.7230293
          ],
          [
            76.4145859,
            9.7230547
          ],
          [
            76.4146428,
            9.7233501
          ],
          [
            76.414744,
            9.7233444
          ],
          [
            76.4148017,
            9.7233887
          ],
          [
            76.4148676,
            9.7234239
          ],
          [
            76.4149212,
            9.723436
          ],
          [
            76.4149899,
            9.7234412
          ],
          [
            76.4157019,
            9.7233862
          ]
        ]
      }
    },
    {
      "type": "Feature",
      "properties": {
        "name": "Residential Road",
        "highway": "residential",
        "surface": "asphalt",
        "osm_id": 634087046
      },
      "geometry": {
        "type": "LineString",
        "coordinates": [
          [
            76.4198004,
            9.7256524
          ],
          [
            76.4197899,
            9.7255508
          ],
          [
            76.4197714,
            9.7253945
          ],
          [
            76.4197582,
            9.725345
          ],
          [
            76.4197238,
            9.725332
          ],
          [
            76.4196498,
            9.7253346
          ],
          [
            76.4196128,
            9.7253033
          ],
          [
            76.4196128,
            9.725246
          ],
          [
            76.4196181,
            9.7251939
          ],
          [
            76.4196313,
            9.7251314
          ],
          [
            76.4196313,
            9.7250611
          ],
          [
            76.4196313,
            9.7249907
          ],
          [
            76.4196154,
            9.7249308
          ],
          [
            76.4195652,
            9.7249204
          ],
          [
            76.4194939,
            9.7249074
          ],
          [
            76.4194172,
            9.7248891
          ],
          [
            76.4193406,
            9.7248735
          ],
          [
            76.4193062,
            9.7248839
          ],
          [
            76.4192322,
            9.7248839
          ],
          [
            76.4191212,
            9.7248787
          ],
          [
            76.4190287,
            9.7248683
          ],
          [
            76.4188992,
            9.7248657
          ],
          [
            76.4188146,
            9.7248527
          ],
          [
            76.4187459,
            9.7248214
          ],
          [
            76.41873,
            9.7247615
          ],
          [
            76.4186851,
            9.7247146
          ],
          [
            76.418619,
            9.7247146
          ],
          [
            76.4185371,
            9.7247094
          ],
          [
            76.4184578,
            9.724712
          ],
          [
            76.4183679,
            9.7247042
          ],
          [
            76.4182649,
            9.724699
          ],
          [
            76.4181618,
            9.7246755
          ],
          [
            76.4180984,
            9.7246312
          ],
          [
            76.4180455,
            9.7245635
          ],
          [
            76.4180376,
            9.7244906
          ],
          [
            76.418027,
            9.7243994
          ],
          [
            76.4180085,
            9.724303
          ],
          [
            76.4180217,
            9.7241519
          ],
          [
            76.418027,
            9.7240425
          ],
          [
            76.4180429,
            9.7239227
          ],
          [
            76.4180191,
            9.7238367
          ],
          [
            76.4178896,
            9.723795
          ],
          [
            76.417805,
            9.7237586
          ],
          [
            76.417731,
            9.7237429
          ],
          [
            76.4176068,
            9.7237403
          ],
          [
            76.4175407,
            9.7237377
          ],
          [
            76.417464,
            9.7237195
          ],
          [
            76.4173583,
            9.7237195
          ],
          [
            76.4172315,
            9.7237169
          ],
          [
            76.4171522,
            9.7237117
          ],
          [
            76.4170702,
            9.7237039
          ],
          [
            76.4169909,
            9.7236986
          ],
          [
            76.4168608,
            9.723693
          ],
          [
            76.4167561,
            9.7237666
          ],
          [
            76.4167056,
            9.7238216
          ],
          [
            76.4166785,
            9.7238569
          ],
          [
            76.4166539,
            9.7238971
          ],
          [
            76.4166171,
            9.7239677
          ],
          [
            76.4165755,
            9.7240335
          ],
          [
            76.416567,
            9.7240452
          ],
          [
            76.4165606,
            9.7240502
          ],
          [
            76.4165533,
            9.7240538
          ],
          [
            76.4165407,
            9.7240563
          ],
          [
            76.416528,
            9.7240565
          ],
          [
            76.4161873,
            9.724009
          ],
          [
            76.4159099,
            9.7239959
          ],
          [
            76.4157095,
            9.7239756
          ]
        ]
      }
    },
    {
      "type": "Feature",
      "properties": {
        "name": "Sabarikrupa",
        "highway": "residential",
        "surface": "asphalt",
        "osm_id": 634087048
      },
      "geometry": {
        "type": "LineString",
        "coordinates": [
          [
            76.4177416,
            9.712573
          ],
          [
            76.4172032,
            9.7124456
          ]
        ]
      }
    },
    {
      "type": "Feature",
      "properties": {
        "name": "Residential Road",
        "highway": "residential",
        "surface": "asphalt",
        "osm_id": 634087072
      },
      "geometry": {
        "type": "LineString",
        "coordinates": [
          [
            76.4200623,
            9.7266776
          ],
          [
            76.4203047,
            9.726674
          ]
        ]
      }
    },
    {
      "type": "Feature",
      "properties": {
        "name": "Residential Road",
        "highway": "residential",
        "surface": "asphalt",
        "osm_id": 634087073
      },
      "geometry": {
        "type": "LineString",
        "coordinates": [
          [
            76.4203047,
            9.726674
          ],
          [
            76.4204391,
            9.7266543
          ],
          [
            76.4204922,
            9.7266453
          ],
          [
            76.4205453,
            9.7266306
          ],
          [
            76.4206457,
            9.7265984
          ],
          [
            76.4207886,
            9.7264834
          ],
          [
            76.4209351,
            9.7263657
          ],
          [
            76.4210501,
            9.7262901
          ],
          [
            76.4211629,
            9.7262545
          ],
          [
            76.421312,
            9.7262278
          ],
          [
            76.4214967,
            9.7262256
          ],
          [
            76.4216411,
            9.7262612
          ],
          [
            76.4218847,
            9.7263368
          ]
        ]
      }
    },
    {
      "type": "Feature",
      "properties": {
        "name": "Secondary Road",
        "highway": "secondary",
        "surface": "asphalt",
        "osm_id": 634125981
      },
      "geometry": {
        "type": "LineString",
        "coordinates": [
          [
            76.4922333,
            9.6234759
          ],
          [
            76.4920093,
            9.6235261
          ],
          [
            76.4917908,
            9.6236028
          ],
          [
            76.4916459,
            9.6236861
          ],
          [
            76.4915923,
            9.6237694
          ],
          [
            76.4915373,
            9.6239876
          ],
          [
            76.4915198,
            9.6241872
          ],
          [
            76.4915212,
            9.6244556
          ],
          [
            76.4915333,
            9.6247346
          ],
          [
            76.4915467,
            9.6250758
          ],
          [
            76.4915654,
            9.6252807
          ],
          [
            76.4915614,
            9.6255359
          ],
          [
            76.491535,
            9.6256439
          ],
          [
            76.4915091,
            9.6257501
          ],
          [
            76.4914937,
            9.6257768
          ],
          [
            76.4914246,
            9.6258969
          ],
          [
            76.4913495,
            9.625996
          ],
          [
            76.4912028,
            9.626134
          ],
          [
            76.491092,
            9.6262
          ],
          [
            76.4909512,
            9.6262249
          ],
          [
            76.4907987,
            9.6262304
          ],
          [
            76.4904805,
            9.6261957
          ],
          [
            76.4901103,
            9.626164
          ],
          [
            76.489814,
            9.6261309
          ],
          [
            76.4896302,
            9.6260965
          ],
          [
            76.489484,
            9.6260225
          ],
          [
            76.4893285,
            9.6258876
          ],
          [
            76.489138,
            9.6257263
          ],
          [
            76.4890214,
            9.6256417
          ],
          [
            76.4888403,
            9.625528
          ],
          [
            76.4886163,
            9.625409
          ],
          [
            76.4883749,
            9.6252939
          ],
          [
            76.4880987,
            9.6251908
          ],
          [
            76.4878278,
            9.6250996
          ],
          [
            76.4876019,
            9.625067
          ]
        ]
      }
    },
    {
      "type": "Feature",
      "properties": {
        "name": "Secondary Road",
        "highway": "secondary",
        "surface": "asphalt",
        "osm_id": 634125982
      },
      "geometry": {
        "type": "LineString",
        "coordinates": [
          [
            76.4924895,
            9.6233905
          ],
          [
            76.4922333,
            9.6234759
          ]
        ]
      }
    },
    {
      "type": "Feature",
      "properties": {
        "name": "Cherikkal - Chemmanathukara Road",
        "highway": "secondary",
        "surface": "asphalt",
        "osm_id": 634488415
      },
      "geometry": {
        "type": "LineString",
        "coordinates": [
          [
            76.410409,
            9.7228607
          ],
          [
            76.4103949,
            9.7229306
          ],
          [
            76.4103393,
            9.7229771
          ],
          [
            76.4099151,
            9.7229771
          ],
          [
            76.4093898,
            9.7229688
          ],
          [
            76.4092741,
            9.7229814
          ],
          [
            76.4087804,
            9.7230352
          ],
          [
            76.4086188,
            9.7231215
          ],
          [
            76.4086205,
            9.7232111
          ],
          [
            76.4085738,
            9.723324
          ],
          [
            76.4084395,
            9.7233832
          ],
          [
            76.4074438,
            9.7235556
          ],
          [
            76.40739,
            9.7235588
          ],
          [
            76.4073361,
            9.7235556
          ],
          [
            76.407197,
            9.7235223
          ],
          [
            76.4070578,
            9.7235018
          ],
          [
            76.4069671,
            9.7234977
          ],
          [
            76.4068732,
            9.7235064
          ],
          [
            76.4067575,
            9.7235305
          ]
        ]
      }
    },
    {
      "type": "Feature",
      "properties": {
        "name": "Residential Road",
        "highway": "residential",
        "surface": "asphalt",
        "osm_id": 634580207
      },
      "geometry": {
        "type": "LineString",
        "coordinates": [
          [
            76.5038631,
            9.6378343
          ],
          [
            76.5038659,
            9.6382949
          ]
        ]
      }
    },
    {
      "type": "Feature",
      "properties": {
        "name": "Residential Road",
        "highway": "residential",
        "surface": "asphalt",
        "osm_id": 634580209
      },
      "geometry": {
        "type": "LineString",
        "coordinates": [
          [
            76.5017436,
            9.6313838
          ],
          [
            76.5018688,
            9.6321061
          ],
          [
            76.5020393,
            9.6321645
          ],
          [
            76.5020763,
            9.6321813
          ],
          [
            76.5021122,
            9.6322037
          ],
          [
            76.5021363,
            9.6322459
          ],
          [
            76.5021571,
            9.6323094
          ],
          [
            76.5021739,
            9.6324427
          ],
          [
            76.5021964,
            9.6327524
          ],
          [
            76.5021515,
            9.6333582
          ],
          [
            76.5021908,
            9.6334679
          ],
          [
            76.5022659,
            9.6337376
          ],
          [
            76.5023571,
            9.6339914
          ],
          [
            76.502434,
            9.6342672
          ]
        ]
      }
    },
    {
      "type": "Feature",
      "properties": {
        "name": "Residential Road",
        "highway": "residential",
        "surface": "asphalt",
        "osm_id": 634580211
      },
      "geometry": {
        "type": "LineString",
        "coordinates": [
          [
            76.5038659,
            9.6382949
          ],
          [
            76.5039779,
            9.6383307
          ],
          [
            76.5040437,
            9.6383379
          ],
          [
            76.5041059,
            9.6383273
          ],
          [
            76.5042244,
            9.6383035
          ],
          [
            76.5043102,
            9.6382904
          ],
          [
            76.5045302,
            9.6382768
          ],
          [
            76.5046378,
            9.6383398
          ],
          [
            76.5046535,
            9.6386769
          ],
          [
            76.5046642,
            9.6387878
          ],
          [
            76.5046693,
            9.6388399
          ],
          [
            76.5047191,
            9.6389201
          ],
          [
            76.5047339,
            9.6389504
          ],
          [
            76.5047447,
            9.6389787
          ],
          [
            76.5047434,
            9.6390073
          ],
          [
            76.5047378,
            9.6390388
          ],
          [
            76.5046167,
            9.6393226
          ],
          [
            76.5046136,
            9.6393489
          ],
          [
            76.5046108,
            9.639372
          ],
          [
            76.5046009,
            9.6394312
          ],
          [
            76.5046185,
            9.6394972
          ],
          [
            76.5046784,
            9.6395568
          ],
          [
            76.5046928,
            9.6395858
          ],
          [
            76.5047076,
            9.6396436
          ],
          [
            76.5047279,
            9.6396908
          ],
          [
            76.5047393,
            9.6397556
          ],
          [
            76.5048218,
            9.639924
          ],
          [
            76.5048483,
            9.6403199
          ],
          [
            76.5048525,
            9.6403819
          ],
          [
            76.5048608,
            9.6404362
          ],
          [
            76.5048717,
            9.6404835
          ],
          [
            76.5048895,
            9.6405307
          ],
          [
            76.5050609,
            9.6409678
          ],
          [
            76.5050733,
            9.6410161
          ],
          [
            76.5050947,
            9.6410653
          ],
          [
            76.505103,
            9.6411028
          ],
          [
            76.5051051,
            9.641144
          ],
          [
            76.5050237,
            9.6419974
          ]
        ]
      }
    },
    {
      "type": "Feature",
      "properties": {
        "name": "Residential Road",
        "highway": "residential",
        "surface": "asphalt",
        "osm_id": 634580214
      },
      "geometry": {
        "type": "LineString",
        "coordinates": [
          [
            76.5069156,
            9.6607763
          ],
          [
            76.5062922,
            9.6607375
          ],
          [
            76.5060237,
            9.660659
          ],
          [
            76.5058172,
            9.6606907
          ],
          [
            76.5056294,
            9.6608599
          ],
          [
            76.5056106,
            9.6609921
          ],
          [
            76.5055329,
            9.6610265
          ],
          [
            76.5051895,
            9.6610371
          ],
          [
            76.5048301,
            9.6610503
          ],
          [
            76.50446,
            9.6611296
          ],
          [
            76.5043044,
            9.6611561
          ],
          [
            76.5042473,
            9.6611482
          ]
        ]
      }
    },
    {
      "type": "Feature",
      "properties": {
        "name": "Residential Road",
        "highway": "residential",
        "surface": "asphalt",
        "osm_id": 634580218
      },
      "geometry": {
        "type": "LineString",
        "coordinates": [
          [
            76.4888695,
            9.6278737
          ],
          [
            76.4886964,
            9.6272921
          ],
          [
            76.4885663,
            9.6266956
          ]
        ]
      }
    },
    {
      "type": "Feature",
      "properties": {
        "name": "Residential Road",
        "highway": "residential",
        "surface": "asphalt",
        "osm_id": 634580220
      },
      "geometry": {
        "type": "LineString",
        "coordinates": [
          [
            76.4997422,
            9.6554276
          ],
          [
            76.4997139,
            9.6549329
          ],
          [
            76.4997056,
            9.6547923
          ],
          [
            76.499719,
            9.6546942
          ],
          [
            76.4998492,
            9.6540269
          ]
        ]
      }
    },
    {
      "type": "Feature",
      "properties": {
        "name": "Residential Road",
        "highway": "residential",
        "surface": "asphalt",
        "osm_id": 634580226
      },
      "geometry": {
        "type": "LineString",
        "coordinates": [
          [
            76.5065463,
            9.6354375
          ],
          [
            76.5073689,
            9.6354985
          ],
          [
            76.5076253,
            9.6354541
          ],
          [
            76.5078242,
            9.6354227
          ],
          [
            76.5084114,
            9.6353023
          ],
          [
            76.5087596,
            9.6352422
          ]
        ]
      }
    },
    {
      "type": "Feature",
      "properties": {
        "name": "Residential Road",
        "highway": "residential",
        "surface": "asphalt",
        "osm_id": 634580230
      },
      "geometry": {
        "type": "LineString",
        "coordinates": [
          [
            76.4925711,
            9.6441285
          ],
          [
            76.4926623,
            9.6439408
          ],
          [
            76.4926891,
            9.6437768
          ],
          [
            76.4927763,
            9.6434556
          ],
          [
            76.4929104,
            9.6430549
          ],
          [
            76.4930338,
            9.6428222
          ],
          [
            76.4931464,
            9.6426742
          ],
          [
            76.4932953,
            9.6426045
          ],
          [
            76.4943912,
            9.6422378
          ],
          [
            76.4948402,
            9.642064
          ],
          [
            76.4951856,
            9.6419327
          ],
          [
            76.4956299,
            9.641816
          ],
          [
            76.4956948,
            9.6417955
          ],
          [
            76.4965409,
            9.6415287
          ],
          [
            76.4966711,
            9.641448
          ],
          [
            76.4969608,
            9.641179
          ]
        ]
      }
    },
    {
      "type": "Feature",
      "properties": {
        "name": "Residential Road",
        "highway": "residential",
        "surface": "asphalt",
        "osm_id": 634580232
      },
      "geometry": {
        "type": "LineString",
        "coordinates": [
          [
            76.5066993,
            9.6442124
          ],
          [
            76.5066782,
            9.6441246
          ],
          [
            76.5066943,
            9.643913
          ],
          [
            76.5065768,
            9.6438228
          ],
          [
            76.5061637,
            9.6437611
          ],
          [
            76.5060537,
            9.643751
          ],
          [
            76.5059437,
            9.6437522
          ],
          [
            76.5057998,
            9.64376
          ],
          [
            76.505707,
            9.643771
          ],
          [
            76.5056386,
            9.6437791
          ],
          [
            76.5053132,
            9.6437594
          ],
          [
            76.5049474,
            9.6437522
          ]
        ]
      }
    },
    {
      "type": "Feature",
      "properties": {
        "name": "Residential Road",
        "highway": "residential",
        "surface": "asphalt",
        "osm_id": 634580234
      },
      "geometry": {
        "type": "LineString",
        "coordinates": [
          [
            76.5053132,
            9.6437594
          ],
          [
            76.5053154,
            9.6431867
          ],
          [
            76.5053602,
            9.6427649
          ],
          [
            76.5053882,
            9.6420103
          ]
        ]
      }
    },
    {
      "type": "Feature",
      "properties": {
        "name": "Residential Road",
        "highway": "residential",
        "surface": "asphalt",
        "osm_id": 634580240
      },
      "geometry": {
        "type": "LineString",
        "coordinates": [
          [
            76.5041333,
            9.6559702
          ],
          [
            76.5041356,
            9.6560743
          ],
          [
            76.5041396,
            9.6562195
          ],
          [
            76.5041348,
            9.6562773
          ],
          [
            76.5041136,
            9.6563446
          ],
          [
            76.5040901,
            9.6564096
          ]
        ]
      }
    },
    {
      "type": "Feature",
      "properties": {
        "name": "Residential Road",
        "highway": "residential",
        "surface": "asphalt",
        "osm_id": 634580244
      },
      "geometry": {
        "type": "LineString",
        "coordinates": [
          [
            76.4814056,
            9.6297647
          ],
          [
            76.4812405,
            9.6298517
          ],
          [
            76.4810372,
            9.6299596
          ],
          [
            76.4809217,
            9.6299706
          ],
          [
            76.4808249,
            9.6299592
          ],
          [
            76.4807225,
            9.629942
          ],
          [
            76.4805095,
            9.6298633
          ],
          [
            76.4803005,
            9.6298007
          ],
          [
            76.4801797,
            9.6297845
          ],
          [
            76.4800772,
            9.6297906
          ],
          [
            76.4798669,
            9.629813
          ],
          [
            76.4792678,
            9.6298622
          ],
          [
            76.4790254,
            9.6299474
          ],
          [
            76.4787078,
            9.63012
          ],
          [
            76.4784555,
            9.6302571
          ],
          [
            76.4783029,
            9.6303693
          ],
          [
            76.4779439,
            9.6306745
          ],
          [
            76.477728,
            9.6308342
          ],
          [
            76.4777195,
            9.6308405
          ],
          [
            76.4775938,
            9.6309034
          ],
          [
            76.4774547,
            9.6309437
          ],
          [
            76.476979,
            9.6310156
          ],
          [
            76.4767598,
            9.6310183
          ],
          [
            76.4766199,
            9.63102
          ],
          [
            76.4761083,
            9.6310739
          ],
          [
            76.475673,
            9.6311637
          ],
          [
            76.4753633,
            9.631204
          ],
          [
            76.4739249,
            9.6311821
          ]
        ]
      }
    },
    {
      "type": "Feature",
      "properties": {
        "name": "Residential Road",
        "highway": "residential",
        "surface": "asphalt",
        "osm_id": 634580245
      },
      "geometry": {
        "type": "LineString",
        "coordinates": [
          [
            76.4887042,
            9.6328079
          ],
          [
            76.4891028,
            9.6328443
          ],
          [
            76.4891917,
            9.6328301
          ],
          [
            76.4892758,
            9.6327902
          ],
          [
            76.4894553,
            9.632694
          ],
          [
            76.4895292,
            9.6326668
          ],
          [
            76.4896079,
            9.6326536
          ],
          [
            76.4904336,
            9.6326536
          ],
          [
            76.4907514,
            9.6326469
          ]
        ]
      }
    },
    {
      "type": "Feature",
      "properties": {
        "name": "Secondary_link Road",
        "highway": "secondary_link",
        "surface": "asphalt",
        "osm_id": 634580248
      },
      "geometry": {
        "type": "LineString",
        "coordinates": [
          [
            76.4928771,
            9.6226967
          ],
          [
            76.492918,
            9.6229127
          ],
          [
            76.4929005,
            9.6230699
          ],
          [
            76.4928938,
            9.6232079
          ],
          [
            76.4928958,
            9.6233199
          ],
          [
            76.492901,
            9.6236219
          ],
          [
            76.4929261,
            9.6239415
          ],
          [
            76.4930144,
            9.6242766
          ],
          [
            76.4930231,
            9.6243241
          ],
          [
            76.4930519,
            9.6244136
          ],
          [
            76.4930773,
            9.6245118
          ]
        ]
      }
    },
    {
      "type": "Feature",
      "properties": {
        "name": "Residential Road",
        "highway": "residential",
        "surface": "asphalt",
        "osm_id": 634580249
      },
      "geometry": {
        "type": "LineString",
        "coordinates": [
          [
            76.5077443,
            9.6340314
          ],
          [
            76.5077497,
            9.6343094
          ],
          [
            76.5077276,
            9.634326
          ],
          [
            76.5076471,
            9.6343339
          ],
          [
            76.5076246,
            9.6343564
          ],
          [
            76.5076371,
            9.6344139
          ],
          [
            76.507695,
            9.6345833
          ],
          [
            76.5076935,
            9.6347144
          ],
          [
            76.5076447,
            9.6350861
          ],
          [
            76.5075998,
            9.635281
          ],
          [
            76.5075984,
            9.6353735
          ],
          [
            76.5076253,
            9.6354541
          ]
        ]
      }
    },
    {
      "type": "Feature",
      "properties": {
        "name": "Residential Road",
        "highway": "residential",
        "surface": "asphalt",
        "osm_id": 634580251
      },
      "geometry": {
        "type": "LineString",
        "coordinates": [
          [
            76.4875038,
            9.6258888
          ],
          [
            76.4869529,
            9.625879
          ],
          [
            76.4866189,
            9.6259173
          ],
          [
            76.4862459,
            9.6258188
          ]
        ]
      }
    },
    {
      "type": "Feature",
      "properties": {
        "name": "Residential Road",
        "highway": "residential",
        "surface": "asphalt",
        "osm_id": 634580252
      },
      "geometry": {
        "type": "LineString",
        "coordinates": [
          [
            76.4976897,
            9.6340549
          ],
          [
            76.4977133,
            9.6335876
          ],
          [
            76.4977073,
            9.6335027
          ],
          [
            76.4976917,
            9.6334505
          ],
          [
            76.4976637,
            9.6334199
          ],
          [
            76.4976046,
            9.63338
          ],
          [
            76.4975211,
            9.6333872
          ],
          [
            76.4973736,
            9.6334401
          ],
          [
            76.497269,
            9.6334718
          ],
          [
            76.4971885,
            9.6334599
          ],
          [
            76.4971644,
            9.6334031
          ],
          [
            76.4971375,
            9.6332153
          ],
          [
            76.4970785,
            9.6329667
          ],
          [
            76.4969873,
            9.6326851
          ],
          [
            76.4968049,
            9.6322911
          ],
          [
            76.4966252,
            9.6317887
          ],
          [
            76.4965716,
            9.6315983
          ],
          [
            76.4965689,
            9.6314237
          ],
          [
            76.4967084,
            9.6309953
          ],
          [
            76.4967513,
            9.6308407
          ],
          [
            76.4967164,
            9.6305841
          ],
          [
            76.4966226,
            9.6302628
          ],
          [
            76.4966011,
            9.6301703
          ],
          [
            76.4965568,
            9.6297287
          ],
          [
            76.4965153,
            9.6294797
          ]
        ]
      }
    },
    {
      "type": "Feature",
      "properties": {
        "name": "Residential Road",
        "highway": "residential",
        "surface": "asphalt",
        "osm_id": 634580253
      },
      "geometry": {
        "type": "LineString",
        "coordinates": [
          [
            76.502391,
            9.6551664
          ],
          [
            76.5024305,
            9.655366
          ],
          [
            76.5024522,
            9.6554341
          ],
          [
            76.502524,
            9.6555867
          ],
          [
            76.5027514,
            9.6559175
          ]
        ]
      }
    },
    {
      "type": "Feature",
      "properties": {
        "name": "Residential Road",
        "highway": "residential",
        "surface": "asphalt",
        "osm_id": 634580254
      },
      "geometry": {
        "type": "LineString",
        "coordinates": [
          [
            76.4956948,
            9.6417955
          ],
          [
            76.4956535,
            9.6414478
          ]
        ]
      }
    },
    {
      "type": "Feature",
      "properties": {
        "name": "Residential Road",
        "highway": "residential",
        "surface": "asphalt",
        "osm_id": 634580255
      },
      "geometry": {
        "type": "LineString",
        "coordinates": [
          [
            76.4967298,
            9.6330789
          ],
          [
            76.4966999,
            9.6338152
          ]
        ]
      }
    },
    {
      "type": "Feature",
      "properties": {
        "name": "Residential Road",
        "highway": "residential",
        "surface": "asphalt",
        "osm_id": 634580256
      },
      "geometry": {
        "type": "LineString",
        "coordinates": [
          [
            76.4978583,
            9.625266
          ],
          [
            76.4972795,
            9.6253367
          ],
          [
            76.4972438,
            9.6253908
          ],
          [
            76.4972642,
            9.6255673
          ],
          [
            76.4973222,
            9.6259048
          ]
        ]
      }
    },
    {
      "type": "Feature",
      "properties": {
        "name": "Residential Road",
        "highway": "residential",
        "surface": "asphalt",
        "osm_id": 634580257
      },
      "geometry": {
        "type": "LineString",
        "coordinates": [
          [
            76.5049474,
            9.6437522
          ],
          [
            76.5047924,
            9.6436758
          ],
          [
            76.5048024,
            9.6435899
          ],
          [
            76.5047857,
            9.6433157
          ],
          [
            76.5047019,
            9.6433256
          ],
          [
            76.5043333,
            9.6432992
          ],
          [
            76.5038876,
            9.6433124
          ],
          [
            76.5034687,
            9.6432397
          ],
          [
            76.5030599,
            9.6430646
          ],
          [
            76.5026611,
            9.6430911
          ],
          [
            76.5023695,
            9.6431703
          ],
          [
            76.502135,
            9.6432562
          ],
          [
            76.5019741,
            9.6433289
          ],
          [
            76.5019031,
            9.6432304
          ],
          [
            76.5019028,
            9.6428957
          ],
          [
            76.5019245,
            9.6427824
          ],
          [
            76.501957,
            9.6426781
          ],
          [
            76.5020107,
            9.6419566
          ]
        ]
      }
    },
    {
      "type": "Feature",
      "properties": {
        "name": "Residential Road",
        "highway": "residential",
        "surface": "asphalt",
        "osm_id": 634580258
      },
      "geometry": {
        "type": "LineString",
        "coordinates": [
          [
            76.5009128,
            9.656574
          ],
          [
            76.5009712,
            9.6562406
          ],
          [
            76.5010478,
            9.6559119
          ]
        ]
      }
    },
    {
      "type": "Feature",
      "properties": {
        "name": "Residential Road",
        "highway": "residential",
        "surface": "asphalt",
        "osm_id": 634580259
      },
      "geometry": {
        "type": "LineString",
        "coordinates": [
          [
            76.5014343,
            9.6535728
          ],
          [
            76.5022751,
            9.6535195
          ],
          [
            76.5025545,
            9.6534801
          ],
          [
            76.502765,
            9.6534171
          ],
          [
            76.5029577,
            9.6533378
          ],
          [
            76.5030443,
            9.6533367
          ],
          [
            76.5031313,
            9.6533355
          ],
          [
            76.5032359,
            9.6533341
          ],
          [
            76.5035817,
            9.653386
          ],
          [
            76.5036692,
            9.653402
          ],
          [
            76.5040405,
            9.6534698
          ],
          [
            76.5043983,
            9.6534677
          ],
          [
            76.5045181,
            9.653467
          ],
          [
            76.504843,
            9.6534475
          ],
          [
            76.5050211,
            9.6534252
          ],
          [
            76.5052076,
            9.6533807
          ],
          [
            76.5054223,
            9.6533333
          ],
          [
            76.505606,
            9.6533138
          ],
          [
            76.5058349,
            9.6532943
          ],
          [
            76.5060035,
            9.6533051
          ],
          [
            76.5063268,
            9.6533258
          ],
          [
            76.5067431,
            9.6533973
          ]
        ]
      }
    },
    {
      "type": "Feature",
      "properties": {
        "name": "Residential Road",
        "highway": "residential",
        "surface": "asphalt",
        "osm_id": 634580265
      },
      "geometry": {
        "type": "LineString",
        "coordinates": [
          [
            76.4808162,
            9.6301657
          ],
          [
            76.480902,
            9.6306584
          ],
          [
            76.4811094,
            9.6312956
          ],
          [
            76.4811699,
            9.6315511
          ],
          [
            76.4811785,
            9.6316568
          ],
          [
            76.4811509,
            9.6322561
          ]
        ]
      }
    },
    {
      "type": "Feature",
      "properties": {
        "name": "Pulikuttisseri Bridge",
        "highway": "secondary",
        "surface": "asphalt",
        "osm_id": 634580266
      },
      "geometry": {
        "type": "LineString",
        "coordinates": [
          [
            76.4930773,
            9.6245118
          ],
          [
            76.4932061,
            9.6248553
          ]
        ]
      }
    },
    {
      "type": "Feature",
      "properties": {
        "name": "Residential Road",
        "highway": "residential",
        "surface": "asphalt",
        "osm_id": 634580269
      },
      "geometry": {
        "type": "LineString",
        "coordinates": [
          [
            76.492412,
            9.6328769
          ],
          [
            76.4926487,
            9.632943
          ],
          [
            76.4927686,
            9.6329958
          ],
          [
            76.492834,
            9.6330074
          ],
          [
            76.4928866,
            9.6330037
          ],
          [
            76.4929392,
            9.6329779
          ],
          [
            76.4935824,
            9.6324277
          ],
          [
            76.4937606,
            9.6322448
          ],
          [
            76.4938661,
            9.6321671
          ],
          [
            76.4940236,
            9.6320652
          ],
          [
            76.494256,
            9.6319678
          ],
          [
            76.4950706,
            9.6316559
          ]
        ]
      }
    },
    {
      "type": "Feature",
      "properties": {
        "name": "Residential Road",
        "highway": "residential",
        "surface": "asphalt",
        "osm_id": 634580270
      },
      "geometry": {
        "type": "LineString",
        "coordinates": [
          [
            76.4907514,
            9.6326469
          ],
          [
            76.4914834,
            9.6327076
          ],
          [
            76.4920561,
            9.6327843
          ],
          [
            76.492412,
            9.6328769
          ]
        ]
      }
    },
    {
      "type": "Feature",
      "properties": {
        "name": "Residential Road",
        "highway": "residential",
        "surface": "asphalt",
        "osm_id": 634580273
      },
      "geometry": {
        "type": "LineString",
        "coordinates": [
          [
            76.502434,
            9.6342672
          ],
          [
            76.5025191,
            9.6347111
          ],
          [
            76.5025802,
            9.6350157
          ],
          [
            76.5026036,
            9.635211
          ],
          [
            76.5026044,
            9.6354899
          ],
          [
            76.5026515,
            9.6356021
          ],
          [
            76.5025844,
            9.6357257
          ],
          [
            76.5025202,
            9.6359127
          ],
          [
            76.5025173,
            9.6362032
          ],
          [
            76.5025144,
            9.636462
          ],
          [
            76.5024502,
            9.6367094
          ],
          [
            76.5024648,
            9.6368589
          ],
          [
            76.5024794,
            9.636974
          ],
          [
            76.5024123,
            9.6371494
          ],
          [
            76.5023773,
            9.6373651
          ],
          [
            76.5023431,
            9.6376187
          ]
        ]
      }
    },
    {
      "type": "Feature",
      "properties": {
        "name": "Residential Road",
        "highway": "residential",
        "surface": "asphalt",
        "osm_id": 634580274
      },
      "geometry": {
        "type": "LineString",
        "coordinates": [
          [
            76.5029336,
            9.6351669
          ],
          [
            76.5030742,
            9.6351625
          ],
          [
            76.5031806,
            9.635192
          ],
          [
            76.503375,
            9.6352303
          ],
          [
            76.5034153,
            9.6351801
          ],
          [
            76.5034059,
            9.6349963
          ],
          [
            76.5034179,
            9.6349236
          ],
          [
            76.5034887,
            9.6349163
          ],
          [
            76.5038492,
            9.6349162
          ],
          [
            76.5038327,
            9.6344371
          ]
        ]
      }
    },
    {
      "type": "Feature",
      "properties": {
        "name": "Residential Road",
        "highway": "residential",
        "surface": "asphalt",
        "osm_id": 634580275
      },
      "geometry": {
        "type": "LineString",
        "coordinates": [
          [
            76.5043194,
            9.6368092
          ],
          [
            76.5043404,
            9.6370592
          ],
          [
            76.504373,
            9.6374467
          ],
          [
            76.5044035,
            9.637496
          ],
          [
            76.5044448,
            9.6375454
          ],
          [
            76.5046108,
            9.6376666
          ],
          [
            76.5045302,
            9.6382768
          ]
        ]
      }
    },
    {
      "type": "Feature",
      "properties": {
        "name": "Residential Road",
        "highway": "residential",
        "surface": "asphalt",
        "osm_id": 634580276
      },
      "geometry": {
        "type": "LineString",
        "coordinates": [
          [
            76.5020107,
            9.6419566
          ],
          [
            76.5020362,
            9.6412806
          ],
          [
            76.50202,
            9.6410127
          ],
          [
            76.5020133,
            9.6409022
          ],
          [
            76.502002,
            9.6404894
          ],
          [
            76.5020212,
            9.6401803
          ],
          [
            76.5020197,
            9.6400781
          ],
          [
            76.502017,
            9.6398942
          ],
          [
            76.5020219,
            9.6395555
          ],
          [
            76.5020662,
            9.6393092
          ],
          [
            76.5020258,
            9.6389681
          ],
          [
            76.5020304,
            9.6388553
          ],
          [
            76.5020442,
            9.6387546
          ],
          [
            76.5020816,
            9.6386375
          ],
          [
            76.5021346,
            9.6384081
          ],
          [
            76.5023026,
            9.6376815
          ],
          [
            76.5023431,
            9.6376187
          ],
          [
            76.5023807,
            9.6375603
          ],
          [
            76.5025018,
            9.6374572
          ],
          [
            76.5026496,
            9.6373704
          ],
          [
            76.5027352,
            9.6373307
          ],
          [
            76.5028777,
            9.6372853
          ],
          [
            76.5030117,
            9.6372427
          ],
          [
            76.503331,
            9.6371271
          ],
          [
            76.5034127,
            9.6371206
          ],
          [
            76.5038523,
            9.6371068
          ],
          [
            76.5039035,
            9.6370919
          ],
          [
            76.5039468,
            9.6370654
          ],
          [
            76.5043194,
            9.6368092
          ]
        ]
      }
    },
    {
      "type": "Feature",
      "properties": {
        "name": "Residential Road",
        "highway": "residential",
        "surface": "asphalt",
        "osm_id": 634580279
      },
      "geometry": {
        "type": "LineString",
        "coordinates": [
          [
            76.5049053,
            9.6584092
          ],
          [
            76.5054747,
            9.6584414
          ],
          [
            76.5057398,
            9.6584576
          ],
          [
            76.5060474,
            9.6585189
          ],
          [
            76.5063222,
            9.6585956
          ],
          [
            76.5065928,
            9.6585886
          ]
        ]
      }
    },
    {
      "type": "Feature",
      "properties": {
        "name": "Residential Road",
        "highway": "residential",
        "surface": "asphalt",
        "osm_id": 634580280
      },
      "geometry": {
        "type": "LineString",
        "coordinates": [
          [
            76.5066005,
            9.6557912
          ],
          [
            76.5070063,
            9.6558282
          ],
          [
            76.5073761,
            9.6558444
          ],
          [
            76.5075822,
            9.6558444
          ],
          [
            76.5077655,
            9.6558444
          ],
          [
            76.5081353,
            9.6558121
          ],
          [
            76.5084265,
            9.655796
          ],
          [
            76.5086033,
            9.6558153
          ],
          [
            76.5087865,
            9.6558315
          ],
          [
            76.5095118,
            9.6559966
          ]
        ]
      }
    },
    {
      "type": "Feature",
      "properties": {
        "name": "Residential Road",
        "highway": "residential",
        "surface": "asphalt",
        "osm_id": 634580281
      },
      "geometry": {
        "type": "LineString",
        "coordinates": [
          [
            76.5077033,
            9.6573639
          ],
          [
            76.507664,
            9.6575446
          ],
          [
            76.5076673,
            9.6576349
          ],
          [
            76.5077164,
            9.6577898
          ],
          [
            76.5078342,
            9.6581866
          ],
          [
            76.5079193,
            9.6585189
          ],
          [
            76.5079357,
            9.6587512
          ],
          [
            76.5079154,
            9.6591321
          ]
        ]
      }
    },
    {
      "type": "Feature",
      "properties": {
        "name": "Residential Road",
        "highway": "residential",
        "surface": "asphalt",
        "osm_id": 634580282
      },
      "geometry": {
        "type": "LineString",
        "coordinates": [
          [
            76.5025921,
            9.6518681
          ],
          [
            76.5025282,
            9.6522127
          ],
          [
            76.5024643,
            9.6524239
          ],
          [
            76.5023741,
            9.6526426
          ],
          [
            76.5022781,
            9.6528086
          ],
          [
            76.5022786,
            9.6531132
          ],
          [
            76.5022751,
            9.6535195
          ]
        ]
      }
    },
    {
      "type": "Feature",
      "properties": {
        "name": "Secondary Road",
        "highway": "secondary",
        "surface": "asphalt",
        "osm_id": 634622462
      },
      "geometry": {
        "type": "LineString",
        "coordinates": [
          [
            76.4871166,
            9.6419117
          ],
          [
            76.487043,
            9.6419767
          ]
        ]
      }
    },
    {
      "type": "Feature",
      "properties": {
        "name": "Residential Road",
        "highway": "residential",
        "surface": "asphalt",
        "osm_id": 634622464
      },
      "geometry": {
        "type": "LineString",
        "coordinates": [
          [
            76.5038327,
            9.6344371
          ],
          [
            76.5037895,
            9.6341012
          ],
          [
            76.5037867,
            9.6339505
          ],
          [
            76.5037706,
            9.6334493
          ],
          [
            76.5037184,
            9.6330857
          ],
          [
            76.5037237,
            9.6330104
          ],
          [
            76.5037023,
            9.6329139
          ],
          [
            76.5037023,
            9.6328438
          ],
          [
            76.5037338,
            9.6327717
          ],
          [
            76.5038792,
            9.6327723
          ],
          [
            76.5039195,
            9.6327486
          ],
          [
            76.5039295,
            9.6327117
          ],
          [
            76.503987,
            9.6324427
          ],
          [
            76.5040489,
            9.6319013
          ]
        ]
      }
    },
    {
      "type": "Feature",
      "properties": {
        "name": "Unclassified Road",
        "highway": "unclassified",
        "surface": "asphalt",
        "osm_id": 634622467
      },
      "geometry": {
        "type": "LineString",
        "coordinates": [
          [
            76.4934576,
            9.6268568
          ],
          [
            76.4936775,
            9.6268172
          ],
          [
            76.4939213,
            9.6267985
          ]
        ]
      }
    },
    {
      "type": "Feature",
      "properties": {
        "name": "Manalel Bridge",
        "highway": "unclassified",
        "surface": "asphalt",
        "osm_id": 634622469
      },
      "geometry": {
        "type": "LineString",
        "coordinates": [
          [
            76.4932849,
            9.6269162
          ],
          [
            76.4934576,
            9.6268568
          ]
        ]
      }
    },
    {
      "type": "Feature",
      "properties": {
        "name": "Tertiary Road",
        "highway": "tertiary",
        "surface": "paved",
        "osm_id": 634622471
      },
      "geometry": {
        "type": "LineString",
        "coordinates": [
          [
            76.4814195,
            9.6243309
          ],
          [
            76.4814002,
            9.6243331
          ],
          [
            76.481246,
            9.6243328
          ],
          [
            76.4810808,
            9.6243474
          ],
          [
            76.4808878,
            9.6243354
          ],
          [
            76.4807407,
            9.624322
          ],
          [
            76.4806408,
            9.6241859
          ],
          [
            76.4805938,
            9.624028
          ],
          [
            76.4805586,
            9.6238759
          ],
          [
            76.4805325,
            9.623783
          ],
          [
            76.4805436,
            9.6235834
          ],
          [
            76.4805011,
            9.623338
          ],
          [
            76.4803908,
            9.6230008
          ],
          [
            76.4802643,
            9.6226127
          ],
          [
            76.4802097,
            9.6223632
          ],
          [
            76.4801733,
            9.6223104
          ],
          [
            76.4800387,
            9.6222625
          ],
          [
            76.4798849,
            9.6222635
          ],
          [
            76.4796724,
            9.6223253
          ],
          [
            76.4794802,
            9.6223966
          ]
        ]
      }
    },
    {
      "type": "Feature",
      "properties": {
        "name": "Tertiary Road",
        "highway": "tertiary",
        "surface": "concrete",
        "osm_id": 634622473
      },
      "geometry": {
        "type": "LineString",
        "coordinates": [
          [
            76.4814871,
            9.6243269
          ],
          [
            76.4814195,
            9.6243309
          ]
        ]
      }
    },
    {
      "type": "Feature",
      "properties": {
        "name": "Secondary Road",
        "highway": "secondary",
        "surface": "asphalt",
        "osm_id": 634622475
      },
      "geometry": {
        "type": "LineString",
        "coordinates": [
          [
            76.4875969,
            9.6251274
          ],
          [
            76.4876019,
            9.625067
          ]
        ]
      }
    },
    {
      "type": "Feature",
      "properties": {
        "name": "Residential Road",
        "highway": "residential",
        "surface": "asphalt",
        "osm_id": 634638570
      },
      "geometry": {
        "type": "LineString",
        "coordinates": [
          [
            76.4844072,
            9.6330037
          ],
          [
            76.4846767,
            9.6329766
          ],
          [
            76.4848481,
            9.6329488
          ],
          [
            76.484979,
            9.6329351
          ],
          [
            76.4851998,
            9.6329011
          ],
          [
            76.4853665,
            9.6328697
          ],
          [
            76.4855111,
            9.6328527
          ],
          [
            76.485604,
            9.6328914
          ],
          [
            76.4857918,
            9.6329654
          ],
          [
            76.4858431,
            9.6329974
          ],
          [
            76.4858937,
            9.6330289
          ],
          [
            76.4859715,
            9.6330448
          ],
          [
            76.4868593,
            9.6330024
          ],
          [
            76.4871383,
            9.632939
          ],
          [
            76.4873448,
            9.6328702
          ],
          [
            76.4875969,
            9.6328306
          ],
          [
            76.487833,
            9.6327935
          ],
          [
            76.4880341,
            9.6327512
          ],
          [
            76.4881575,
            9.6327036
          ],
          [
            76.4883171,
            9.6326851
          ],
          [
            76.4884445,
            9.632775
          ],
          [
            76.4884968,
            9.6327988
          ],
          [
            76.488549,
            9.6328011
          ]
        ]
      }
    },
    {
      "type": "Feature",
      "properties": {
        "name": "Secondary Road",
        "highway": "secondary",
        "surface": "asphalt",
        "osm_id": 634638572
      },
      "geometry": {
        "type": "LineString",
        "coordinates": [
          [
            76.5092009,
            9.6427104
          ],
          [
            76.509285,
            9.6435198
          ],
          [
            76.5093471,
            9.6438876
          ],
          [
            76.509386,
            9.6441279
          ],
          [
            76.5093888,
            9.6443546
          ],
          [
            76.5093619,
            9.6444851
          ],
          [
            76.5093102,
            9.6447528
          ],
          [
            76.5093005,
            9.6448204
          ],
          [
            76.5093113,
            9.6449969
          ],
          [
            76.5093637,
            9.645364
          ],
          [
            76.5093875,
            9.6455302
          ],
          [
            76.5095779,
            9.6461278
          ]
        ]
      }
    },
    {
      "type": "Feature",
      "properties": {
        "name": "Residential Road",
        "highway": "residential",
        "surface": "asphalt",
        "osm_id": 654079923
      },
      "geometry": {
        "type": "LineString",
        "coordinates": [
          [
            76.4841637,
            9.6196244
          ],
          [
            76.4841738,
            9.6195766
          ]
        ]
      }
    },
    {
      "type": "Feature",
      "properties": {
        "name": "Residential Road",
        "highway": "residential",
        "surface": "asphalt",
        "osm_id": 662378260
      },
      "geometry": {
        "type": "LineString",
        "coordinates": [
          [
            76.4225324,
            9.6606731
          ],
          [
            76.4230788,
            9.660825
          ],
          [
            76.4234337,
            9.6609217
          ],
          [
            76.4237793,
            9.6609723
          ],
          [
            76.4246545,
            9.6610925
          ]
        ]
      }
    },
    {
      "type": "Feature",
      "properties": {
        "name": "Residential Road",
        "highway": "residential",
        "surface": "asphalt",
        "osm_id": 662378261
      },
      "geometry": {
        "type": "LineString",
        "coordinates": [
          [
            76.4224696,
            9.6624004
          ],
          [
            76.422379,
            9.6632053
          ],
          [
            76.4222985,
            9.6636918
          ],
          [
            76.4221269,
            9.6644375
          ],
          [
            76.4220893,
            9.6646702
          ],
          [
            76.4220947,
            9.664961
          ],
          [
            76.4220625,
            9.6652519
          ],
          [
            76.4220093,
            9.6655063
          ],
          [
            76.4219928,
            9.665585
          ],
          [
            76.4219338,
            9.6658283
          ],
          [
            76.4218372,
            9.6660345
          ],
          [
            76.4217385,
            9.6663104
          ],
          [
            76.4217112,
            9.6664382
          ],
          [
            76.4216755,
            9.666605
          ],
          [
            76.4215908,
            9.6670009
          ]
        ]
      }
    },
    {
      "type": "Feature",
      "properties": {
        "name": "Residential Road",
        "highway": "residential",
        "surface": "asphalt",
        "osm_id": 662415828
      },
      "geometry": {
        "type": "LineString",
        "coordinates": [
          [
            76.4313749,
            9.6701988
          ],
          [
            76.4314487,
            9.6699652
          ],
          [
            76.4315219,
            9.6695804
          ],
          [
            76.4316926,
            9.6685424
          ],
          [
            76.4317536,
            9.6679733
          ],
          [
            76.4317902,
            9.6677168
          ],
          [
            76.4318542,
            9.6673531
          ],
          [
            76.4320097,
            9.6667189
          ],
          [
            76.4321993,
            9.6659858
          ],
          [
            76.43226,
            9.6657832
          ],
          [
            76.4323161,
            9.6655346
          ],
          [
            76.4323581,
            9.665263
          ],
          [
            76.4323581,
            9.6652239
          ],
          [
            76.4323534,
            9.6651755
          ],
          [
            76.4323277,
            9.6651479
          ],
          [
            76.432281,
            9.6651111
          ],
          [
            76.432211,
            9.6650674
          ],
          [
            76.43219,
            9.6650328
          ],
          [
            76.4321876,
            9.664973
          ],
          [
            76.432246,
            9.6646691
          ],
          [
            76.432281,
            9.664439
          ],
          [
            76.4324366,
            9.6634967
          ],
          [
            76.432465,
            9.6632001
          ]
        ]
      }
    },
    {
      "type": "Feature",
      "properties": {
        "name": "Residential Road",
        "highway": "residential",
        "surface": "asphalt",
        "osm_id": 662415831
      },
      "geometry": {
        "type": "LineString",
        "coordinates": [
          [
            76.4210721,
            9.6334201
          ],
          [
            76.4210057,
            9.6339095
          ],
          [
            76.4209655,
            9.6342242
          ],
          [
            76.420944,
            9.6344093
          ],
          [
            76.4209494,
            9.6345256
          ],
          [
            76.4209551,
            9.6345782
          ]
        ]
      }
    },
    {
      "type": "Feature",
      "properties": {
        "name": "Cheeppunkal Malikkayal Road",
        "highway": "residential",
        "surface": "asphalt",
        "osm_id": 662415832
      },
      "geometry": {
        "type": "LineString",
        "coordinates": [
          [
            76.430074,
            9.6377121
          ],
          [
            76.4300103,
            9.6377741
          ],
          [
            76.429982,
            9.6378194
          ],
          [
            76.4299855,
            9.6381823
          ],
          [
            76.4299766,
            9.6383515
          ],
          [
            76.4299359,
            9.638437
          ],
          [
            76.4298608,
            9.6385147
          ],
          [
            76.4297094,
            9.6385783
          ],
          [
            76.4294529,
            9.6386263
          ],
          [
            76.4291131,
            9.6386194
          ],
          [
            76.428943,
            9.6386229
          ],
          [
            76.4286783,
            9.6386843
          ],
          [
            76.4284978,
            9.6386905
          ],
          [
            76.4283716,
            9.63869
          ],
          [
            76.4277487,
            9.6387938
          ],
          [
            76.4275108,
            9.6388557
          ],
          [
            76.4273453,
            9.6389395
          ],
          [
            76.4271568,
            9.6390468
          ],
          [
            76.4270347,
            9.6391235
          ],
          [
            76.4269445,
            9.6391793
          ],
          [
            76.4267085,
            9.6393166
          ],
          [
            76.4264975,
            9.6394053
          ],
          [
            76.4262952,
            9.6394819
          ],
          [
            76.4258841,
            9.6395918
          ],
          [
            76.4248906,
            9.6398775
          ],
          [
            76.4245411,
            9.6399957
          ],
          [
            76.4242321,
            9.64008
          ],
          [
            76.4239217,
            9.6402104
          ],
          [
            76.4237571,
            9.6402682
          ],
          [
            76.4235783,
            9.6402947
          ],
          [
            76.4231048,
            9.6404073
          ],
          [
            76.4224199,
            9.640518
          ],
          [
            76.4217668,
            9.6406581
          ],
          [
            76.4214713,
            9.6406865
          ],
          [
            76.4210406,
            9.6407848
          ]
        ]
      }
    },
    {
      "type": "Feature",
      "properties": {
        "name": "Residential Road",
        "highway": "residential",
        "surface": "asphalt",
        "osm_id": 662415833
      },
      "geometry": {
        "type": "LineString",
        "coordinates": [
          [
            76.4288587,
            9.6496509
          ],
          [
            76.4288351,
            9.6497376
          ],
          [
            76.4287976,
            9.6498468
          ],
          [
            76.4286488,
            9.6499383
          ],
          [
            76.4285163,
            9.6501296
          ],
          [
            76.4283101,
            9.6504551
          ],
          [
            76.4282412,
            9.6505283
          ],
          [
            76.4281597,
            9.650569
          ],
          [
            76.4280992,
            9.6505851
          ],
          [
            76.4279824,
            9.6505566
          ],
          [
            76.4277436,
            9.650831
          ],
          [
            76.4276628,
            9.6508532
          ],
          [
            76.427593,
            9.6508718
          ],
          [
            76.427275,
            9.6512452
          ],
          [
            76.42723,
            9.6513363
          ],
          [
            76.427212,
            9.6515134
          ],
          [
            76.4271539,
            9.6516161
          ],
          [
            76.4270565,
            9.6516845
          ],
          [
            76.4269441,
            9.6517572
          ],
          [
            76.4268466,
            9.6518573
          ],
          [
            76.4267651,
            9.6519338
          ],
          [
            76.4267648,
            9.6520831
          ],
          [
            76.4267756,
            9.6522069
          ],
          [
            76.4268215,
            9.6524914
          ],
          [
            76.4268958,
            9.6526902
          ],
          [
            76.426915,
            9.6528876
          ]
        ]
      }
    },
    {
      "type": "Feature",
      "properties": {
        "name": "Residential Road",
        "highway": "residential",
        "surface": "asphalt",
        "osm_id": 662415834
      },
      "geometry": {
        "type": "LineString",
        "coordinates": [
          [
            76.4296806,
            9.649822
          ],
          [
            76.4296091,
            9.6498373
          ],
          [
            76.4292671,
            9.6497627
          ],
          [
            76.4290169,
            9.6497069
          ],
          [
            76.4288587,
            9.6496509
          ],
          [
            76.4284973,
            9.6495453
          ],
          [
            76.4276285,
            9.6494119
          ],
          [
            76.4273353,
            9.649377
          ],
          [
            76.4270628,
            9.6492703
          ],
          [
            76.4267273,
            9.6492579
          ],
          [
            76.4263541,
            9.6492373
          ],
          [
            76.4260464,
            9.6492106
          ],
          [
            76.4259286,
            9.6492356
          ],
          [
            76.4256778,
            9.6493935
          ],
          [
            76.425552,
            9.6495026
          ],
          [
            76.4254245,
            9.6499011
          ],
          [
            76.4253967,
            9.6500927
          ],
          [
            76.4253952,
            9.6502306
          ],
          [
            76.4253952,
            9.6503687
          ],
          [
            76.4253873,
            9.650711
          ]
        ]
      }
    },
    {
      "type": "Feature",
      "properties": {
        "name": "Residential Road",
        "highway": "residential",
        "surface": "asphalt",
        "osm_id": 663270904
      },
      "geometry": {
        "type": "LineString",
        "coordinates": [
          [
            76.436616,
            9.6159526
          ],
          [
            76.4366283,
            9.6162837
          ],
          [
            76.4365975,
            9.6165146
          ],
          [
            76.4365944,
            9.6167212
          ],
          [
            76.4366019,
            9.6169835
          ]
        ]
      }
    },
    {
      "type": "Feature",
      "properties": {
        "name": "Residential Road",
        "highway": "residential",
        "surface": "asphalt",
        "osm_id": 663270905
      },
      "geometry": {
        "type": "LineString",
        "coordinates": [
          [
            76.4296897,
            9.617765
          ],
          [
            76.429763,
            9.6178628
          ],
          [
            76.4299305,
            9.6179789
          ],
          [
            76.4300744,
            9.6180778
          ],
          [
            76.430113,
            9.618154
          ],
          [
            76.4301129,
            9.6181938
          ],
          [
            76.430104,
            9.6182701
          ],
          [
            76.4300904,
            9.6184263
          ],
          [
            76.4300226,
            9.6185789
          ],
          [
            76.4298984,
            9.6188398
          ],
          [
            76.4297489,
            9.6192507
          ],
          [
            76.4297021,
            9.6193587
          ],
          [
            76.429672,
            9.6194665
          ],
          [
            76.4296399,
            9.6195709
          ],
          [
            76.4297417,
            9.6196083
          ],
          [
            76.4301065,
            9.6196877
          ]
        ]
      }
    },
    {
      "type": "Feature",
      "properties": {
        "name": "Tertiary Road",
        "highway": "tertiary",
        "surface": "asphalt",
        "osm_id": 663270906
      },
      "geometry": {
        "type": "LineString",
        "coordinates": [
          [
            76.4326256,
            9.6156158
          ],
          [
            76.4326655,
            9.6156248
          ],
          [
            76.4327601,
            9.6155863
          ],
          [
            76.4328516,
            9.6153779
          ],
          [
            76.4329176,
            9.6153449
          ],
          [
            76.4330797,
            9.6154195
          ],
          [
            76.4332443,
            9.6155119
          ],
          [
            76.4333415,
            9.6155748
          ],
          [
            76.4336459,
            9.6157222
          ],
          [
            76.4337529,
            9.6158042
          ],
          [
            76.4341529,
            9.6159988
          ],
          [
            76.4344677,
            9.6161506
          ],
          [
            76.4346904,
            9.6162703
          ],
          [
            76.4349271,
            9.6163992
          ],
          [
            76.4354987,
            9.6166687
          ],
          [
            76.4363282,
            9.6170675
          ],
          [
            76.4364327,
            9.6171184
          ],
          [
            76.4365337,
            9.6171451
          ]
        ]
      }
    },
    {
      "type": "Feature",
      "properties": {
        "name": "Residential Road",
        "highway": "residential",
        "surface": "asphalt",
        "osm_id": 663270907
      },
      "geometry": {
        "type": "LineString",
        "coordinates": [
          [
            76.433883,
            9.621597
          ],
          [
            76.4313537,
            9.6221471
          ],
          [
            76.4303344,
            9.6223745
          ],
          [
            76.4301628,
            9.6224089
          ],
          [
            76.4299263,
            9.6224441
          ]
        ]
      }
    },
    {
      "type": "Feature",
      "properties": {
        "name": "Residential Road",
        "highway": "residential",
        "surface": "asphalt",
        "osm_id": 663270915
      },
      "geometry": {
        "type": "LineString",
        "coordinates": [
          [
            76.4308618,
            9.6077108
          ],
          [
            76.4309188,
            9.6079881
          ],
          [
            76.431144,
            9.6082731
          ],
          [
            76.4313689,
            9.6085951
          ],
          [
            76.4314121,
            9.6086862
          ],
          [
            76.4314213,
            9.6088351
          ],
          [
            76.4314275,
            9.6089232
          ],
          [
            76.431446,
            9.608993
          ],
          [
            76.4315107,
            9.6090751
          ],
          [
            76.4315445,
            9.6091388
          ],
          [
            76.4315661,
            9.6092178
          ],
          [
            76.4315661,
            9.6092725
          ],
          [
            76.4315445,
            9.6096006
          ],
          [
            76.4315476,
            9.6096522
          ],
          [
            76.4315692,
            9.6096917
          ],
          [
            76.4316035,
            9.6097034
          ],
          [
            76.4316687,
            9.609698
          ],
          [
            76.4318887,
            9.6096741
          ],
          [
            76.4322738,
            9.6096077
          ],
          [
            76.4323505,
            9.6096068
          ],
          [
            76.4324042,
            9.6096401
          ],
          [
            76.4324134,
            9.6098026
          ],
          [
            76.4324257,
            9.6100129
          ],
          [
            76.4324827,
            9.6102674
          ],
          [
            76.43253,
            9.6105115
          ]
        ]
      }
    },
    {
      "type": "Feature",
      "properties": {
        "name": "Residential Road",
        "highway": "residential",
        "surface": "asphalt",
        "osm_id": 663270919
      },
      "geometry": {
        "type": "LineString",
        "coordinates": [
          [
            76.4413198,
            9.6180717
          ],
          [
            76.4420997,
            9.6177632
          ],
          [
            76.4424873,
            9.6176159
          ],
          [
            76.4426648,
            9.6175882
          ],
          [
            76.4428983,
            9.6175606
          ],
          [
            76.443977,
            9.6174501
          ],
          [
            76.4445468,
            9.6173534
          ],
          [
            76.4454341,
            9.6172613
          ],
          [
            76.4456489,
            9.6172291
          ],
          [
            76.4460225,
            9.6171324
          ],
          [
            76.4460972,
            9.6170956
          ],
          [
            76.4461299,
            9.617068
          ],
          [
            76.4461416,
            9.6170334
          ],
          [
            76.4461486,
            9.6169782
          ],
          [
            76.4461603,
            9.6169367
          ],
          [
            76.4462,
            9.6169114
          ],
          [
            76.4466833,
            9.6167687
          ],
          [
            76.4471013,
            9.6166789
          ],
          [
            76.4473605,
            9.616672
          ],
          [
            76.4479696,
            9.6165875
          ],
          [
            76.4482377,
            9.6165632
          ],
          [
            76.4484749,
            9.6165996
          ],
          [
            76.4486629,
            9.6166726
          ],
          [
            76.4489432,
            9.6168001
          ],
          [
            76.4495533,
            9.6170978
          ],
          [
            76.4495995,
            9.6171586
          ],
          [
            76.449655,
            9.6172315
          ],
          [
            76.4497381,
            9.6172953
          ],
          [
            76.4498994,
            9.6173799
          ],
          [
            76.4500462,
            9.6173925
          ],
          [
            76.4501387,
            9.6174684
          ],
          [
            76.4502773,
            9.6174624
          ],
          [
            76.4504252,
            9.617435
          ],
          [
            76.4505885,
            9.6173652
          ],
          [
            76.4506563,
            9.6173074
          ],
          [
            76.4506994,
            9.6172163
          ],
          [
            76.4507826,
            9.6171464
          ],
          [
            76.4508874,
            9.6170827
          ],
          [
            76.4509305,
            9.6170249
          ],
          [
            76.4509552,
            9.6169611
          ],
          [
            76.4510075,
            9.6167728
          ],
          [
            76.4511215,
            9.6165085
          ],
          [
            76.4511523,
            9.6163506
          ],
          [
            76.4511708,
            9.6161956
          ],
          [
            76.451177,
            9.6160164
          ],
          [
            76.4511893,
            9.6156883
          ],
          [
            76.4512386,
            9.6154939
          ],
          [
            76.4513341,
            9.6153633
          ],
          [
            76.4515221,
            9.6152114
          ],
          [
            76.4517562,
            9.6151051
          ],
          [
            76.4519411,
            9.6150595
          ],
          [
            76.4522153,
            9.6149866
          ],
          [
            76.4524371,
            9.6149198
          ],
          [
            76.4527052,
            9.6148347
          ],
          [
            76.453155,
            9.6146433
          ],
          [
            76.4536172,
            9.614452
          ],
          [
            76.4540455,
            9.6142818
          ]
        ]
      }
    },
    {
      "type": "Feature",
      "properties": {
        "name": "Residential Road",
        "highway": "residential",
        "surface": "asphalt",
        "osm_id": 663270921
      },
      "geometry": {
        "type": "LineString",
        "coordinates": [
          [
            76.4755253,
            9.6197177
          ],
          [
            76.4753499,
            9.6197007
          ],
          [
            76.4750529,
            9.6197088
          ],
          [
            76.474817,
            9.6196961
          ],
          [
            76.4746069,
            9.6197356
          ],
          [
            76.4744537,
            9.6197399
          ],
          [
            76.4743814,
            9.619775
          ],
          [
            76.4742813,
            9.6197683
          ],
          [
            76.4732176,
            9.6198146
          ],
          [
            76.4730245,
            9.6198067
          ],
          [
            76.4728126,
            9.619775
          ],
          [
            76.4726034,
            9.6197168
          ],
          [
            76.4720777,
            9.6195687
          ],
          [
            76.4719608,
            9.6195351
          ],
          [
            76.4714527,
            9.6193889
          ],
          [
            76.4705837,
            9.6192223
          ],
          [
            76.470294,
            9.6191244
          ],
          [
            76.4699534,
            9.6189261
          ],
          [
            76.4693686,
            9.6186246
          ],
          [
            76.4688724,
            9.6183707
          ],
          [
            76.4682448,
            9.6179291
          ],
          [
            76.4680143,
            9.6177663
          ],
          [
            76.4678854,
            9.6176752
          ],
          [
            76.4675689,
            9.6174557
          ],
          [
            76.4675644,
            9.6174536
          ]
        ]
      }
    },
    {
      "type": "Feature",
      "properties": {
        "name": "Residential Road",
        "highway": "residential",
        "surface": "asphalt",
        "osm_id": 677900365
      },
      "geometry": {
        "type": "LineString",
        "coordinates": [
          [
            76.5080155,
            9.6181451
          ],
          [
            76.5078967,
            9.6182026
          ],
          [
            76.507741,
            9.6183159
          ],
          [
            76.5075619,
            9.6184464
          ],
          [
            76.5074965,
            9.6184858
          ],
          [
            76.5073613,
            9.6185674
          ],
          [
            76.5072153,
            9.6186576
          ],
          [
            76.5071463,
            9.6187241
          ],
          [
            76.5070809,
            9.6188323
          ],
          [
            76.507072,
            9.6188849
          ],
          [
            76.5070692,
            9.6189994
          ]
        ]
      }
    },
    {
      "type": "Feature",
      "properties": {
        "name": "Unclassified Road",
        "highway": "unclassified",
        "surface": "asphalt",
        "osm_id": 699320649
      },
      "geometry": {
        "type": "LineString",
        "coordinates": [
          [
            76.5118991,
            9.6317295
          ],
          [
            76.5117647,
            9.6317416
          ],
          [
            76.5114107,
            9.6317736
          ],
          [
            76.5110916,
            9.6318371
          ],
          [
            76.5108486,
            9.631845
          ],
          [
            76.510346,
            9.6321056
          ],
          [
            76.509995,
            9.6321782
          ],
          [
            76.5094994,
            9.6321872
          ]
        ]
      }
    },
    {
      "type": "Feature",
      "properties": {
        "name": "Residential Road",
        "highway": "residential",
        "surface": "asphalt",
        "osm_id": 707568345
      },
      "geometry": {
        "type": "LineString",
        "coordinates": [
          [
            76.4208794,
            9.6964762
          ],
          [
            76.420827,
            9.6961954
          ],
          [
            76.4208484,
            9.695857
          ],
          [
            76.4208538,
            9.6957248
          ],
          [
            76.4208752,
            9.6956454
          ],
          [
            76.4208967,
            9.695471
          ],
          [
            76.4208967,
            9.6953123
          ],
          [
            76.4209235,
            9.6951167
          ],
          [
            76.4209202,
            9.6949297
          ]
        ]
      }
    },
    {
      "type": "Feature",
      "properties": {
        "name": "Residential Road",
        "highway": "residential",
        "surface": "asphalt",
        "osm_id": 707569144
      },
      "geometry": {
        "type": "LineString",
        "coordinates": [
          [
            76.4226815,
            9.6946043
          ],
          [
            76.4226828,
            9.6944245
          ],
          [
            76.4226927,
            9.694276
          ],
          [
            76.4226756,
            9.6941817
          ],
          [
            76.4226785,
            9.6941117
          ],
          [
            76.4226851,
            9.6940507
          ],
          [
            76.4226998,
            9.6939767
          ],
          [
            76.4227268,
            9.6938712
          ],
          [
            76.4227792,
            9.6936764
          ]
        ]
      }
    },
    {
      "type": "Feature",
      "properties": {
        "name": "Unclassified Road",
        "highway": "unclassified",
        "surface": "asphalt",
        "osm_id": 707569402
      },
      "geometry": {
        "type": "LineString",
        "coordinates": [
          [
            76.4222697,
            9.6949358
          ],
          [
            76.4222949,
            9.6953465
          ],
          [
            76.4223011,
            9.6953875
          ],
          [
            76.4223316,
            9.6954027
          ],
          [
            76.4223462,
            9.6954051
          ],
          [
            76.4224145,
            9.6954015
          ],
          [
            76.4226964,
            9.6953983
          ],
          [
            76.422715,
            9.6954072
          ],
          [
            76.4227268,
            9.6954206
          ],
          [
            76.4227289,
            9.6954376
          ],
          [
            76.4227418,
            9.6955442
          ],
          [
            76.422757,
            9.6955892
          ],
          [
            76.4228061,
            9.695687
          ],
          [
            76.4228061,
            9.6958456
          ],
          [
            76.4228169,
            9.6959884
          ],
          [
            76.4228307,
            9.696214
          ],
          [
            76.4228243,
            9.6962296
          ],
          [
            76.4228074,
            9.6962359
          ],
          [
            76.4227834,
            9.6962329
          ],
          [
            76.4224549,
            9.6961674
          ],
          [
            76.4224218,
            9.6961715
          ],
          [
            76.4223953,
            9.6961894
          ],
          [
            76.4223848,
            9.6962237
          ],
          [
            76.4223394,
            9.6965753
          ],
          [
            76.4223502,
            9.6967498
          ],
          [
            76.4223394,
            9.6969032
          ],
          [
            76.4223341,
            9.6972628
          ],
          [
            76.4222482,
            9.6974267
          ],
          [
            76.4222321,
            9.6976963
          ],
          [
            76.4221785,
            9.6978761
          ],
          [
            76.4221409,
            9.6980559
          ],
          [
            76.4221088,
            9.6982727
          ],
          [
            76.4221034,
            9.6983679
          ],
          [
            76.4221034,
            9.6984313
          ]
        ]
      }
    },
    {
      "type": "Feature",
      "properties": {
        "name": "Residential Road",
        "highway": "residential",
        "surface": "asphalt",
        "osm_id": 754247895
      },
      "geometry": {
        "type": "LineString",
        "coordinates": [
          [
            76.4852317,
            9.7372619
          ],
          [
            76.4852069,
            9.7370977
          ],
          [
            76.4851878,
            9.7367928
          ],
          [
            76.4851916,
            9.7365029
          ],
          [
            76.485226,
            9.73607
          ],
          [
            76.4852718,
            9.7357651
          ],
          [
            76.4853559,
            9.7354602
          ],
          [
            76.4855736,
            9.7350424
          ],
          [
            76.4856729,
            9.734666
          ]
        ]
      }
    },
    {
      "type": "Feature",
      "properties": {
        "name": "Unclassified Road",
        "highway": "unclassified",
        "surface": "asphalt",
        "osm_id": 754485685
      },
      "geometry": {
        "type": "LineString",
        "coordinates": [
          [
            76.500293,
            9.736707
          ],
          [
            76.5002945,
            9.7367928
          ],
          [
            76.5002971,
            9.736948
          ],
          [
            76.5003579,
            9.7373948
          ],
          [
            76.500456,
            9.7377816
          ],
          [
            76.500472,
            9.7379105
          ],
          [
            76.500496,
            9.7381349
          ],
          [
            76.500469,
            9.7383652
          ],
          [
            76.5004391,
            9.7385689
          ],
          [
            76.5004181,
            9.7388169
          ],
          [
            76.5003762,
            9.7390443
          ],
          [
            76.5003402,
            9.7393779
          ],
          [
            76.5002863,
            9.7398326
          ],
          [
            76.5001784,
            9.7403375
          ],
          [
            76.5000197,
            9.7409073
          ],
          [
            76.4996282,
            9.7411902
          ],
          [
            76.4991063,
            9.7415974
          ],
          [
            76.4986497,
            9.7419061
          ],
          [
            76.4983409,
            9.7421718
          ],
          [
            76.4979103,
            9.742459
          ],
          [
            76.497445,
            9.7427033
          ],
          [
            76.4973905,
            9.7427248
          ],
          [
            76.4971405,
            9.7428234
          ],
          [
            76.4968796,
            9.7429134
          ],
          [
            76.4966186,
            9.7430505
          ],
          [
            76.4963707,
            9.7432177
          ],
          [
            76.4960402,
            9.7434749
          ],
          [
            76.4957314,
            9.7438607
          ],
          [
            76.4954009,
            9.744285
          ],
          [
            76.4952182,
            9.7445551
          ]
        ]
      }
    },
    {
      "type": "Feature",
      "properties": {
        "name": "Unclassified Road",
        "highway": "unclassified",
        "surface": "asphalt",
        "osm_id": 780083477
      },
      "geometry": {
        "type": "LineString",
        "coordinates": [
          [
            76.4372856,
            9.6361417
          ],
          [
            76.4372981,
            9.6361377
          ]
        ]
      }
    },
    {
      "type": "Feature",
      "properties": {
        "name": "Unclassified Road",
        "highway": "unclassified",
        "surface": "asphalt",
        "osm_id": 780085623
      },
      "geometry": {
        "type": "LineString",
        "coordinates": [
          [
            76.4732644,
            9.6325859
          ],
          [
            76.4732631,
            9.6326738
          ]
        ]
      }
    },
    {
      "type": "Feature",
      "properties": {
        "name": "Unclassified Road",
        "highway": "unclassified",
        "surface": "asphalt",
        "osm_id": 780085624
      },
      "geometry": {
        "type": "LineString",
        "coordinates": [
          [
            76.4732619,
            9.6327558
          ],
          [
            76.4732606,
            9.632838
          ]
        ]
      }
    },
    {
      "type": "Feature",
      "properties": {
        "name": "Unclassified Road",
        "highway": "unclassified",
        "surface": "asphalt",
        "osm_id": 780085625
      },
      "geometry": {
        "type": "LineString",
        "coordinates": [
          [
            76.4732631,
            9.6326738
          ],
          [
            76.4732619,
            9.6327558
          ]
        ]
      }
    },
    {
      "type": "Feature",
      "properties": {
        "name": "Madappally - Mathunkal Road",
        "highway": "tertiary",
        "surface": "asphalt",
        "osm_id": 786301729
      },
      "geometry": {
        "type": "LineString",
        "coordinates": [
          [
            76.4130209,
            9.6987374
          ],
          [
            76.4131297,
            9.6987141
          ],
          [
            76.4133105,
            9.6986753
          ],
          [
            76.4135068,
            9.6986619
          ],
          [
            76.4136597,
            9.6986515
          ],
          [
            76.4140302,
            9.6986263
          ],
          [
            76.4143942,
            9.698683
          ],
          [
            76.4144799,
            9.6987012
          ],
          [
            76.4145926,
            9.6987012
          ],
          [
            76.4149015,
            9.6986828
          ],
          [
            76.4151373,
            9.6986688
          ],
          [
            76.415436,
            9.6986171
          ],
          [
            76.4155835,
            9.6985916
          ],
          [
            76.4158022,
            9.6985756
          ],
          [
            76.4159567,
            9.698555
          ],
          [
            76.4160812,
            9.698524
          ],
          [
            76.4162639,
            9.6984608
          ],
          [
            76.4165581,
            9.6984329
          ],
          [
            76.4169562,
            9.6984192
          ],
          [
            76.4170129,
            9.6984185
          ],
          [
            76.4173152,
            9.6984147
          ],
          [
            76.4177688,
            9.6984021
          ],
          [
            76.4180065,
            9.6983878
          ],
          [
            76.4180919,
            9.698485
          ],
          [
            76.4181837,
            9.6986638
          ],
          [
            76.4184483,
            9.6986534
          ],
          [
            76.418691,
            9.6986251
          ],
          [
            76.4193839,
            9.6985768
          ]
        ]
      }
    },
    {
      "type": "Feature",
      "properties": {
        "name": "Mathunkal Bridge",
        "highway": "tertiary",
        "surface": "asphalt",
        "osm_id": 786301730
      },
      "geometry": {
        "type": "LineString",
        "coordinates": [
          [
            76.4129403,
            9.6987547
          ],
          [
            76.4129617,
            9.6987501
          ],
          [
            76.4130209,
            9.6987374
          ]
        ]
      }
    },
    {
      "type": "Feature",
      "properties": {
        "name": "Vaikom - Vechur Road",
        "highway": "primary",
        "surface": "asphalt",
        "osm_id": 786313596
      },
      "geometry": {
        "type": "LineString",
        "coordinates": [
          [
            76.4187406,
            9.7065366
          ],
          [
            76.4187005,
            9.7072323
          ],
          [
            76.4186537,
            9.7074701
          ],
          [
            76.41864,
            9.7075395
          ],
          [
            76.4185813,
            9.7078167
          ],
          [
            76.4185435,
            9.7080062
          ],
          [
            76.4184925,
            9.7083155
          ],
          [
            76.4184095,
            9.7086441
          ],
          [
            76.4183185,
            9.7090006
          ],
          [
            76.4182459,
            9.7097217
          ],
          [
            76.4181867,
            9.7098899
          ],
          [
            76.4180662,
            9.7100792
          ],
          [
            76.4180016,
            9.7102679
          ],
          [
            76.417996,
            9.7103479
          ],
          [
            76.4179896,
            9.7104387
          ],
          [
            76.4179911,
            9.7105082
          ],
          [
            76.4179963,
            9.7107597
          ],
          [
            76.4179748,
            9.7111562
          ],
          [
            76.4178909,
            9.7119003
          ],
          [
            76.4177416,
            9.712573
          ],
          [
            76.4177289,
            9.71263
          ],
          [
            76.4176637,
            9.7128535
          ],
          [
            76.4175778,
            9.7130726
          ],
          [
            76.417487,
            9.7134305
          ],
          [
            76.4174786,
            9.7136282
          ],
          [
            76.4174893,
            9.713874
          ],
          [
            76.4175336,
            9.7142606
          ],
          [
            76.4175671,
            9.7145138
          ],
          [
            76.4175537,
            9.7146751
          ],
          [
            76.4175081,
            9.7148337
          ],
          [
            76.4174142,
            9.7149791
          ],
          [
            76.4173284,
            9.715069
          ],
          [
            76.4172182,
            9.7152436
          ],
          [
            76.417138,
            9.715492
          ],
          [
            76.4170441,
            9.7157934
          ],
          [
            76.4170039,
            9.7160683
          ],
          [
            76.416906,
            9.7166754
          ],
          [
            76.4168936,
            9.7171736
          ],
          [
            76.4168537,
            9.7174378
          ],
          [
            76.4167676,
            9.7178931
          ],
          [
            76.416728,
            9.7181393
          ],
          [
            76.4166337,
            9.7189368
          ],
          [
            76.4165989,
            9.7192144
          ],
          [
            76.4165456,
            9.7194833
          ],
          [
            76.4164567,
            9.719722
          ],
          [
            76.4164004,
            9.7200286
          ],
          [
            76.4163467,
            9.7203485
          ],
          [
            76.4163291,
            9.7204828
          ],
          [
            76.4162877,
            9.7207979
          ],
          [
            76.4161855,
            9.7212767
          ],
          [
            76.416161,
            9.7214096
          ],
          [
            76.4160943,
            9.7217707
          ],
          [
            76.416082,
            9.721832
          ],
          [
            76.4159929,
            9.7220863
          ],
          [
            76.4159603,
            9.722435
          ],
          [
            76.4159387,
            9.7225512
          ],
          [
            76.4159123,
            9.7226937
          ],
          [
            76.4158693,
            9.722815
          ],
          [
            76.4157704,
            9.7230228
          ],
          [
            76.4157085,
            9.7232336
          ],
          [
            76.4157019,
            9.7233862
          ],
          [
            76.4157278,
            9.7236505
          ],
          [
            76.4157095,
            9.7239756
          ],
          [
            76.4157015,
            9.7240857
          ]
        ]
      }
    },
    {
      "type": "Feature",
      "properties": {
        "name": "Vallayil Bridge",
        "highway": "primary",
        "surface": "asphalt",
        "osm_id": 786313597
      },
      "geometry": {
        "type": "LineString",
        "coordinates": [
          [
            76.4187452,
            9.7064557
          ],
          [
            76.4187406,
            9.7065366
          ]
        ]
      }
    },
    {
      "type": "Feature",
      "properties": {
        "name": "Kakkathumala-Adityapuram",
        "highway": "tertiary",
        "surface": "asphalt",
        "osm_id": 786590579
      },
      "geometry": {
        "type": "LineString",
        "coordinates": [
          [
            76.4791826,
            9.7364
          ],
          [
            76.4792928,
            9.7364152
          ],
          [
            76.4795342,
            9.7364509
          ],
          [
            76.4797367,
            9.7364826
          ],
          [
            76.4799057,
            9.7365051
          ],
          [
            76.4800854,
            9.73655
          ],
          [
            76.4804757,
            9.7365329
          ],
          [
            76.4805964,
            9.7365091
          ],
          [
            76.4808324,
            9.7364694
          ],
          [
            76.4809112,
            9.7364622
          ],
          [
            76.4810362,
            9.7364509
          ],
          [
            76.481283,
            9.7365157
          ],
          [
            76.4816183,
            9.7366135
          ],
          [
            76.4820474,
            9.7367153
          ],
          [
            76.4822446,
            9.7367629
          ],
          [
            76.482622,
            9.7368803
          ],
          [
            76.4826778,
            9.7368977
          ],
          [
            76.4829071,
            9.7369624
          ],
          [
            76.4833041,
            9.737088
          ],
          [
            76.4834851,
            9.7371475
          ],
          [
            76.4836407,
            9.737207
          ],
          [
            76.4838056,
            9.7372612
          ],
          [
            76.4840068,
            9.737314
          ],
          [
            76.4841342,
            9.7373246
          ],
          [
            76.48419,
            9.7373207
          ],
          [
            76.4842643,
            9.7373154
          ],
          [
            76.4844735,
            9.7372902
          ],
          [
            76.4847296,
            9.737285
          ],
          [
            76.4850019,
            9.737281
          ],
          [
            76.4852317,
            9.7372619
          ]
        ]
      }
    },
    {
      "type": "Feature",
      "properties": {
        "name": "Road near Kuruppanthara",
        "highway": "residential",
        "surface": "asphalt",
        "osm_id": 786590580
      },
      "geometry": {
        "type": "LineString",
        "coordinates": [
          [
            76.4874193,
            9.7483657
          ],
          [
            76.4873636,
            9.7476912
          ],
          [
            76.4873314,
            9.7472101
          ],
          [
            76.4872831,
            9.7463589
          ],
          [
            76.4872189,
            9.7456853
          ],
          [
            76.487208,
            9.7455711
          ],
          [
            76.4871812,
            9.744979
          ],
          [
            76.4872214,
            9.7445111
          ],
          [
            76.487259,
            9.7440855
          ],
          [
            76.4872757,
            9.7438349
          ],
          [
            76.4872777,
            9.7438053
          ],
          [
            76.4873153,
            9.7431999
          ],
          [
            76.4872697,
            9.7427108
          ],
          [
            76.4871088,
            9.7424465
          ],
          [
            76.4869478,
            9.7421689
          ],
          [
            76.4868727,
            9.7417407
          ],
          [
            76.4867789,
            9.7409978
          ],
          [
            76.4868593,
            9.7408128
          ],
          [
            76.4870149,
            9.7405749
          ],
          [
            76.4871731,
            9.7402418
          ],
          [
            76.487157,
            9.7400171
          ],
          [
            76.4870524,
            9.739832
          ],
          [
            76.4868191,
            9.7397104
          ],
          [
            76.4865401,
            9.7395016
          ],
          [
            76.4862987,
            9.7392584
          ],
          [
            76.4858294,
            9.7389041
          ],
          [
            76.4855853,
            9.7386874
          ],
          [
            76.4854458,
            9.7385526
          ],
          [
            76.4854136,
            9.7383596
          ],
          [
            76.4854524,
            9.7382082
          ]
        ]
      }
    },
    {
      "type": "Feature",
      "properties": {
        "name": "Residential Road",
        "highway": "residential",
        "surface": "asphalt",
        "osm_id": 787223892
      },
      "geometry": {
        "type": "LineString",
        "coordinates": [
          [
            76.4225401,
            9.7024851
          ],
          [
            76.4226553,
            9.7024766
          ],
          [
            76.4237013,
            9.7023471
          ],
          [
            76.4240534,
            9.702328
          ],
          [
            76.4241707,
            9.7023153
          ],
          [
            76.42497,
            9.7023629
          ],
          [
            76.4265579,
            9.7025136
          ],
          [
            76.4271533,
            9.7026167
          ],
          [
            76.4273894,
            9.7027066
          ],
          [
            76.4276201,
            9.7027754
          ],
          [
            76.427848,
            9.7028044
          ],
          [
            76.4281324,
            9.7028177
          ],
          [
            76.4283095,
            9.7028348
          ],
          [
            76.4284059,
            9.7028441
          ],
          [
            76.4286983,
            9.7029049
          ],
          [
            76.4291033,
            9.7030054
          ],
          [
            76.4295512,
            9.7030794
          ],
          [
            76.4303935,
            9.7032222
          ],
          [
            76.4307046,
            9.7033385
          ],
          [
            76.4312036,
            9.7035285
          ]
        ]
      }
    },
    {
      "type": "Feature",
      "properties": {
        "name": "Residential Road",
        "highway": "residential",
        "surface": "asphalt",
        "osm_id": 787223893
      },
      "geometry": {
        "type": "LineString",
        "coordinates": [
          [
            76.4224756,
            9.7024898
          ],
          [
            76.4225401,
            9.7024851
          ]
        ]
      }
    },
    {
      "type": "Feature",
      "properties": {
        "name": "Unclassified Road",
        "highway": "unclassified",
        "surface": "asphalt",
        "osm_id": 787663607
      },
      "geometry": {
        "type": "LineString",
        "coordinates": [
          [
            76.4287968,
            9.6824396
          ],
          [
            76.4288026,
            9.6824118
          ],
          [
            76.4289497,
            9.6814099
          ],
          [
            76.4289748,
            9.6812628
          ],
          [
            76.429147,
            9.6803619
          ],
          [
            76.4292313,
            9.6791624
          ],
          [
            76.4294648,
            9.6791346
          ],
          [
            76.42969,
            9.6783381
          ],
          [
            76.4299549,
            9.6784034
          ],
          [
            76.4299745,
            9.678337
          ],
          [
            76.4300476,
            9.67809
          ],
          [
            76.4301801,
            9.677633
          ],
          [
            76.4304185,
            9.6764579
          ],
          [
            76.430498,
            9.6757659
          ],
          [
            76.4307894,
            9.6751
          ],
          [
            76.4309218,
            9.6742643
          ],
          [
            76.4310675,
            9.6740293
          ],
          [
            76.4311073,
            9.6734026
          ]
        ]
      }
    },
    {
      "type": "Feature",
      "properties": {
        "name": "Unclassified Road",
        "highway": "unclassified",
        "surface": "asphalt",
        "osm_id": 787663608
      },
      "geometry": {
        "type": "LineString",
        "coordinates": [
          [
            76.4287801,
            9.6825193
          ],
          [
            76.4287968,
            9.6824396
          ]
        ]
      }
    },
    {
      "type": "Feature",
      "properties": {
        "name": "Unclassified Road",
        "highway": "unclassified",
        "surface": "asphalt",
        "osm_id": 787663610
      },
      "geometry": {
        "type": "LineString",
        "coordinates": [
          [
            76.4253566,
            9.6795944
          ],
          [
            76.4253144,
            9.6796054
          ]
        ]
      }
    },
    {
      "type": "Feature",
      "properties": {
        "name": "Kuruppamthara - Kallara Road",
        "highway": "secondary",
        "surface": "asphalt",
        "osm_id": 787870240
      },
      "geometry": {
        "type": "LineString",
        "coordinates": [
          [
            76.5036406,
            9.7296615
          ],
          [
            76.5035936,
            9.7294718
          ],
          [
            76.5032423,
            9.7289801
          ],
          [
            76.5027702,
            9.7284593
          ],
          [
            76.502703,
            9.7283897
          ],
          [
            76.5026092,
            9.7282927
          ],
          [
            76.502392,
            9.7282029
          ],
          [
            76.5013833,
            9.7282069
          ],
          [
            76.5010777,
            9.7282081
          ],
          [
            76.499919,
            9.7281368
          ],
          [
            76.4995992,
            9.7280943
          ],
          [
            76.4993101,
            9.7281236
          ],
          [
            76.498999,
            9.7282346
          ],
          [
            76.4981809,
            9.7286576
          ],
          [
            76.4980485,
            9.7287052
          ],
          [
            76.4966816,
            9.7291969
          ],
          [
            76.4961221,
            9.7293895
          ],
          [
            76.4951152,
            9.7297362
          ],
          [
            76.4937955,
            9.7297732
          ],
          [
            76.4926693,
            9.7296779
          ],
          [
            76.4921701,
            9.7296357
          ],
          [
            76.4914056,
            9.7295696
          ],
          [
            76.4909577,
            9.7293713
          ],
          [
            76.4905152,
            9.7291361
          ],
          [
            76.4896292,
            9.7285934
          ],
          [
            76.4895804,
            9.7285399
          ],
          [
            76.4895551,
            9.7284805
          ],
          [
            76.4895362,
            9.7280139
          ],
          [
            76.4895711,
            9.7278072
          ],
          [
            76.4897346,
            9.7268387
          ],
          [
            76.4897266,
            9.7267687
          ],
          [
            76.4897172,
            9.7266986
          ],
          [
            76.4896823,
            9.7266576
          ],
          [
            76.4896461,
            9.7266167
          ],
          [
            76.4888343,
            9.7262822
          ],
          [
            76.4879934,
            9.7259357
          ],
          [
            76.4875287,
            9.7257562
          ],
          [
            76.4870793,
            9.725694
          ],
          [
            76.4869239,
            9.7256586
          ],
          [
            76.486406,
            9.7255407
          ],
          [
            76.4863215,
            9.7255077
          ],
          [
            76.4862599,
            9.7254526
          ],
          [
            76.4863095,
            9.7247212
          ],
          [
            76.4862424,
            9.7239757
          ],
          [
            76.4862029,
            9.7238759
          ],
          [
            76.4861512,
            9.72378
          ],
          [
            76.4859608,
            9.7236716
          ],
          [
            76.4853989,
            9.7234435
          ],
          [
            76.4845017,
            9.7230794
          ],
          [
            76.4842717,
            9.7230034
          ],
          [
            76.48346,
            9.7227353
          ],
          [
            76.4828048,
            9.7225189
          ],
          [
            76.4820394,
            9.722297
          ],
          [
            76.4813379,
            9.7221433
          ],
          [
            76.4811278,
            9.7220973
          ],
          [
            76.4807789,
            9.7220863
          ],
          [
            76.4797598,
            9.7218398
          ],
          [
            76.4794682,
            9.721773
          ],
          [
            76.4786404,
            9.7216314
          ],
          [
            76.4782959,
            9.7214859
          ],
          [
            76.4782464,
            9.721465
          ],
          [
            76.4779222,
            9.7213029
          ],
          [
            76.4776274,
            9.7210213
          ],
          [
            76.4775467,
            9.7209671
          ],
          [
            76.4774566,
            9.7209362
          ],
          [
            76.4769182,
            9.7209616
          ],
          [
            76.4768171,
            9.7210068
          ]
        ]
      }
    },
    {
      "type": "Feature",
      "properties": {
        "name": "Kuruppamthara - Kallara Road",
        "highway": "secondary",
        "surface": "asphalt",
        "osm_id": 787870241
      },
      "geometry": {
        "type": "LineString",
        "coordinates": [
          [
            76.5036601,
            9.7297401
          ],
          [
            76.5036406,
            9.7296615
          ]
        ]
      }
    },
    {
      "type": "Feature",
      "properties": {
        "name": "Majoor- Needoor Road",
        "highway": "secondary",
        "surface": "asphalt",
        "osm_id": 788356287
      },
      "geometry": {
        "type": "LineString",
        "coordinates": [
          [
            76.5053208,
            9.694281
          ],
          [
            76.5052076,
            9.693053
          ],
          [
            76.505066,
            9.6925225
          ],
          [
            76.5048678,
            9.6918248
          ],
          [
            76.50479,
            9.6915317
          ],
          [
            76.5048112,
            9.6910154
          ],
          [
            76.5048395,
            9.690534
          ],
          [
            76.5049513,
            9.6897944
          ],
          [
            76.5050306,
            9.6895069
          ],
          [
            76.5050448,
            9.6890046
          ],
          [
            76.505105,
            9.6886243
          ],
          [
            76.5051248,
            9.688499
          ],
          [
            76.5051651,
            9.688244
          ],
          [
            76.5051651,
            9.6878603
          ],
          [
            76.5050348,
            9.6872411
          ],
          [
            76.5050225,
            9.6870862
          ],
          [
            76.5050172,
            9.687019
          ],
          [
            76.5050029,
            9.6868881
          ],
          [
            76.5049952,
            9.6865425
          ],
          [
            76.5049628,
            9.6862256
          ]
        ]
      }
    },
    {
      "type": "Feature",
      "properties": {
        "name": "Moothedathukari Bridge",
        "highway": "secondary",
        "surface": "asphalt",
        "osm_id": 788356288
      },
      "geometry": {
        "type": "LineString",
        "coordinates": [
          [
            76.5053744,
            9.6946055
          ],
          [
            76.5053208,
            9.694281
          ]
        ]
      }
    },
    {
      "type": "Feature",
      "properties": {
        "name": "Unclassified Road",
        "highway": "unclassified",
        "surface": "asphalt",
        "osm_id": 799729218
      },
      "geometry": {
        "type": "LineString",
        "coordinates": [
          [
            76.5052575,
            9.6311156
          ],
          [
            76.5052854,
            9.63098
          ],
          [
            76.5053172,
            9.6307866
          ],
          [
            76.5053411,
            9.6306507
          ],
          [
            76.5053716,
            9.6305317
          ],
          [
            76.5053928,
            9.6304141
          ],
          [
            76.505406,
            9.6303527
          ],
          [
            76.5054193,
            9.6302913
          ]
        ]
      }
    },
    {
      "type": "Feature",
      "properties": {
        "name": "Unclassified Road",
        "highway": "unclassified",
        "surface": "asphalt",
        "osm_id": 799729225
      },
      "geometry": {
        "type": "LineString",
        "coordinates": [
          [
            76.5047128,
            9.6312414
          ],
          [
            76.5046072,
            9.6311573
          ],
          [
            76.5044826,
            9.6311129
          ],
          [
            76.5043739,
            9.6310776
          ],
          [
            76.5042918,
            9.631028
          ],
          [
            76.5042122,
            9.6309835
          ],
          [
            76.5041605,
            9.63093
          ],
          [
            76.5040678,
            9.630862
          ],
          [
            76.5040188,
            9.6308267
          ],
          [
            76.5040122,
            9.6308065
          ],
          [
            76.5040334,
            9.6307751
          ],
          [
            76.5040559,
            9.630732
          ],
          [
            76.5040864,
            9.6306745
          ],
          [
            76.5040891,
            9.6306239
          ],
          [
            76.5040798,
            9.6305756
          ],
          [
            76.5040453,
            9.6305494
          ],
          [
            76.5039976,
            9.6305194
          ],
          [
            76.5039472,
            9.6304867
          ],
          [
            76.5039075,
            9.6304566
          ],
          [
            76.5038992,
            9.6304513
          ],
          [
            76.5038811,
            9.6304395
          ],
          [
            76.5038531,
            9.6304214
          ]
        ]
      }
    },
    {
      "type": "Feature",
      "properties": {
        "name": "ekkammel road",
        "highway": "residential",
        "surface": "asphalt",
        "osm_id": 802142812
      },
      "geometry": {
        "type": "LineString",
        "coordinates": [
          [
            76.4730553,
            9.7092172
          ],
          [
            76.4730769,
            9.7092187
          ],
          [
            76.473104,
            9.7092219
          ],
          [
            76.4731327,
            9.7092219
          ],
          [
            76.4731678,
            9.7092219
          ],
          [
            76.4731877,
            9.709225
          ],
          [
            76.4732076,
            9.7092282
          ],
          [
            76.47323,
            9.7092329
          ],
          [
            76.4732427,
            9.7092399
          ],
          [
            76.4732587,
            9.709247
          ],
          [
            76.473289,
            9.7092565
          ],
          [
            76.4733392,
            9.7092753
          ],
          [
            76.4734516,
            9.7092942
          ],
          [
            76.4734859,
            9.7093005
          ],
          [
            76.4735043,
            9.709306
          ],
          [
            76.473537,
            9.7093123
          ],
          [
            76.4735665,
            9.7093146
          ],
          [
            76.4735896,
            9.709317
          ],
          [
            76.4736127,
            9.7093178
          ],
          [
            76.4736382,
            9.7093209
          ],
          [
            76.4737092,
            9.7093413
          ],
          [
            76.4737602,
            9.7093508
          ],
          [
            76.4737898,
            9.7093484
          ],
          [
            76.4738224,
            9.7093468
          ],
          [
            76.4738456,
            9.7093476
          ],
          [
            76.4739014,
            9.7093476
          ],
          [
            76.4739572,
            9.7093476
          ],
          [
            76.4739859,
            9.7093476
          ],
          [
            76.4740218,
            9.7093461
          ],
          [
            76.4740625,
            9.7093421
          ],
          [
            76.4741709,
            9.7093382
          ],
          [
            76.4742108,
            9.7093374
          ],
          [
            76.4742419,
            9.7093374
          ],
          [
            76.4742602,
            9.7093374
          ],
          [
            76.4742778,
            9.7093374
          ],
          [
            76.4742985,
            9.7093374
          ],
          [
            76.4743145,
            9.7093374
          ],
          [
            76.4743304,
            9.7093382
          ],
          [
            76.4743535,
            9.709339
          ],
          [
            76.4743735,
            9.7093413
          ],
          [
            76.4743974,
            9.7093413
          ],
          [
            76.4744253,
            9.7093413
          ],
          [
            76.4745011,
            9.7093453
          ],
          [
            76.4745098,
            9.7093453
          ],
          [
            76.4745314,
            9.7093468
          ],
          [
            76.4745441,
            9.7093468
          ],
          [
            76.4745569,
            9.70935
          ],
          [
            76.4745856,
            9.7093531
          ],
          [
            76.4747299,
            9.7093657
          ],
          [
            76.4747483,
            9.7093689
          ],
          [
            76.4747738,
            9.7093689
          ],
          [
            76.4748449,
            9.7094002
          ],
          [
            76.474943,
            9.7094268
          ],
          [
            76.4750174,
            9.7094279
          ],
          [
            76.4750569,
            9.7094279
          ],
          [
            76.4751257,
            9.7094124
          ],
          [
            76.4751753,
            9.7094013
          ],
          [
            76.4752181,
            9.7093657
          ],
          [
            76.4752542,
            9.7093379
          ],
          [
            76.4752948,
            9.7092923
          ],
          [
            76.4753647,
            9.709249
          ],
          [
            76.4753986,
            9.709229
          ],
          [
            76.4754211,
            9.7092123
          ],
          [
            76.4754605,
            9.709182
          ]
        ]
      }
    },
    {
      "type": "Feature",
      "properties": {
        "name": "Residential Road",
        "highway": "residential",
        "surface": "asphalt",
        "osm_id": 802142820
      },
      "geometry": {
        "type": "LineString",
        "coordinates": [
          [
            76.4794563,
            9.7119125
          ],
          [
            76.4794676,
            9.7120503
          ],
          [
            76.4794743,
            9.712077
          ],
          [
            76.4795533,
            9.7123104
          ],
          [
            76.4795736,
            9.7123882
          ],
          [
            76.4796052,
            9.7124994
          ],
          [
            76.4796255,
            9.7126195
          ],
          [
            76.4796412,
            9.7127173
          ],
          [
            76.4796435,
            9.7130196
          ],
          [
            76.4796706,
            9.7131641
          ],
          [
            76.4796931,
            9.7133131
          ],
          [
            76.4796954,
            9.7133798
          ],
          [
            76.4796954,
            9.7134487
          ],
          [
            76.4796954,
            9.7135109
          ],
          [
            76.4796931,
            9.7136154
          ],
          [
            76.4796999,
            9.7137021
          ],
          [
            76.479736,
            9.7137688
          ],
          [
            76.4797833,
            9.7138355
          ],
          [
            76.4798194,
            9.7139022
          ],
          [
            76.4798352,
            9.7139733
          ],
          [
            76.479833,
            9.7141579
          ],
          [
            76.4798487,
            9.7142623
          ],
          [
            76.4798578,
            9.7143468
          ],
          [
            76.4798668,
            9.7144091
          ],
          [
            76.4798781,
            9.7144802
          ],
          [
            76.4798999,
            9.7148991
          ]
        ]
      }
    },
    {
      "type": "Feature",
      "properties": {
        "name": "Residential Road",
        "highway": "residential",
        "surface": "asphalt",
        "osm_id": 802142821
      },
      "geometry": {
        "type": "LineString",
        "coordinates": [
          [
            76.4798999,
            9.7148991
          ],
          [
            76.4799939,
            9.7149359
          ],
          [
            76.4800769,
            9.7149722
          ],
          [
            76.480172,
            9.7150145
          ],
          [
            76.4802289,
            9.7150719
          ],
          [
            76.480248,
            9.7151483
          ],
          [
            76.4802508,
            9.7152386
          ],
          [
            76.4802508,
            9.7153958
          ],
          [
            76.4802508,
            9.7155247
          ],
          [
            76.4802221,
            9.7157511
          ],
          [
            76.4802189,
            9.7158737
          ],
          [
            76.4802062,
            9.7160026
          ],
          [
            76.4801902,
            9.7161724
          ],
          [
            76.4801647,
            9.7163327
          ],
          [
            76.4801487,
            9.7165339
          ],
          [
            76.4801743,
            9.716666
          ],
          [
            76.480187,
            9.7167854
          ],
          [
            76.4802148,
            9.7169574
          ],
          [
            76.4802174,
            9.7170767
          ],
          [
            76.4802125,
            9.7172099
          ],
          [
            76.4801966,
            9.7174771
          ],
          [
            76.480187,
            9.7176469
          ],
          [
            76.4801711,
            9.7177569
          ],
          [
            76.4801583,
            9.7178732
          ],
          [
            76.4800849,
            9.7180619
          ],
          [
            76.4800171,
            9.7181758
          ],
          [
            76.4799684,
            9.7182575
          ],
          [
            76.4799191,
            9.71837
          ],
          [
            76.4798936,
            9.7184549
          ],
          [
            76.4798755,
            9.718568
          ],
          [
            76.4798475,
            9.7186867
          ],
          [
            76.4797933,
            9.7188586
          ],
          [
            76.4797357,
            9.7190827
          ],
          [
            76.4796708,
            9.7193098
          ],
          [
            76.4796285,
            9.7194944
          ],
          [
            76.479572,
            9.7197104
          ],
          [
            76.4795229,
            9.7199383
          ],
          [
            76.4794921,
            9.720048
          ],
          [
            76.4794734,
            9.7201548
          ],
          [
            76.4794588,
            9.7203114
          ],
          [
            76.4794623,
            9.720434
          ],
          [
            76.4794662,
            9.7205654
          ],
          [
            76.4794776,
            9.7206894
          ],
          [
            76.4795096,
            9.7208216
          ],
          [
            76.4795946,
            9.7210199
          ],
          [
            76.4796552,
            9.7211556
          ]
        ]
      }
    },
    {
      "type": "Feature",
      "properties": {
        "name": "Residential Road",
        "highway": "residential",
        "surface": "asphalt",
        "osm_id": 802144401
      },
      "geometry": {
        "type": "LineString",
        "coordinates": [
          [
            76.4796552,
            9.7211556
          ],
          [
            76.4796893,
            9.721295
          ],
          [
            76.4797275,
            9.7215001
          ],
          [
            76.4797439,
            9.7216547
          ],
          [
            76.4797598,
            9.7218398
          ]
        ]
      }
    },
    {
      "type": "Feature",
      "properties": {
        "name": "Residential Road",
        "highway": "residential",
        "surface": "asphalt",
        "osm_id": 802146439
      },
      "geometry": {
        "type": "LineString",
        "coordinates": [
          [
            76.4789818,
            9.7050053
          ],
          [
            76.4789818,
            9.7050525
          ],
          [
            76.4789818,
            9.7050745
          ],
          [
            76.4789834,
            9.7051122
          ],
          [
            76.4789881,
            9.7051484
          ],
          [
            76.4789881,
            9.7052066
          ],
          [
            76.4789881,
            9.70526
          ],
          [
            76.4789881,
            9.705304
          ],
          [
            76.4790344,
            9.7054439
          ],
          [
            76.4790503,
            9.7055005
          ],
          [
            76.4790567,
            9.7055493
          ],
          [
            76.47902,
            9.7056719
          ],
          [
            76.4790041,
            9.7057238
          ],
          [
            76.4790009,
            9.7057568
          ],
          [
            76.4789913,
            9.7058165
          ],
          [
            76.4789913,
            9.705859
          ],
          [
            76.4789913,
            9.7059187
          ],
          [
            76.4789945,
            9.7060366
          ],
          [
            76.4789945,
            9.7061058
          ],
          [
            76.4789945,
            9.7061749
          ],
          [
            76.4789945,
            9.7062425
          ],
          [
            76.4789945,
            9.7063887
          ],
          [
            76.4789913,
            9.7064893
          ],
          [
            76.4789913,
            9.7065051
          ],
          [
            76.4789881,
            9.7065554
          ],
          [
            76.4789786,
            9.7065978
          ],
          [
            76.4789738,
            9.7066795
          ],
          [
            76.4789738,
            9.7067597
          ],
          [
            76.4789738,
            9.70681
          ],
          [
            76.4789706,
            9.7068619
          ],
          [
            76.4789706,
            9.7069059
          ],
          [
            76.4789722,
            9.7069436
          ],
          [
            76.478933,
            9.7070163
          ],
          [
            76.4789233,
            9.7071464
          ],
          [
            76.4789141,
            9.7072279
          ],
          [
            76.4789063,
            9.7073068
          ],
          [
            76.4789122,
            9.7073492
          ],
          [
            76.4789038,
            9.7073956
          ],
          [
            76.4789104,
            9.707444
          ],
          [
            76.4789339,
            9.7075017
          ],
          [
            76.4789339,
            9.7075363
          ],
          [
            76.4789339,
            9.7076055
          ],
          [
            76.4789339,
            9.7076511
          ],
          [
            76.4789115,
            9.7078835
          ],
          [
            76.4789318,
            9.7080018
          ],
          [
            76.4789212,
            9.7080692
          ],
          [
            76.4789272,
            9.7081179
          ],
          [
            76.4789462,
            9.7082441
          ],
          [
            76.4789489,
            9.7083923
          ]
        ]
      }
    },
    {
      "type": "Feature",
      "properties": {
        "name": "MDR",
        "highway": "secondary",
        "surface": "asphalt",
        "osm_id": 802146440
      },
      "geometry": {
        "type": "LineString",
        "coordinates": [
          [
            76.4781789,
            9.7049906
          ],
          [
            76.4782051,
            9.7049881
          ],
          [
            76.4782226,
            9.7049896
          ],
          [
            76.4782561,
            9.7049896
          ],
          [
            76.4783087,
            9.7049896
          ],
          [
            76.4786125,
            9.7050045
          ],
          [
            76.4789818,
            9.7050053
          ],
          [
            76.4792154,
            9.7050135
          ],
          [
            76.4796632,
            9.7049994
          ],
          [
            76.4803154,
            9.7049679
          ],
          [
            76.4804504,
            9.7049499
          ],
          [
            76.4806451,
            9.7049413
          ],
          [
            76.4808112,
            9.7049261
          ],
          [
            76.4810794,
            9.7048797
          ],
          [
            76.4813262,
            9.7047884
          ],
          [
            76.4813995,
            9.7047774
          ],
          [
            76.4814314,
            9.7047727
          ],
          [
            76.4814777,
            9.7047601
          ],
          [
            76.4815192,
            9.7047475
          ],
          [
            76.4816021,
            9.7047208
          ],
          [
            76.4816478,
            9.7046983
          ],
          [
            76.4817443,
            9.7046719
          ],
          [
            76.4817846,
            9.7046613
          ],
          [
            76.4818194,
            9.7046507
          ],
          [
            76.4818918,
            9.7046349
          ],
          [
            76.4819535,
            9.704619
          ],
          [
            76.4820313,
            9.7046023
          ],
          [
            76.4821869,
            9.7045291
          ]
        ]
      }
    },
    {
      "type": "Feature",
      "properties": {
        "name": "Residential Road",
        "highway": "residential",
        "surface": "asphalt",
        "osm_id": 802146443
      },
      "geometry": {
        "type": "LineString",
        "coordinates": [
          [
            76.4821869,
            9.7045291
          ],
          [
            76.482211,
            9.704582
          ],
          [
            76.4822244,
            9.7046164
          ],
          [
            76.4822405,
            9.7046692
          ],
          [
            76.4822513,
            9.704701
          ],
          [
            76.4822674,
            9.704738
          ],
          [
            76.4822861,
            9.7047856
          ],
          [
            76.4822995,
            9.7048279
          ],
          [
            76.4823076,
            9.7048517
          ],
          [
            76.4823156,
            9.7048834
          ],
          [
            76.4823317,
            9.7049468
          ],
          [
            76.4823478,
            9.705005
          ],
          [
            76.4823639,
            9.7050499
          ],
          [
            76.48238,
            9.705124
          ],
          [
            76.4823907,
            9.7051927
          ],
          [
            76.4824149,
            9.7052747
          ],
          [
            76.4824256,
            9.7053408
          ],
          [
            76.4824256,
            9.7054156
          ],
          [
            76.4824256,
            9.7054412
          ],
          [
            76.4824283,
            9.7055258
          ],
          [
            76.4824337,
            9.7056712
          ],
          [
            76.4824444,
            9.7057268
          ],
          [
            76.4824605,
            9.7058722
          ],
          [
            76.4824363,
            9.706007
          ],
          [
            76.4824149,
            9.7060493
          ],
          [
            76.4823934,
            9.7061445
          ],
          [
            76.4823881,
            9.7061736
          ],
          [
            76.4823746,
            9.7062793
          ],
          [
            76.4823746,
            9.7063771
          ],
          [
            76.482372,
            9.7064591
          ],
          [
            76.482372,
            9.7065146
          ],
          [
            76.4823773,
            9.7065966
          ],
          [
            76.4823881,
            9.706668
          ],
          [
            76.4824122,
            9.7067579
          ],
          [
            76.4824122,
            9.7068477
          ],
          [
            76.482431,
            9.7070566
          ],
          [
            76.482431,
            9.7071571
          ],
          [
            76.4824283,
            9.7072417
          ],
          [
            76.4824122,
            9.7073368
          ],
          [
            76.4824015,
            9.7074214
          ],
          [
            76.4823559,
            9.7075695
          ],
          [
            76.4823559,
            9.7076964
          ],
          [
            76.4823559,
            9.7078206
          ],
          [
            76.4823438,
            9.7078938
          ],
          [
            76.4822794,
            9.7079031
          ],
          [
            76.4819133,
            9.7078105
          ],
          [
            76.4818168,
            9.7077722
          ],
          [
            76.4814869,
            9.7076162
          ],
          [
            76.4811784,
            9.7075528
          ],
          [
            76.4806151,
            9.7074946
          ],
          [
            76.4801109,
            9.7074021
          ],
          [
            76.4796656,
            9.7073756
          ],
          [
            76.4789038,
            9.7073956
          ]
        ]
      }
    },
    {
      "type": "Feature",
      "properties": {
        "name": "MDR",
        "highway": "secondary",
        "surface": "asphalt",
        "osm_id": 802146444
      },
      "geometry": {
        "type": "LineString",
        "coordinates": [
          [
            76.4821869,
            9.7045291
          ],
          [
            76.4822732,
            9.7045
          ],
          [
            76.4824329,
            9.7044446
          ],
          [
            76.482523,
            9.704399
          ],
          [
            76.4826091,
            9.7043732
          ],
          [
            76.4826938,
            9.7043145
          ],
          [
            76.4827168,
            9.7042463
          ],
          [
            76.4827463,
            9.7042212
          ],
          [
            76.4827623,
            9.704211
          ],
          [
            76.4827814,
            9.704196
          ],
          [
            76.4828005,
            9.7041795
          ],
          [
            76.4828832,
            9.7040475
          ],
          [
            76.482938,
            9.703893
          ],
          [
            76.4829504,
            9.7038652
          ],
          [
            76.4829549,
            9.7038463
          ],
          [
            76.4829639,
            9.7038185
          ],
          [
            76.4829695,
            9.7037941
          ],
          [
            76.4829763,
            9.7037707
          ],
          [
            76.4829797,
            9.703743
          ],
          [
            76.4829887,
            9.7037241
          ],
          [
            76.4829943,
            9.7036851
          ],
          [
            76.4830011,
            9.7036618
          ],
          [
            76.483009,
            9.7036407
          ],
          [
            76.4830146,
            9.7036285
          ],
          [
            76.483018,
            9.7036162
          ],
          [
            76.4830225,
            9.703604
          ],
          [
            76.4830304,
            9.7035751
          ],
          [
            76.4830918,
            9.7033526
          ],
          [
            76.48315,
            9.7030971
          ],
          [
            76.48315,
            9.7030638
          ],
          [
            76.4831533,
            9.7030349
          ],
          [
            76.4831533,
            9.7030171
          ],
          [
            76.4831556,
            9.7029648
          ],
          [
            76.4832089,
            9.7028108
          ],
          [
            76.4832967,
            9.7023914
          ],
          [
            76.4833499,
            9.7019516
          ],
          [
            76.4834026,
            9.7017799
          ],
          [
            76.4834009,
            9.7017349
          ]
        ]
      }
    },
    {
      "type": "Feature",
      "properties": {
        "name": "Residential Road",
        "highway": "residential",
        "surface": "asphalt",
        "osm_id": 802146446
      },
      "geometry": {
        "type": "LineString",
        "coordinates": [
          [
            76.4832089,
            9.7028108
          ],
          [
            76.483283,
            9.7027981
          ],
          [
            76.4834364,
            9.7027981
          ],
          [
            76.4835582,
            9.7027848
          ],
          [
            76.4836507,
            9.7027736
          ],
          [
            76.4837702,
            9.7027625
          ],
          [
            76.4839213,
            9.7027603
          ],
          [
            76.4840431,
            9.7027581
          ],
          [
            76.4841469,
            9.7027536
          ],
          [
            76.48421,
            9.7027536
          ],
          [
            76.4843995,
            9.7027514
          ],
          [
            76.484501,
            9.7027492
          ],
          [
            76.4845777,
            9.7027492
          ],
          [
            76.4846544,
            9.7027581
          ],
          [
            76.484704,
            9.7027736
          ],
          [
            76.4847649,
            9.702807
          ]
        ]
      }
    },
    {
      "type": "Feature",
      "properties": {
        "name": "Secondary Road",
        "highway": "secondary",
        "surface": "asphalt",
        "osm_id": 802147960
      },
      "geometry": {
        "type": "LineString",
        "coordinates": [
          [
            76.4775031,
            9.700285
          ],
          [
            76.4781931,
            9.7004223
          ],
          [
            76.478522,
            9.7004713
          ],
          [
            76.4789388,
            9.7005334
          ],
          [
            76.4796978,
            9.7006497
          ],
          [
            76.4801508,
            9.7008285
          ],
          [
            76.4805749,
            9.7010912
          ],
          [
            76.4807144,
            9.7010992
          ],
          [
            76.4808086,
            9.7011046
          ],
          [
            76.4809778,
            9.7011046
          ],
          [
            76.4811176,
            9.7011046
          ],
          [
            76.4813026,
            9.7011046
          ],
          [
            76.481483,
            9.7011201
          ],
          [
            76.4815552,
            9.7011312
          ],
          [
            76.4816319,
            9.7011401
          ],
          [
            76.4816905,
            9.701149
          ],
          [
            76.4817717,
            9.7011601
          ],
          [
            76.4818303,
            9.7011779
          ],
          [
            76.4819025,
            9.701189
          ],
          [
            76.4820186,
            9.7012009
          ],
          [
            76.4820534,
            9.7012128
          ],
          [
            76.4820776,
            9.7012208
          ],
          [
            76.4821285,
            9.701234
          ],
          [
            76.4821661,
            9.7012472
          ],
          [
            76.4822104,
            9.701267
          ],
          [
            76.4822479,
            9.7012842
          ],
          [
            76.4822861,
            9.7013152
          ],
          [
            76.4823651,
            9.7013308
          ],
          [
            76.4825049,
            9.7013886
          ],
          [
            76.4825365,
            9.7013997
          ],
          [
            76.4825816,
            9.7014242
          ],
          [
            76.4826019,
            9.7014353
          ],
          [
            76.4826402,
            9.7014508
          ],
          [
            76.4827056,
            9.7014753
          ],
          [
            76.4827756,
            9.7015064
          ],
          [
            76.4828635,
            9.7015553
          ],
          [
            76.4829064,
            9.701582
          ],
          [
            76.4829402,
            9.7016065
          ],
          [
            76.4829898,
            9.7016443
          ],
          [
            76.4830191,
            9.7016576
          ],
          [
            76.4832695,
            9.7017067
          ],
          [
            76.4834009,
            9.7017349
          ]
        ]
      }
    },
    {
      "type": "Feature",
      "properties": {
        "name": "Unclassified Road",
        "highway": "unclassified",
        "surface": "asphalt",
        "osm_id": 802147964
      },
      "geometry": {
        "type": "LineString",
        "coordinates": [
          [
            76.4834702,
            9.7012485
          ],
          [
            76.4841641,
            9.7011909
          ],
          [
            76.4851152,
            9.7011201
          ],
          [
            76.4852268,
            9.7011081
          ],
          [
            76.4852571,
            9.7011081
          ],
          [
            76.4852932,
            9.7011081
          ],
          [
            76.4853463,
            9.7011119
          ],
          [
            76.4854373,
            9.7011175
          ],
          [
            76.4854809,
            9.7011306
          ],
          [
            76.4863309,
            9.7011124
          ],
          [
            76.4864463,
            9.7011045
          ]
        ]
      }
    },
    {
      "type": "Feature",
      "properties": {
        "name": "Residential Road",
        "highway": "residential",
        "surface": "asphalt",
        "osm_id": 802147969
      },
      "geometry": {
        "type": "LineString",
        "coordinates": [
          [
            76.4831561,
            9.6993606
          ],
          [
            76.4831012,
            9.6993629
          ],
          [
            76.4830049,
            9.6993999
          ],
          [
            76.4827876,
            9.6993125
          ],
          [
            76.4826659,
            9.6993222
          ],
          [
            76.4825398,
            9.6993379
          ],
          [
            76.4824512,
            9.6993648
          ],
          [
            76.482239,
            9.6993584
          ],
          [
            76.4820206,
            9.6993992
          ],
          [
            76.4818355,
            9.6994309
          ],
          [
            76.4816773,
            9.6994177
          ],
          [
            76.4815834,
            9.6993833
          ],
          [
            76.4814788,
            9.699304
          ],
          [
            76.4814118,
            9.6992167
          ],
          [
            76.4813286,
            9.6991982
          ],
          [
            76.4810228,
            9.6992141
          ],
          [
            76.4809962,
            9.6992151
          ],
          [
            76.4801189,
            9.6992485
          ],
          [
            76.4795932,
            9.6992432
          ],
          [
            76.4794345,
            9.6992262
          ],
          [
            76.4790487,
            9.699185
          ],
          [
            76.4786383,
            9.6991295
          ],
          [
            76.4785767,
            9.6991691
          ],
          [
            76.4784855,
            9.6995234
          ],
          [
            76.4783889,
            9.6998566
          ],
          [
            76.4783809,
            9.700113
          ],
          [
            76.4783943,
            9.7002293
          ],
          [
            76.4784962,
            9.7002478
          ],
          [
            76.478523,
            9.7003272
          ],
          [
            76.478522,
            9.7004713
          ]
        ]
      }
    },
    {
      "type": "Feature",
      "properties": {
        "name": "Tertiary Road",
        "highway": "tertiary",
        "surface": "asphalt",
        "osm_id": 802147970
      },
      "geometry": {
        "type": "LineString",
        "coordinates": [
          [
            76.4834009,
            9.7017349
          ],
          [
            76.4834048,
            9.7016865
          ],
          [
            76.4834071,
            9.7016376
          ],
          [
            76.4834116,
            9.7016198
          ],
          [
            76.4834206,
            9.7015731
          ],
          [
            76.4834499,
            9.7014375
          ],
          [
            76.4834499,
            9.7013975
          ],
          [
            76.4834567,
            9.7013397
          ],
          [
            76.483468,
            9.701293
          ],
          [
            76.4834702,
            9.7012485
          ],
          [
            76.4834648,
            9.7012259
          ],
          [
            76.4834743,
            9.7011979
          ],
          [
            76.4834762,
            9.7011661
          ],
          [
            76.48348,
            9.7011138
          ],
          [
            76.4834838,
            9.7010726
          ],
          [
            76.4835423,
            9.7008208
          ],
          [
            76.4835562,
            9.7006211
          ],
          [
            76.4835127,
            9.7004833
          ],
          [
            76.4834978,
            9.7004472
          ],
          [
            76.4834755,
            9.7004064
          ],
          [
            76.4834484,
            9.7003326
          ],
          [
            76.4833675,
            9.7001909
          ],
          [
            76.4833139,
            9.7000249
          ],
          [
            76.4833011,
            9.6999683
          ],
          [
            76.4832852,
            9.6998992
          ],
          [
            76.4832724,
            9.6998677
          ],
          [
            76.483253,
            9.69979
          ],
          [
            76.4832218,
            9.6996641
          ],
          [
            76.4831953,
            9.6995566
          ],
          [
            76.4831826,
            9.6994744
          ],
          [
            76.4831561,
            9.6993606
          ],
          [
            76.4831465,
            9.6992758
          ],
          [
            76.4831465,
            9.6992317
          ],
          [
            76.4831465,
            9.6992066
          ],
          [
            76.4831401,
            9.6991437
          ],
          [
            76.4831401,
            9.6990965
          ],
          [
            76.4831251,
            9.6988686
          ],
          [
            76.4830906,
            9.6986824
          ],
          [
            76.4830874,
            9.6986447
          ],
          [
            76.4830845,
            9.6985616
          ],
          [
            76.4830688,
            9.6983971
          ],
          [
            76.4830704,
            9.6979171
          ],
          [
            76.483043,
            9.6975874
          ],
          [
            76.4830411,
            9.697565
          ],
          [
            76.4830547,
            9.6974429
          ],
          [
            76.4830651,
            9.6972473
          ],
          [
            76.4830443,
            9.6969483
          ],
          [
            76.4829584,
            9.6962438
          ],
          [
            76.4829463,
            9.6961224
          ],
          [
            76.4829163,
            9.6960174
          ],
          [
            76.4828589,
            9.6958886
          ]
        ]
      }
    },
    {
      "type": "Feature",
      "properties": {
        "name": "Residential Road",
        "highway": "residential",
        "surface": "asphalt",
        "osm_id": 802151404
      },
      "geometry": {
        "type": "LineString",
        "coordinates": [
          [
            76.4779396,
            9.6975928
          ],
          [
            76.4779019,
            9.6975992
          ],
          [
            76.4778652,
            9.6975961
          ],
          [
            76.4778429,
            9.6975961
          ],
          [
            76.4778286,
            9.6975976
          ],
          [
            76.4778094,
            9.6975976
          ],
          [
            76.477752,
            9.6975945
          ],
          [
            76.4777137,
            9.6975929
          ],
          [
            76.4776691,
            9.6975882
          ],
          [
            76.4775495,
            9.6975866
          ],
          [
            76.4775064,
            9.6975898
          ],
          [
            76.4774362,
            9.6975929
          ],
          [
            76.4773294,
            9.6975992
          ],
          [
            76.4772656,
            9.6976071
          ],
          [
            76.4771731,
            9.6976134
          ],
          [
            76.4770678,
            9.6976181
          ],
          [
            76.47702,
            9.6976197
          ],
          [
            76.4769673,
            9.6976244
          ],
          [
            76.4769323,
            9.6976244
          ],
          [
            76.4768796,
            9.6976259
          ],
          [
            76.476819,
            9.6976275
          ],
          [
            76.4767855,
            9.6976322
          ]
        ]
      }
    },
    {
      "type": "Feature",
      "properties": {
        "name": "Residential Road",
        "highway": "residential",
        "surface": "asphalt",
        "osm_id": 802151407
      },
      "geometry": {
        "type": "LineString",
        "coordinates": [
          [
            76.4776687,
            9.6982338
          ],
          [
            76.4775606,
            9.6982941
          ],
          [
            76.4775415,
            9.6983098
          ],
          [
            76.4775144,
            9.6983381
          ],
          [
            76.4774729,
            9.6983648
          ],
          [
            76.47739,
            9.6984167
          ],
          [
            76.4773597,
            9.6984418
          ],
          [
            76.4773134,
            9.6984969
          ],
          [
            76.4772417,
            9.6985535
          ],
          [
            76.4771332,
            9.6986258
          ],
          [
            76.4770232,
            9.6987484
          ],
          [
            76.4769737,
            9.6988223
          ],
          [
            76.4768972,
            9.6989103
          ],
          [
            76.4768206,
            9.6989763
          ],
          [
            76.4767616,
            9.6990314
          ]
        ]
      }
    },
    {
      "type": "Feature",
      "properties": {
        "name": "Residential Road",
        "highway": "residential",
        "surface": "asphalt",
        "osm_id": 802151408
      },
      "geometry": {
        "type": "LineString",
        "coordinates": [
          [
            76.4775144,
            9.6983381
          ],
          [
            76.477508,
            9.6982941
          ],
          [
            76.4774968,
            9.6982296
          ],
          [
            76.4774968,
            9.698184
          ],
          [
            76.4774952,
            9.6981274
          ],
          [
            76.4774952,
            9.6980645
          ],
          [
            76.4774745,
            9.6979561
          ],
          [
            76.4774713,
            9.6978979
          ],
          [
            76.4774649,
            9.6978523
          ],
          [
            76.4774649,
            9.6977596
          ],
          [
            76.4774522,
            9.6976935
          ],
          [
            76.4774362,
            9.6975929
          ]
        ]
      }
    },
    {
      "type": "Feature",
      "properties": {
        "name": "Residential Road",
        "highway": "residential",
        "surface": "asphalt",
        "osm_id": 802151409
      },
      "geometry": {
        "type": "LineString",
        "coordinates": [
          [
            76.4781789,
            9.7049906
          ],
          [
            76.4781586,
            9.7049891
          ],
          [
            76.4781281,
            9.704988
          ],
          [
            76.478074,
            9.7049891
          ],
          [
            76.4780277,
            9.7049913
          ],
          [
            76.4780074,
            9.7049969
          ],
          [
            76.4779285,
            9.7050047
          ],
          [
            76.4778608,
            9.7050058
          ],
          [
            76.4778169,
            9.7050091
          ],
          [
            76.4777221,
            9.7050191
          ],
          [
            76.477703,
            9.7050191
          ],
          [
            76.4776894,
            9.7050236
          ],
          [
            76.4776657,
            9.7050236
          ],
          [
            76.4776342,
            9.7050291
          ],
          [
            76.4776184,
            9.7050314
          ],
          [
            76.4776026,
            9.7050358
          ],
          [
            76.4775699,
            9.7050402
          ],
          [
            76.4775349,
            9.7050402
          ],
          [
            76.4775203,
            9.7050414
          ],
          [
            76.4774808,
            9.7050491
          ],
          [
            76.477465,
            9.7050514
          ],
          [
            76.4774244,
            9.7050569
          ],
          [
            76.4774052,
            9.7050591
          ],
          [
            76.4773308,
            9.7050725
          ],
          [
            76.4773094,
            9.7050725
          ],
          [
            76.4772879,
            9.7050725
          ],
          [
            76.4772237,
            9.7050858
          ],
          [
            76.477156,
            9.7051003
          ],
          [
            76.4770635,
            9.7051181
          ],
          [
            76.4770071,
            9.7051314
          ],
          [
            76.4769541,
            9.7051514
          ],
          [
            76.4768944,
            9.7051681
          ],
          [
            76.4768538,
            9.705187
          ],
          [
            76.4767996,
            9.7052081
          ],
          [
            76.4767534,
            9.7052225
          ],
          [
            76.4766959,
            9.7052392
          ],
          [
            76.4765967,
            9.7052537
          ],
          [
            76.4763993,
            9.7052859
          ],
          [
            76.4763091,
            9.7052992
          ],
          [
            76.4762234,
            9.7053015
          ],
          [
            76.4761207,
            9.7053037
          ],
          [
            76.4760486,
            9.7053059
          ],
          [
            76.475997,
            9.7053206
          ],
          [
            76.4759316,
            9.7053348
          ],
          [
            76.4758502,
            9.7053364
          ],
          [
            76.4757242,
            9.7053364
          ],
          [
            76.4756796,
            9.7053379
          ],
          [
            76.4755919,
            9.7053379
          ],
          [
            76.4755105,
            9.7053379
          ],
          [
            76.4754132,
            9.7053379
          ],
          [
            76.4753319,
            9.7053411
          ],
          [
            76.4752091,
            9.7053442
          ],
          [
            76.4750416,
            9.7053489
          ],
          [
            76.4749539,
            9.7053537
          ],
          [
            76.4748534,
            9.7053882
          ],
          [
            76.4747562,
            9.7054008
          ],
          [
            76.4746775,
            9.7054105
          ]
        ]
      }
    },
    {
      "type": "Feature",
      "properties": {
        "name": "Residential Road",
        "highway": "residential",
        "surface": "asphalt",
        "osm_id": 802151410
      },
      "geometry": {
        "type": "LineString",
        "coordinates": [
          [
            76.4749621,
            9.7064736
          ],
          [
            76.4748514,
            9.706448
          ],
          [
            76.4747602,
            9.7064506
          ],
          [
            76.4746556,
            9.7064691
          ],
          [
            76.4745375,
            9.7064797
          ],
          [
            76.4744034,
            9.7065088
          ],
          [
            76.4743337,
            9.7065062
          ],
          [
            76.4741969,
            9.7064956
          ],
          [
            76.4739931,
            9.7064797
          ],
          [
            76.4738777,
            9.7064903
          ],
          [
            76.4737543,
            9.7064956
          ],
          [
            76.4736551,
            9.7064956
          ],
          [
            76.4734808,
            9.7064718
          ],
          [
            76.4733627,
            9.7064295
          ],
          [
            76.4731562,
            9.7063978
          ],
          [
            76.4730516,
            9.7063766
          ],
          [
            76.4729363,
            9.7063264
          ],
          [
            76.4728531,
            9.7063105
          ],
          [
            76.4726922,
            9.7062867
          ]
        ]
      }
    },
    {
      "type": "Feature",
      "properties": {
        "name": "Residential Road",
        "highway": "residential",
        "surface": "asphalt",
        "osm_id": 802151411
      },
      "geometry": {
        "type": "LineString",
        "coordinates": [
          [
            76.4755105,
            9.7053379
          ],
          [
            76.4755031,
            9.7053852
          ],
          [
            76.4755139,
            9.7054566
          ],
          [
            76.4755219,
            9.7054804
          ],
          [
            76.4755273,
            9.7055121
          ],
          [
            76.4755353,
            9.7055465
          ],
          [
            76.4755487,
            9.7056126
          ],
          [
            76.4755568,
            9.7056575
          ],
          [
            76.4755729,
            9.7057157
          ],
          [
            76.4755863,
            9.705758
          ],
          [
            76.4755917,
            9.7057976
          ],
          [
            76.4755997,
            9.7058505
          ],
          [
            76.4756212,
            9.705906
          ],
          [
            76.4756426,
            9.7059721
          ],
          [
            76.475707,
            9.7059933
          ],
          [
            76.4757445,
            9.7059959
          ],
          [
            76.475766,
            9.7059986
          ],
          [
            76.4758062,
            9.7060038
          ],
          [
            76.4758384,
            9.7060144
          ],
          [
            76.4758626,
            9.7061307
          ],
          [
            76.4758974,
            9.7062286
          ],
          [
            76.4759082,
            9.7062788
          ],
          [
            76.4759242,
            9.7063422
          ],
          [
            76.4759564,
            9.706448
          ],
          [
            76.4759833,
            9.7065114
          ],
          [
            76.476002,
            9.7065749
          ],
          [
            76.4760128,
            9.7066172
          ],
          [
            76.4760128,
            9.7066833
          ],
          [
            76.4760262,
            9.7068102
          ],
          [
            76.4760342,
            9.7068631
          ],
          [
            76.4760771,
            9.7069292
          ],
          [
            76.4761013,
            9.7070481
          ],
          [
            76.4761227,
            9.7071539
          ],
          [
            76.476112,
            9.7072385
          ],
          [
            76.476112,
            9.7072782
          ],
          [
            76.476112,
            9.7073363
          ],
          [
            76.476112,
            9.7073786
          ],
          [
            76.476112,
            9.7074579
          ],
          [
            76.476112,
            9.7075452
          ],
          [
            76.476112,
            9.7076668
          ],
          [
            76.476112,
            9.7077276
          ],
          [
            76.4761174,
            9.7079127
          ],
          [
            76.47612,
            9.7079735
          ],
          [
            76.4761335,
            9.7080475
          ]
        ]
      }
    },
    {
      "type": "Feature",
      "properties": {
        "name": "Residential Road",
        "highway": "residential",
        "surface": "fine_gravel",
        "osm_id": 802151675
      },
      "geometry": {
        "type": "LineString",
        "coordinates": [
          [
            76.4756463,
            9.7117081
          ],
          [
            76.4755863,
            9.7116933
          ],
          [
            76.4755461,
            9.7116906
          ],
          [
            76.4754897,
            9.7116853
          ],
          [
            76.4754146,
            9.7116906
          ],
          [
            76.4753234,
            9.7116853
          ],
          [
            76.475125,
            9.7116906
          ],
          [
            76.4749184,
            9.7116906
          ],
          [
            76.4748245,
            9.7116906
          ],
          [
            76.4745805,
            9.7117039
          ],
          [
            76.4744919,
            9.7117171
          ],
          [
            76.4742881,
            9.7117303
          ],
          [
            76.4741674,
            9.7117435
          ],
          [
            76.4740655,
            9.7117805
          ],
          [
            76.4739823,
            9.7118255
          ],
          [
            76.4738804,
            9.7118731
          ],
          [
            76.4737624,
            9.7119233
          ],
          [
            76.4736551,
            9.7119762
          ],
          [
            76.473529,
            9.7120264
          ],
          [
            76.4734459,
            9.7120581
          ],
          [
            76.4734083,
            9.7120634
          ],
          [
            76.4733761,
            9.7120713
          ]
        ]
      }
    },
    {
      "type": "Feature",
      "properties": {
        "name": "Residential Road",
        "highway": "residential",
        "surface": "compacted",
        "osm_id": 802152449
      },
      "geometry": {
        "type": "LineString",
        "coordinates": [
          [
            76.4756529,
            9.7129203
          ],
          [
            76.4755685,
            9.7129224
          ],
          [
            76.4755008,
            9.7129269
          ],
          [
            76.4754264,
            9.7129269
          ],
          [
            76.4753497,
            9.7129291
          ],
          [
            76.4752798,
            9.7129291
          ],
          [
            76.4752279,
            9.7129291
          ],
          [
            76.475149,
            9.7129202
          ]
        ]
      }
    },
    {
      "type": "Feature",
      "properties": {
        "name": "Thacherimuttu Kalambukad Road",
        "highway": "residential",
        "surface": "asphalt",
        "osm_id": 802152450
      },
      "geometry": {
        "type": "LineString",
        "coordinates": [
          [
            76.4755723,
            9.7155392
          ],
          [
            76.4756842,
            9.7155376
          ],
          [
            76.4758069,
            9.7155524
          ],
          [
            76.4759719,
            9.7155876
          ],
          [
            76.4760301,
            9.7155784
          ],
          [
            76.4760868,
            9.715568
          ],
          [
            76.476135,
            9.7155743
          ],
          [
            76.4761785,
            9.7156006
          ],
          [
            76.4762165,
            9.7156403
          ],
          [
            76.4762683,
            9.715681
          ],
          [
            76.4763376,
            9.7157053
          ],
          [
            76.4764835,
            9.7157417
          ],
          [
            76.4765835,
            9.7157636
          ]
        ]
      }
    },
    {
      "type": "Feature",
      "properties": {
        "name": "Thacherimuttu-Kalambukad Rd",
        "highway": "residential",
        "surface": "asphalt",
        "osm_id": 802152451
      },
      "geometry": {
        "type": "LineString",
        "coordinates": [
          [
            76.4765835,
            9.7157636
          ],
          [
            76.4767719,
            9.7157918
          ],
          [
            76.4770785,
            9.7158297
          ],
          [
            76.4772125,
            9.7158437
          ],
          [
            76.4772694,
            9.7158418
          ],
          [
            76.4773754,
            9.7158326
          ],
          [
            76.4774668,
            9.7157912
          ],
          [
            76.4775644,
            9.715691
          ],
          [
            76.4777292,
            9.715462
          ],
          [
            76.4778841,
            9.7152559
          ],
          [
            76.478089,
            9.7149725
          ],
          [
            76.478157,
            9.7149052
          ],
          [
            76.4782063,
            9.7148678
          ],
          [
            76.4782841,
            9.7148323
          ],
          [
            76.4783637,
            9.714823
          ],
          [
            76.4784244,
            9.7148192
          ],
          [
            76.4785534,
            9.7148192
          ],
          [
            76.4787582,
            9.7148043
          ],
          [
            76.4788455,
            9.7148043
          ],
          [
            76.4789953,
            9.7148043
          ],
          [
            76.4790579,
            9.7148043
          ],
          [
            76.4792771,
            9.7148026
          ],
          [
            76.4795947,
            9.7148032
          ],
          [
            76.4798071,
            9.7148531
          ],
          [
            76.4798999,
            9.7148991
          ]
        ]
      }
    },
    {
      "type": "Feature",
      "properties": {
        "name": "Residential Road",
        "highway": "residential",
        "surface": "asphalt",
        "osm_id": 802152452
      },
      "geometry": {
        "type": "LineString",
        "coordinates": [
          [
            76.4755723,
            9.7155392
          ],
          [
            76.4755301,
            9.7155488
          ],
          [
            76.4754551,
            9.7155582
          ],
          [
            76.4753882,
            9.7155771
          ],
          [
            76.4753036,
            9.7156006
          ],
          [
            76.4751786,
            9.7156393
          ],
          [
            76.4750357,
            9.7156777
          ],
          [
            76.47494,
            9.715706
          ],
          [
            76.4748698,
            9.715728
          ],
          [
            76.4747502,
            9.7157484
          ],
          [
            76.4745971,
            9.7157594
          ],
          [
            76.4745014,
            9.7157673
          ]
        ]
      }
    },
    {
      "type": "Feature",
      "properties": {
        "name": "Residential Road",
        "highway": "residential",
        "surface": "asphalt",
        "osm_id": 802152453
      },
      "geometry": {
        "type": "LineString",
        "coordinates": [
          [
            76.4761033,
            9.71767
          ],
          [
            76.4760591,
            9.717678
          ],
          [
            76.4760174,
            9.7176836
          ],
          [
            76.4759301,
            9.717691
          ],
          [
            76.4759074,
            9.717691
          ],
          [
            76.4758733,
            9.7176929
          ],
          [
            76.4758448,
            9.7176985
          ],
          [
            76.4757386,
            9.7177004
          ],
          [
            76.4756912,
            9.7177546
          ],
          [
            76.4756532,
            9.7178462
          ],
          [
            76.4755451,
            9.7178855
          ],
          [
            76.4754788,
            9.7178798
          ],
          [
            76.4753839,
            9.717863
          ],
          [
            76.475236,
            9.7178499
          ],
          [
            76.4751791,
            9.7178499
          ],
          [
            76.4751013,
            9.7178555
          ],
          [
            76.4750312,
            9.7178574
          ],
          [
            76.4749818,
            9.717863
          ],
          [
            76.4749212,
            9.7178742
          ],
          [
            76.4748718,
            9.717906
          ],
          [
            76.4746367,
            9.7179453
          ],
          [
            76.4745703,
            9.7179621
          ],
          [
            76.4745987,
            9.7180687
          ],
          [
            76.4745968,
            9.7181603
          ],
          [
            76.4745968,
            9.7182163
          ],
          [
            76.4745968,
            9.7182799
          ],
          [
            76.4746063,
            9.7183453
          ],
          [
            76.4746158,
            9.7184051
          ],
          [
            76.4746215,
            9.7184538
          ],
          [
            76.4746215,
            9.7185117
          ],
          [
            76.4745836,
            9.718594
          ],
          [
            76.4745513,
            9.7186388
          ]
        ]
      }
    },
    {
      "type": "Feature",
      "properties": {
        "name": "Residential Road",
        "highway": "residential",
        "surface": "asphalt",
        "osm_id": 802152454
      },
      "geometry": {
        "type": "LineString",
        "coordinates": [
          [
            76.4745703,
            9.7179621
          ],
          [
            76.4744261,
            9.717964
          ],
          [
            76.474356,
            9.7179658
          ],
          [
            76.4742422,
            9.7179808
          ],
          [
            76.4741739,
            9.7180014
          ],
          [
            76.4740373,
            9.718007
          ],
          [
            76.4739197,
            9.7180182
          ],
          [
            76.4738154,
            9.7180294
          ],
          [
            76.473658,
            9.718035
          ],
          [
            76.4735063,
            9.71805
          ],
          [
            76.4734437,
            9.718063
          ],
          [
            76.4733716,
            9.7180556
          ],
          [
            76.4733033,
            9.7180331
          ],
          [
            76.4732332,
            9.7180088
          ],
          [
            76.4731801,
            9.7179864
          ],
          [
            76.4731251,
            9.7179714
          ],
          [
            76.4730776,
            9.7179509
          ],
          [
            76.4730321,
            9.7179397
          ],
          [
            76.4729714,
            9.717921
          ],
          [
            76.4729051,
            9.7178892
          ],
          [
            76.4728425,
            9.7178649
          ],
          [
            76.4728083,
            9.7178518
          ],
          [
            76.4727685,
            9.7178275
          ],
          [
            76.4727002,
            9.7178182
          ],
          [
            76.4725482,
            9.7177641
          ],
          [
            76.4725163,
            9.7177527
          ],
          [
            76.472429,
            9.7177415
          ],
          [
            76.4723531,
            9.7177135
          ],
          [
            76.4722545,
            9.7176948
          ],
          [
            76.4721521,
            9.717678
          ],
          [
            76.4721142,
            9.7176723
          ],
          [
            76.4719795,
            9.7176723
          ],
          [
            76.4718828,
            9.7176742
          ],
          [
            76.4718164,
            9.7176742
          ],
          [
            76.4716381,
            9.7176892
          ],
          [
            76.4715736,
            9.7176892
          ],
          [
            76.4714655,
            9.7176892
          ],
          [
            76.4714048,
            9.7177041
          ],
          [
            76.4713195,
            9.7177116
          ],
          [
            76.4712455,
            9.7177116
          ],
          [
            76.4712038,
            9.7177172
          ],
          [
            76.4711697,
            9.7177172
          ],
          [
            76.4710635,
            9.7177097
          ],
          [
            76.4709022,
            9.7177322
          ],
          [
            76.4707847,
            9.7177228
          ],
          [
            76.4706614,
            9.7177228
          ],
          [
            76.470576,
            9.7177228
          ],
          [
            76.4704717,
            9.7177247
          ],
          [
            76.4702365,
            9.717777
          ],
          [
            76.4701303,
            9.7178387
          ],
          [
            76.4698496,
            9.7178985
          ],
          [
            76.4697017,
            9.717906
          ],
          [
            76.4695196,
            9.717906
          ],
          [
            76.4692541,
            9.7179191
          ],
          [
            76.4691137,
            9.7179471
          ],
          [
            76.469072,
            9.7179752
          ],
          [
            76.4689999,
            9.7180201
          ],
          [
            76.4689317,
            9.7180612
          ],
          [
            76.4687572,
            9.7181603
          ],
          [
            76.4686377,
            9.7182051
          ],
          [
            76.4685523,
            9.7182051
          ],
          [
            76.4684442,
            9.7182033
          ],
          [
            76.468338,
            9.7182163
          ],
          [
            76.4682147,
            9.7182257
          ],
          [
            76.4680934,
            9.7182668
          ],
          [
            76.4679796,
            9.7183149
          ],
          [
            76.4678734,
            9.7183491
          ],
          [
            76.4677823,
            9.7183678
          ],
          [
            76.4676249,
            9.7183883
          ],
          [
            76.4675282,
            9.7184014
          ],
          [
            76.4672114,
            9.7184238
          ],
          [
            76.467128,
            9.7184332
          ],
          [
            76.4669933,
            9.7184313
          ],
          [
            76.4668701,
            9.7184313
          ],
          [
            76.4667183,
            9.7184313
          ],
          [
            76.4663124,
            9.7184051
          ],
          [
            76.4662423,
            9.7183939
          ],
          [
            76.4660905,
            9.7183715
          ],
          [
            76.4659767,
            9.7183491
          ],
          [
            76.4658622,
            9.7183437
          ],
          [
            76.4657567,
            9.7183266
          ],
          [
            76.4656505,
            9.7183058
          ],
          [
            76.4655405,
            9.7183098
          ],
          [
            76.4653243,
            9.7182519
          ],
          [
            76.4652276,
            9.7182425
          ],
          [
            76.4651555,
            9.718235
          ],
          [
            76.4651005,
            9.7182294
          ],
          [
            76.4649981,
            9.7182276
          ],
          [
            76.4649412,
            9.7182201
          ],
          [
            76.4648198,
            9.7181348
          ]
        ]
      }
    },
    {
      "type": "Feature",
      "properties": {
        "name": "Residential Road",
        "highway": "residential",
        "surface": "asphalt",
        "osm_id": 802153217
      },
      "geometry": {
        "type": "LineString",
        "coordinates": [
          [
            76.4767838,
            9.7209373
          ],
          [
            76.4767255,
            9.7209337
          ],
          [
            76.476615,
            9.7209337
          ],
          [
            76.4765022,
            9.7209382
          ],
          [
            76.4763353,
            9.7209426
          ],
          [
            76.4762,
            9.7209604
          ],
          [
            76.4759316,
            9.7209604
          ],
          [
            76.4756541,
            9.7209782
          ],
          [
            76.4754714,
            9.7210182
          ],
          [
            76.4754105,
            9.7210471
          ],
          [
            76.4752572,
            9.7210916
          ],
          [
            76.4750745,
            9.7211516
          ],
          [
            76.4749414,
            9.7211961
          ],
          [
            76.4748219,
            9.7212205
          ],
          [
            76.474779,
            9.721225
          ],
          [
            76.4746279,
            9.7212605
          ],
          [
            76.4744317,
            9.7212605
          ],
          [
            76.4742693,
            9.7212339
          ],
          [
            76.474152,
            9.7211561
          ],
          [
            76.4739355,
            9.7210649
          ],
          [
            76.4738633,
            9.721036
          ],
          [
            76.4738182,
            9.7210338
          ],
          [
            76.4737866,
            9.7210716
          ],
          [
            76.4737641,
            9.7211183
          ]
        ]
      }
    },
    {
      "type": "Feature",
      "properties": {
        "name": "Residential Road",
        "highway": "residential",
        "surface": "asphalt",
        "osm_id": 802153218
      },
      "geometry": {
        "type": "LineString",
        "coordinates": [
          [
            76.4722755,
            9.7209582
          ],
          [
            76.4722777,
            9.7209182
          ],
          [
            76.47228,
            9.7208782
          ],
          [
            76.47228,
            9.7208382
          ],
          [
            76.47228,
            9.7208093
          ],
          [
            76.4722822,
            9.7207826
          ],
          [
            76.472307,
            9.7207359
          ],
          [
            76.4723431,
            9.7206314
          ],
          [
            76.4723521,
            9.7205825
          ],
          [
            76.4723702,
            9.7205203
          ],
          [
            76.4723747,
            9.7204802
          ],
          [
            76.4723837,
            9.7204002
          ],
          [
            76.472395,
            9.7203535
          ],
          [
            76.4723972,
            9.7203157
          ],
          [
            76.4723972,
            9.720269
          ],
          [
            76.4723995,
            9.7202313
          ],
          [
            76.4723972,
            9.7201957
          ],
          [
            76.4723972,
            9.7201579
          ],
          [
            76.4723972,
            9.7201334
          ],
          [
            76.4724108,
            9.7200912
          ],
          [
            76.4724198,
            9.7200556
          ],
          [
            76.4724243,
            9.7200201
          ],
          [
            76.4724063,
            9.7198667
          ],
          [
            76.4724175,
            9.71978
          ],
          [
            76.4724469,
            9.7196844
          ],
          [
            76.4726205,
            9.7197399
          ],
          [
            76.4726656,
            9.7197399
          ],
          [
            76.4727175,
            9.7197333
          ],
          [
            76.472801,
            9.7197266
          ],
          [
            76.4729431,
            9.7197266
          ],
          [
            76.4730378,
            9.7197266
          ],
          [
            76.4731483,
            9.7197199
          ],
          [
            76.4731979,
            9.7197177
          ],
          [
            76.4732543,
            9.7197266
          ],
          [
            76.4733581,
            9.7197377
          ],
          [
            76.4734911,
            9.7197399
          ],
          [
            76.4736062,
            9.7197399
          ],
          [
            76.4736332,
            9.7197444
          ],
          [
            76.4736964,
            9.7197466
          ],
          [
            76.4737708,
            9.7197577
          ],
          [
            76.4740325,
            9.7197844
          ],
          [
            76.4741858,
            9.7197844
          ],
          [
            76.4743302,
            9.7197199
          ],
          [
            76.4744069,
            9.7196177
          ],
          [
            76.474452,
            9.7195799
          ],
          [
            76.4745512,
            9.7195376
          ],
          [
            76.4746708,
            9.7195065
          ],
          [
            76.4748264,
            9.7195065
          ],
          [
            76.4749752,
            9.7195065
          ],
          [
            76.4751218,
            9.7195154
          ],
          [
            76.4752707,
            9.7195243
          ],
          [
            76.4754872,
            9.7195243
          ],
          [
            76.4756158,
            9.7195421
          ],
          [
            76.4757624,
            9.7195554
          ],
          [
            76.4758639,
            9.7196132
          ],
          [
            76.4758819,
            9.7196243
          ],
          [
            76.4759135,
            9.7196621
          ],
          [
            76.4759361,
            9.7196821
          ],
          [
            76.4759699,
            9.7197066
          ],
          [
            76.4760308,
            9.7197333
          ],
          [
            76.4761233,
            9.7197577
          ],
          [
            76.4762518,
            9.7197777
          ],
          [
            76.4763533,
            9.7197933
          ],
          [
            76.4764796,
            9.7198111
          ],
          [
            76.4765529,
            9.7198129
          ]
        ]
      }
    },
    {
      "type": "Feature",
      "properties": {
        "name": "Residential Road",
        "highway": "residential",
        "surface": "asphalt",
        "osm_id": 802175804
      },
      "geometry": {
        "type": "LineString",
        "coordinates": [
          [
            76.4842717,
            9.7230034
          ],
          [
            76.4842659,
            9.722957
          ],
          [
            76.4842686,
            9.7229015
          ],
          [
            76.484282,
            9.7228301
          ],
          [
            76.4842873,
            9.7227667
          ],
          [
            76.4842954,
            9.7227164
          ],
          [
            76.4843034,
            9.7226662
          ],
          [
            76.4843329,
            9.7226107
          ],
          [
            76.484349,
            9.7225842
          ],
          [
            76.4843973,
            9.722534
          ],
          [
            76.4844241,
            9.7224944
          ],
          [
            76.4844429,
            9.7224521
          ],
          [
            76.4844697,
            9.7224124
          ],
          [
            76.48451,
            9.7223463
          ],
          [
            76.4845368,
            9.7223225
          ]
        ]
      }
    },
    {
      "type": "Feature",
      "properties": {
        "name": "Residential Road",
        "highway": "residential",
        "surface": "asphalt",
        "osm_id": 802175805
      },
      "geometry": {
        "type": "LineString",
        "coordinates": [
          [
            76.4845368,
            9.7223225
          ],
          [
            76.4845529,
            9.7223
          ],
          [
            76.4845657,
            9.7222796
          ],
          [
            76.4845801,
            9.7222576
          ],
          [
            76.4846008,
            9.7222214
          ],
          [
            76.4846247,
            9.72219
          ],
          [
            76.4846534,
            9.7221444
          ],
          [
            76.4846678,
            9.7221114
          ],
          [
            76.4846911,
            9.7220809
          ],
          [
            76.4847245,
            9.7220318
          ],
          [
            76.4847034,
            9.7220132
          ],
          [
            76.484734,
            9.7219543
          ],
          [
            76.4847525,
            9.7219026
          ]
        ]
      }
    },
    {
      "type": "Feature",
      "properties": {
        "name": "Residential Road",
        "highway": "residential",
        "surface": "asphalt",
        "osm_id": 802175806
      },
      "geometry": {
        "type": "LineString",
        "coordinates": [
          [
            76.4853989,
            9.7234435
          ],
          [
            76.4853973,
            9.7234062
          ],
          [
            76.4854,
            9.7233533
          ],
          [
            76.4854054,
            9.7233189
          ],
          [
            76.4854215,
            9.7232264
          ],
          [
            76.4854215,
            9.7231788
          ],
          [
            76.4854242,
            9.7231418
          ],
          [
            76.4854242,
            9.7230942
          ],
          [
            76.4854349,
            9.7230334
          ],
          [
            76.4854456,
            9.7229726
          ],
          [
            76.4854537,
            9.7229171
          ],
          [
            76.4854563,
            9.7228325
          ],
          [
            76.4854671,
            9.7227664
          ],
          [
            76.4854778,
            9.7227135
          ],
          [
            76.4854832,
            9.7226765
          ],
          [
            76.485487,
            9.7226456
          ],
          [
            76.4854937,
            9.7226119
          ],
          [
            76.4854918,
            9.7225699
          ],
          [
            76.4854984,
            9.7225484
          ],
          [
            76.4855022,
            9.7225269
          ],
          [
            76.4855164,
            9.7224942
          ],
          [
            76.4855032,
            9.7224596
          ],
          [
            76.4855126,
            9.7224344
          ],
          [
            76.4855145,
            9.7224194
          ],
          [
            76.4855221,
            9.7223932
          ],
          [
            76.4855335,
            9.7223661
          ],
          [
            76.4855506,
            9.7223297
          ],
          [
            76.4855572,
            9.7223147
          ],
          [
            76.485561,
            9.7222942
          ],
          [
            76.4855648,
            9.7222708
          ],
          [
            76.4855714,
            9.7222502
          ],
          [
            76.48558,
            9.7222194
          ],
          [
            76.4855819,
            9.7222063
          ],
          [
            76.4855894,
            9.7221811
          ],
          [
            76.4855923,
            9.7221708
          ],
          [
            76.485598,
            9.7221511
          ],
          [
            76.4856018,
            9.7221399
          ],
          [
            76.4856113,
            9.7221175
          ],
          [
            76.4856236,
            9.7220876
          ],
          [
            76.4856505,
            9.7220448
          ],
          [
            76.4856988,
            9.7219946
          ],
          [
            76.4857256,
            9.7219602
          ],
          [
            76.4857417,
            9.7219417
          ],
          [
            76.4857471,
            9.7219232
          ]
        ]
      }
    },
    {
      "type": "Feature",
      "properties": {
        "name": "Residential Road",
        "highway": "residential",
        "surface": "asphalt",
        "osm_id": 802175807
      },
      "geometry": {
        "type": "LineString",
        "coordinates": [
          [
            76.4857471,
            9.7219232
          ],
          [
            76.4857941,
            9.721879
          ],
          [
            76.4858148,
            9.7218491
          ],
          [
            76.4858403,
            9.7217988
          ],
          [
            76.4858674,
            9.7217548
          ],
          [
            76.4859057,
            9.7216904
          ],
          [
            76.4859217,
            9.7216605
          ],
          [
            76.4859392,
            9.7216165
          ],
          [
            76.4859567,
            9.7215646
          ],
          [
            76.4859775,
            9.72153
          ],
          [
            76.4859966,
            9.721497
          ],
          [
            76.4860158,
            9.7214546
          ],
          [
            76.4860301,
            9.7214278
          ],
          [
            76.4860397,
            9.7213807
          ],
          [
            76.4861306,
            9.7212958
          ],
          [
            76.4861513,
            9.7212565
          ],
          [
            76.4861705,
            9.7211905
          ],
          [
            76.4861816,
            9.7211622
          ],
          [
            76.4861928,
            9.7211276
          ],
          [
            76.4862055,
            9.7210914
          ],
          [
            76.4861976,
            9.7210333
          ],
          [
            76.4862024,
            9.7209421
          ],
          [
            76.4862024,
            9.7208729
          ],
          [
            76.486204,
            9.7208336
          ],
          [
            76.486204,
            9.7207739
          ],
          [
            76.4862071,
            9.7207095
          ],
          [
            76.4862135,
            9.7206324
          ],
          [
            76.4862295,
            9.720535
          ],
          [
            76.4862406,
            9.7204831
          ],
          [
            76.4862677,
            9.7204281
          ],
          [
            76.4862741,
            9.7204124
          ],
          [
            76.4862917,
            9.7203605
          ],
          [
            76.4863028,
            9.7203165
          ],
          [
            76.4863204,
            9.7202772
          ],
          [
            76.4863347,
            9.72023
          ],
          [
            76.4863523,
            9.7202033
          ],
          [
            76.4863698,
            9.7201231
          ],
          [
            76.4863858,
            9.7200972
          ],
          [
            76.4863921,
            9.7200807
          ],
          [
            76.4864049,
            9.720061
          ],
          [
            76.4864288,
            9.7200272
          ],
          [
            76.4864488,
            9.7199903
          ],
          [
            76.4864735,
            9.7199478
          ],
          [
            76.4865022,
            9.7199085
          ],
          [
            76.4865101,
            9.7198611
          ],
          [
            76.486545,
            9.7198307
          ],
          [
            76.4865503,
            9.7198188
          ],
          [
            76.4865704,
            9.7197779
          ],
          [
            76.4865865,
            9.7197382
          ],
          [
            76.4865999,
            9.7197012
          ],
          [
            76.486612,
            9.7196642
          ],
          [
            76.4866348,
            9.7195994
          ],
          [
            76.4866509,
            9.7195677
          ],
          [
            76.4866643,
            9.719532
          ],
          [
            76.4866777,
            9.7195108
          ],
          [
            76.48673,
            9.7194077
          ],
          [
            76.4867542,
            9.7193628
          ],
          [
            76.4867729,
            9.7193179
          ],
          [
            76.4867984,
            9.7192597
          ],
          [
            76.4868105,
            9.7192227
          ],
          [
            76.4868548,
            9.7191315
          ],
          [
            76.4869004,
            9.7190204
          ],
          [
            76.4869433,
            9.7189398
          ],
          [
            76.4869607,
            9.7188764
          ],
          [
            76.4868588,
            9.7185631
          ],
          [
            76.486848,
            9.7184705
          ],
          [
            76.4867488,
            9.7184838
          ],
          [
            76.4866496,
            9.718497
          ],
          [
            76.486494,
            9.7185076
          ],
          [
            76.4863411,
            9.718534
          ]
        ]
      }
    },
    {
      "type": "Feature",
      "properties": {
        "name": "Residential Road",
        "highway": "residential",
        "surface": "asphalt",
        "osm_id": 802175808
      },
      "geometry": {
        "type": "LineString",
        "coordinates": [
          [
            76.486848,
            9.7184705
          ],
          [
            76.4868776,
            9.7184388
          ],
          [
            76.4869124,
            9.7183516
          ],
          [
            76.4869553,
            9.7182564
          ],
          [
            76.4870224,
            9.7181612
          ],
          [
            76.4870653,
            9.7180925
          ],
          [
            76.4871029,
            9.718037
          ],
          [
            76.4871511,
            9.7179682
          ],
          [
            76.4871726,
            9.7178995
          ],
          [
            76.487186,
            9.7178096
          ],
          [
            76.4871967,
            9.7177012
          ],
          [
            76.4872101,
            9.7176219
          ],
          [
            76.4872155,
            9.7174078
          ],
          [
            76.4870304,
            9.7172597
          ],
          [
            76.4869151,
            9.7172518
          ],
          [
            76.4868641,
            9.7172148
          ],
          [
            76.4868454,
            9.7171725
          ],
          [
            76.48684,
            9.7170667
          ],
          [
            76.4868561,
            9.7170033
          ],
          [
            76.4868668,
            9.716924
          ],
          [
            76.4868641,
            9.7168235
          ],
          [
            76.4868641,
            9.7167389
          ],
          [
            76.4868668,
            9.7166226
          ],
          [
            76.4868668,
            9.7164904
          ],
          [
            76.4868856,
            9.7164322
          ],
          [
            76.486899,
            9.7163767
          ],
          [
            76.4869178,
            9.7163371
          ],
          [
            76.4869392,
            9.7162022
          ],
          [
            76.4869634,
            9.7161256
          ],
          [
            76.4869902,
            9.7160277
          ],
          [
            76.4869951,
            9.7159717
          ],
          [
            76.4869927,
            9.7159466
          ],
          [
            76.4869927,
            9.7159316
          ],
          [
            76.4869927,
            9.7159088
          ],
          [
            76.4869943,
            9.7158853
          ],
          [
            76.4869943,
            9.7158562
          ],
          [
            76.4870015,
            9.7158287
          ],
          [
            76.4870047,
            9.7158004
          ],
          [
            76.4870087,
            9.7157792
          ],
          [
            76.4870103,
            9.7157375
          ],
          [
            76.4870234,
            9.715698
          ],
          [
            76.4870369,
            9.7156451
          ],
          [
            76.4870556,
            9.7155896
          ],
          [
            76.4870717,
            9.7155314
          ],
          [
            76.4870744,
            9.7154653
          ],
          [
            76.4870798,
            9.7153913
          ],
          [
            76.4870851,
            9.7153675
          ],
          [
            76.4870878,
            9.7152961
          ],
          [
            76.4870905,
            9.7152115
          ],
          [
            76.4870905,
            9.7151692
          ],
          [
            76.4870905,
            9.7151322
          ],
          [
            76.4870985,
            9.7150872
          ],
          [
            76.4871012,
            9.7150264
          ],
          [
            76.487112,
            9.7149921
          ],
          [
            76.4871146,
            9.7149233
          ],
          [
            76.4871173,
            9.7148969
          ],
          [
            76.4871334,
            9.7148546
          ],
          [
            76.4871415,
            9.7147991
          ],
          [
            76.4871629,
            9.7147277
          ],
          [
            76.4871736,
            9.7146801
          ],
          [
            76.4871924,
            9.7146431
          ],
          [
            76.4872327,
            9.7145955
          ],
          [
            76.4872434,
            9.7145585
          ],
          [
            76.4872595,
            9.7145136
          ],
          [
            76.4872809,
            9.714458
          ],
          [
            76.4873024,
            9.7143708
          ],
          [
            76.4873078,
            9.7143153
          ],
          [
            76.4873212,
            9.7142624
          ],
          [
            76.4873453,
            9.7141857
          ],
          [
            76.4873721,
            9.7140879
          ],
          [
            76.4874043,
            9.7140007
          ],
          [
            76.4874365,
            9.7139055
          ],
          [
            76.4874606,
            9.7138262
          ],
          [
            76.4875277,
            9.7136728
          ],
          [
            76.4875438,
            9.7136411
          ],
          [
            76.4875518,
            9.7135988
          ],
          [
            76.4875599,
            9.7135486
          ],
          [
            76.487576,
            9.7134613
          ],
          [
            76.4875867,
            9.7133662
          ],
          [
            76.4875921,
            9.7132948
          ],
          [
            76.4876108,
            9.713189
          ],
          [
            76.4876189,
            9.7131256
          ],
          [
            76.4876243,
            9.7130542
          ],
          [
            76.4876162,
            9.7129908
          ],
          [
            76.4876055,
            9.7129194
          ],
          [
            76.4876028,
            9.7128876
          ],
          [
            76.4876162,
            9.712811
          ],
          [
            76.4876296,
            9.7127528
          ],
          [
            76.4876323,
            9.7126841
          ],
          [
            76.4876779,
            9.7125704
          ],
          [
            76.4876779,
            9.7124594
          ],
          [
            76.4877074,
            9.7123695
          ],
          [
            76.4877208,
            9.7123219
          ],
          [
            76.4877852,
            9.7123325
          ],
          [
            76.4879086,
            9.7123219
          ],
          [
            76.4879403,
            9.7123288
          ],
          [
            76.4879578,
            9.7123338
          ],
          [
            76.4879815,
            9.7123355
          ],
          [
            76.4880068,
            9.7123421
          ],
          [
            76.488026,
            9.7123455
          ],
          [
            76.4880367,
            9.7123488
          ],
          [
            76.488066,
            9.7123538
          ],
          [
            76.488101,
            9.7123632
          ],
          [
            76.4881241,
            9.712371
          ],
          [
            76.4881326,
            9.7123721
          ],
          [
            76.488145,
            9.7123749
          ],
          [
            76.4881596,
            9.7123799
          ],
          [
            76.4881687,
            9.7123838
          ],
          [
            76.4881782,
            9.7123877
          ],
          [
            76.4881923,
            9.7123927
          ],
          [
            76.4882188,
            9.7124027
          ],
          [
            76.488247,
            9.7124149
          ],
          [
            76.4882572,
            9.7124149
          ],
          [
            76.4882809,
            9.7124222
          ],
          [
            76.4883079,
            9.7124283
          ],
          [
            76.4883277,
            9.7124299
          ],
          [
            76.488357,
            9.7124338
          ],
          [
            76.4883993,
            9.7124338
          ],
          [
            76.4884269,
            9.7124366
          ],
          [
            76.4884399,
            9.7124388
          ],
          [
            76.4884596,
            9.7124433
          ],
          [
            76.4885154,
            9.7124661
          ],
          [
            76.4885588,
            9.7124722
          ],
          [
            76.4885865,
            9.7124783
          ],
          [
            76.4886248,
            9.7124783
          ],
          [
            76.4886592,
            9.7124833
          ],
          [
            76.4886919,
            9.71249
          ],
          [
            76.4887246,
            9.7124961
          ],
          [
            76.4887596,
            9.7125005
          ],
          [
            76.4888425,
            9.7125194
          ],
          [
            76.4888481,
            9.7125211
          ],
          [
            76.4888791,
            9.7125322
          ],
          [
            76.4888881,
            9.7125344
          ],
          [
            76.4889011,
            9.7125422
          ],
          [
            76.488918,
            9.7125494
          ],
          [
            76.4889338,
            9.7125567
          ],
          [
            76.4889451,
            9.7125611
          ],
          [
            76.4889806,
            9.7125717
          ],
          [
            76.4890082,
            9.7125783
          ],
          [
            76.489028,
            9.7125861
          ],
          [
            76.4890398,
            9.7125906
          ],
          [
            76.4891064,
            9.7126089
          ],
          [
            76.4891329,
            9.7126195
          ],
          [
            76.489156,
            9.7126261
          ],
          [
            76.4891735,
            9.7126334
          ],
          [
            76.4891932,
            9.7126406
          ],
          [
            76.489222,
            9.7126506
          ],
          [
            76.4892552,
            9.7126617
          ]
        ]
      }
    },
    {
      "type": "Feature",
      "properties": {
        "name": "Residential Road",
        "highway": "residential",
        "surface": "asphalt",
        "osm_id": 802175809
      },
      "geometry": {
        "type": "LineString",
        "coordinates": [
          [
            76.4877208,
            9.7123219
          ],
          [
            76.4877291,
            9.7122907
          ],
          [
            76.4877331,
            9.7122695
          ],
          [
            76.4877371,
            9.7122537
          ],
          [
            76.4877438,
            9.7122286
          ],
          [
            76.4877519,
            9.7122061
          ],
          [
            76.4877639,
            9.7121836
          ],
          [
            76.48778,
            9.7121374
          ],
          [
            76.4877908,
            9.712107
          ],
          [
            76.4877988,
            9.7120805
          ],
          [
            76.4878109,
            9.7120422
          ],
          [
            76.4878216,
            9.7120065
          ],
          [
            76.487835,
            9.7119655
          ],
          [
            76.4878471,
            9.7119378
          ],
          [
            76.4878578,
            9.7119021
          ],
          [
            76.4878699,
            9.7118518
          ],
          [
            76.4878752,
            9.7118161
          ],
          [
            76.4878779,
            9.7117765
          ],
          [
            76.487886,
            9.7117276
          ],
          [
            76.487894,
            9.7116985
          ],
          [
            76.4879007,
            9.7116602
          ],
          [
            76.4879141,
            9.7116033
          ],
          [
            76.4879208,
            9.7115689
          ],
          [
            76.4879275,
            9.7115359
          ],
          [
            76.4879369,
            9.7114949
          ],
          [
            76.4879584,
            9.7114658
          ],
          [
            76.4879557,
            9.7114209
          ],
          [
            76.4879624,
            9.7113839
          ],
          [
            76.4879638,
            9.7113601
          ],
          [
            76.4879691,
            9.711331
          ],
          [
            76.4879785,
            9.711294
          ],
          [
            76.4879906,
            9.7112491
          ],
          [
            76.4880053,
            9.7111935
          ],
          [
            76.4880321,
            9.7110957
          ],
          [
            76.4880402,
            9.71106
          ],
          [
            76.4880429,
            9.7110349
          ],
          [
            76.4880549,
            9.7109728
          ],
          [
            76.4880576,
            9.710912
          ],
          [
            76.4880791,
            9.7108446
          ],
          [
            76.4880871,
            9.7107917
          ],
          [
            76.4881005,
            9.7107428
          ],
          [
            76.488126,
            9.7106661
          ],
          [
            76.48813,
            9.7105841
          ],
          [
            76.488118,
            9.7105405
          ],
          [
            76.4880938,
            9.7104916
          ],
          [
            76.4880751,
            9.7104559
          ],
          [
            76.4880469,
            9.7104044
          ],
          [
            76.4880002,
            9.7102906
          ],
          [
            76.4879881,
            9.7102613
          ],
          [
            76.4879299,
            9.7101269
          ]
        ]
      }
    },
    {
      "type": "Feature",
      "properties": {
        "name": "Residential Road",
        "highway": "residential",
        "surface": "asphalt",
        "osm_id": 802175814
      },
      "geometry": {
        "type": "LineString",
        "coordinates": [
          [
            76.4862599,
            9.7254526
          ],
          [
            76.4862528,
            9.7253925
          ],
          [
            76.48623,
            9.7253664
          ],
          [
            76.4862073,
            9.7253327
          ],
          [
            76.4861485,
            9.7252766
          ],
          [
            76.4861125,
            9.7252393
          ],
          [
            76.4860631,
            9.7251981
          ],
          [
            76.4859759,
            9.7251477
          ],
          [
            76.4859512,
            9.7251327
          ],
          [
            76.4859057,
            9.7250953
          ],
          [
            76.4858374,
            9.725043
          ],
          [
            76.4857635,
            9.7249906
          ],
          [
            76.4856535,
            9.7249458
          ],
          [
            76.4856193,
            9.7249084
          ],
          [
            76.4855321,
            9.7248617
          ],
          [
            76.4854335,
            9.7248299
          ],
          [
            76.4854012,
            9.7248074
          ],
          [
            76.4853367,
            9.7247906
          ],
          [
            76.4853064,
            9.7247757
          ],
          [
            76.4852817,
            9.7247682
          ],
          [
            76.4852002,
            9.7247364
          ],
          [
            76.485149,
            9.7247158
          ],
          [
            76.485039,
            9.7246803
          ],
          [
            76.4849271,
            9.7246616
          ],
          [
            76.4848228,
            9.7246242
          ],
          [
            76.4847052,
            9.7245869
          ],
          [
            76.4846122,
            9.7245607
          ],
          [
            76.4845421,
            9.724527
          ],
          [
            76.4845022,
            9.7245121
          ],
          [
            76.4844131,
            9.7244747
          ],
          [
            76.4843619,
            9.7244541
          ],
          [
            76.4843145,
            9.7244429
          ],
          [
            76.4842746,
            9.7244317
          ],
          [
            76.4842291,
            9.7244373
          ],
          [
            76.4841457,
            9.7244354
          ],
          [
            76.4840129,
            9.7244167
          ],
          [
            76.4838365,
            9.7243868
          ],
          [
            76.4836867,
            9.7243868
          ],
          [
            76.4835558,
            9.7243719
          ],
          [
            76.48337,
            9.7243364
          ],
          [
            76.4832656,
            9.7243195
          ],
          [
            76.4832182,
            9.7243139
          ]
        ]
      }
    },
    {
      "type": "Feature",
      "properties": {
        "name": "Residential Road",
        "highway": "residential",
        "surface": "compacted",
        "osm_id": 802175815
      },
      "geometry": {
        "type": "LineString",
        "coordinates": [
          [
            76.4832182,
            9.7243139
          ],
          [
            76.4832334,
            9.7242616
          ],
          [
            76.4832486,
            9.7242279
          ],
          [
            76.4832637,
            9.7241887
          ],
          [
            76.4832808,
            9.7241214
          ],
          [
            76.4832903,
            9.7240803
          ],
          [
            76.4832998,
            9.7240391
          ],
          [
            76.4833206,
            9.7239625
          ],
          [
            76.4833301,
            9.7239345
          ],
          [
            76.4833434,
            9.723869
          ],
          [
            76.483351,
            9.7238111
          ],
          [
            76.48337,
            9.723755
          ],
          [
            76.4833738,
            9.723727
          ],
          [
            76.4833813,
            9.7236802
          ],
          [
            76.4833908,
            9.7236241
          ],
          [
            76.483406,
            9.7235494
          ],
          [
            76.4834174,
            9.7234802
          ],
          [
            76.4834193,
            9.7234522
          ],
          [
            76.4834269,
            9.7233232
          ],
          [
            76.4834269,
            9.7232447
          ],
          [
            76.4834382,
            9.7231531
          ],
          [
            76.4834515,
            9.7230315
          ],
          [
            76.4834553,
            9.7229624
          ],
          [
            76.4834572,
            9.7228484
          ],
          [
            76.4834572,
            9.7227792
          ],
          [
            76.48346,
            9.7227353
          ]
        ]
      }
    },
    {
      "type": "Feature",
      "properties": {
        "name": "Residential Road",
        "highway": "residential",
        "surface": "asphalt",
        "osm_id": 802178348
      },
      "geometry": {
        "type": "LineString",
        "coordinates": [
          [
            76.4832182,
            9.7243139
          ],
          [
            76.4832103,
            9.7243416
          ],
          [
            76.4832055,
            9.7243762
          ],
          [
            76.4831975,
            9.7244029
          ],
          [
            76.4831912,
            9.7244501
          ],
          [
            76.4831864,
            9.7244846
          ],
          [
            76.4831784,
            9.7245271
          ],
          [
            76.4831752,
            9.7245931
          ],
          [
            76.4830859,
            9.7247802
          ],
          [
            76.4829791,
            9.7248556
          ],
          [
            76.4829041,
            9.7248729
          ],
          [
            76.4828068,
            9.7248823
          ],
          [
            76.4827526,
            9.7248965
          ],
          [
            76.4826266,
            9.7248965
          ],
          [
            76.4825325,
            9.7248886
          ],
          [
            76.4824304,
            9.7248478
          ],
          [
            76.4823284,
            9.7248336
          ],
          [
            76.4822757,
            9.7248242
          ],
          [
            76.4821465,
            9.7248273
          ],
          [
            76.4820349,
            9.7247864
          ]
        ]
      }
    },
    {
      "type": "Feature",
      "properties": {
        "name": "Residential Road",
        "highway": "residential",
        "surface": "asphalt",
        "osm_id": 802178349
      },
      "geometry": {
        "type": "LineString",
        "coordinates": [
          [
            76.4820349,
            9.7247864
          ],
          [
            76.4819599,
            9.7247739
          ],
          [
            76.4818961,
            9.724755
          ],
          [
            76.4818419,
            9.7247393
          ],
          [
            76.4817909,
            9.7247267
          ],
          [
            76.4817702,
            9.724722
          ],
          [
            76.4817159,
            9.7247079
          ],
          [
            76.4816777,
            9.7247031
          ],
          [
            76.4816298,
            9.7246906
          ],
          [
            76.4815389,
            9.7246717
          ],
          [
            76.4814958,
            9.7246544
          ],
          [
            76.4814384,
            9.7246371
          ],
          [
            76.4814209,
            9.7246245
          ],
          [
            76.4813794,
            9.7246088
          ],
          [
            76.4812965,
            9.7245805
          ],
          [
            76.4812391,
            9.7245522
          ],
          [
            76.481129,
            9.7245051
          ],
          [
            76.4810174,
            9.7244516
          ],
          [
            76.48096,
            9.724428
          ],
          [
            76.4808962,
            9.724362
          ],
          [
            76.4808675,
            9.7243322
          ],
          [
            76.4808308,
            9.724318
          ],
          [
            76.4808053,
            9.7243039
          ],
          [
            76.4807495,
            9.7242803
          ],
          [
            76.4806825,
            9.7242504
          ],
          [
            76.4806171,
            9.7242064
          ],
          [
            76.4805724,
            9.7241907
          ],
          [
            76.4804959,
            9.7241451
          ],
          [
            76.4804566,
            9.7241336
          ],
          [
            76.480405,
            9.7241184
          ],
          [
            76.480338,
            9.7240775
          ],
          [
            76.4802885,
            9.7240539
          ],
          [
            76.4802168,
            9.7240178
          ],
          [
            76.4801801,
            9.7239785
          ],
          [
            76.4801402,
            9.7239643
          ],
          [
            76.4800924,
            9.7239628
          ],
          [
            76.4800621,
            9.7239628
          ],
          [
            76.4800174,
            9.7239628
          ],
          [
            76.4799712,
            9.7239628
          ],
          [
            76.4799185,
            9.7239706
          ],
          [
            76.4798898,
            9.7239785
          ],
          [
            76.479783,
            9.7240005
          ],
          [
            76.4796889,
            9.7240241
          ],
          [
            76.4796458,
            9.7240492
          ],
          [
            76.4795182,
            9.7240917
          ],
          [
            76.4794337,
            9.7241058
          ],
          [
            76.4792934,
            9.7241074
          ],
          [
            76.4791259,
            9.7240964
          ],
          [
            76.478968,
            9.7240649
          ],
          [
            76.4788835,
            9.7240508
          ],
          [
            76.4787718,
            9.7240351
          ],
          [
            76.4786953,
            9.7240382
          ]
        ]
      }
    },
    {
      "type": "Feature",
      "properties": {
        "name": "Residential Road",
        "highway": "residential",
        "surface": "asphalt",
        "osm_id": 802178351
      },
      "geometry": {
        "type": "LineString",
        "coordinates": [
          [
            76.4786953,
            9.7240382
          ],
          [
            76.4786454,
            9.7240187
          ],
          [
            76.4785281,
            9.7239742
          ],
          [
            76.4784853,
            9.723932
          ],
          [
            76.4784018,
            9.7238431
          ],
          [
            76.4783748,
            9.7237875
          ],
          [
            76.4783274,
            9.7237075
          ],
          [
            76.4782552,
            9.7236074
          ],
          [
            76.4782327,
            9.7235207
          ],
          [
            76.4782304,
            9.7233718
          ],
          [
            76.4782304,
            9.7232584
          ],
          [
            76.4782665,
            9.7230961
          ],
          [
            76.4782755,
            9.7230117
          ],
          [
            76.4782981,
            9.7228627
          ],
          [
            76.478271,
            9.722776
          ],
          [
            76.4782701,
            9.722733
          ],
          [
            76.4782692,
            9.7226909
          ],
          [
            76.4783165,
            9.7223762
          ],
          [
            76.4783031,
            9.7221119
          ],
          [
            76.4782414,
            9.7219321
          ],
          [
            76.4782959,
            9.7214859
          ]
        ]
      }
    },
    {
      "type": "Feature",
      "properties": {
        "name": "Adithyapuram - Manvettam Road",
        "highway": "residential",
        "surface": "asphalt",
        "osm_id": 802178354
      },
      "geometry": {
        "type": "LineString",
        "coordinates": [
          [
            76.4862599,
            9.7254526
          ],
          [
            76.4862441,
            9.7254793
          ],
          [
            76.4862373,
            9.7255148
          ],
          [
            76.4862238,
            9.7255637
          ],
          [
            76.4862057,
            9.7256193
          ],
          [
            76.4861899,
            9.725666
          ],
          [
            76.4861651,
            9.7257193
          ],
          [
            76.4861426,
            9.7257905
          ],
          [
            76.4861042,
            9.7258816
          ],
          [
            76.4860749,
            9.7259617
          ],
          [
            76.4860501,
            9.7260506
          ],
          [
            76.4860343,
            9.7261395
          ],
          [
            76.4859869,
            9.7262996
          ],
          [
            76.4859779,
            9.7263818
          ],
          [
            76.4859689,
            9.7264707
          ],
          [
            76.4859712,
            9.7265196
          ],
          [
            76.4859712,
            9.7265997
          ],
          [
            76.4859666,
            9.7266441
          ],
          [
            76.4859666,
            9.7266975
          ],
          [
            76.4859666,
            9.7267597
          ],
          [
            76.4859396,
            9.7268553
          ],
          [
            76.485926,
            9.726962
          ],
          [
            76.4859418,
            9.7270131
          ],
          [
            76.4859441,
            9.7270598
          ],
          [
            76.4859531,
            9.7271065
          ],
          [
            76.4859576,
            9.7271421
          ],
          [
            76.4859599,
            9.7271754
          ],
          [
            76.4859779,
            9.7272466
          ],
          [
            76.4859869,
            9.727291
          ],
          [
            76.4859982,
            9.7273355
          ],
          [
            76.4860072,
            9.7273644
          ],
          [
            76.4860072,
            9.7274333
          ],
          [
            76.4860275,
            9.7275156
          ],
          [
            76.4860433,
            9.7275711
          ],
          [
            76.4860636,
            9.7276512
          ],
          [
            76.4860727,
            9.7277267
          ],
          [
            76.4860817,
            9.7277779
          ],
          [
            76.4861268,
            9.7279335
          ],
          [
            76.4861336,
            9.7279779
          ],
          [
            76.4861336,
            9.728098
          ],
          [
            76.4861313,
            9.7281247
          ],
          [
            76.4861504,
            9.7281792
          ],
          [
            76.4861741,
            9.7282469
          ],
          [
            76.4861832,
            9.7283203
          ],
          [
            76.4861967,
            9.7284025
          ],
          [
            76.4862012,
            9.7284648
          ],
          [
            76.4862102,
            9.7285404
          ],
          [
            76.4862102,
            9.7286048
          ],
          [
            76.4862102,
            9.728696
          ],
          [
            76.486235,
            9.7287916
          ],
          [
            76.4862373,
            9.728856
          ],
          [
            76.4862396,
            9.7289227
          ],
          [
            76.4862396,
            9.729005
          ],
          [
            76.4862283,
            9.7291117
          ],
          [
            76.486199,
            9.7291784
          ],
          [
            76.4861877,
            9.7292495
          ],
          [
            76.4861877,
            9.7293584
          ],
          [
            76.4861877,
            9.7294629
          ],
          [
            76.486217,
            9.729603
          ],
          [
            76.486217,
            9.7297186
          ],
          [
            76.4862193,
            9.7298431
          ],
          [
            76.4862102,
            9.7299542
          ],
          [
            76.4862102,
            9.730032
          ],
          [
            76.4862328,
            9.7301632
          ],
          [
            76.4862734,
            9.7303499
          ],
          [
            76.4862892,
            9.7304455
          ],
          [
            76.4863005,
            9.7305433
          ],
          [
            76.486314,
            9.73063
          ],
          [
            76.4863456,
            9.7308367
          ],
          [
            76.4863546,
            9.7309101
          ],
          [
            76.4863659,
            9.7309924
          ],
          [
            76.4863659,
            9.7310857
          ],
          [
            76.4863411,
            9.7313414
          ],
          [
            76.4863298,
            9.7314281
          ],
          [
            76.4863095,
            9.7315392
          ],
          [
            76.4863095,
            9.7316393
          ],
          [
            76.4863095,
            9.7317015
          ],
          [
            76.4862982,
            9.7320083
          ],
          [
            76.4862463,
            9.7321239
          ],
          [
            76.486208,
            9.7322439
          ],
          [
            76.4861832,
            9.7323017
          ],
          [
            76.4861696,
            9.7323662
          ],
          [
            76.486129,
            9.7325129
          ],
          [
            76.4861245,
            9.7325485
          ],
          [
            76.4861245,
            9.7326018
          ],
          [
            76.4861245,
            9.7326641
          ],
          [
            76.4861178,
            9.7327596
          ],
          [
            76.4860907,
            9.7328575
          ],
          [
            76.486093,
            9.7329375
          ],
          [
            76.4860862,
            9.7330108
          ],
          [
            76.4860839,
            9.7330397
          ],
          [
            76.4860569,
            9.7331242
          ],
          [
            76.4860501,
            9.7331709
          ],
          [
            76.4860366,
            9.733262
          ],
          [
            76.4860298,
            9.7332909
          ],
          [
            76.4860118,
            9.7333954
          ],
          [
            76.4859576,
            9.733591
          ],
          [
            76.4859283,
            9.7336822
          ],
          [
            76.485908,
            9.7337533
          ],
          [
            76.4858629,
            9.7339578
          ],
          [
            76.4858629,
            9.7340645
          ],
          [
            76.4858539,
            9.7341001
          ],
          [
            76.4858403,
            9.7341601
          ],
          [
            76.4858268,
            9.7342402
          ],
          [
            76.485811,
            9.7342757
          ],
          [
            76.485802,
            9.7343224
          ],
          [
            76.4857817,
            9.734378
          ],
          [
            76.4857546,
            9.7344713
          ],
          [
            76.4857388,
            9.7345314
          ],
          [
            76.4856729,
            9.734666
          ]
        ]
      }
    },
    {
      "type": "Feature",
      "properties": {
        "name": "Residential Road",
        "highway": "residential",
        "surface": "asphalt",
        "osm_id": 802178355
      },
      "geometry": {
        "type": "LineString",
        "coordinates": [
          [
            76.4858629,
            9.7340645
          ],
          [
            76.4857743,
            9.7340257
          ],
          [
            76.4857169,
            9.7340068
          ],
          [
            76.4855542,
            9.7339628
          ],
          [
            76.4854553,
            9.7339094
          ],
          [
            76.4853214,
            9.7338653
          ],
          [
            76.4851746,
            9.7338056
          ],
          [
            76.4851108,
            9.7337993
          ],
          [
            76.4851108,
            9.7338622
          ],
          [
            76.4850981,
            9.7338968
          ],
          [
            76.4849833,
            9.7338936
          ],
          [
            76.4848876,
            9.7338685
          ],
          [
            76.4847983,
            9.7338622
          ],
          [
            76.4846324,
            9.7338371
          ],
          [
            76.4845909,
            9.7338371
          ]
        ]
      }
    },
    {
      "type": "Feature",
      "properties": {
        "name": "Residential Road",
        "highway": "residential",
        "surface": "asphalt",
        "osm_id": 802178356
      },
      "geometry": {
        "type": "LineString",
        "coordinates": [
          [
            76.4845909,
            9.7338371
          ],
          [
            76.4845668,
            9.7338836
          ],
          [
            76.4845373,
            9.7339338
          ],
          [
            76.4844917,
            9.733992
          ],
          [
            76.4844219,
            9.7340818
          ],
          [
            76.4843334,
            9.7342167
          ],
          [
            76.4842449,
            9.7343356
          ],
          [
            76.4841054,
            9.7343224
          ],
          [
            76.4838016,
            9.7342722
          ],
          [
            76.483674,
            9.7345237
          ],
          [
            76.4836262,
            9.734618
          ],
          [
            76.4833838,
            9.7345583
          ],
          [
            76.4833008,
            9.73453
          ],
          [
            76.4832594,
            9.7347186
          ],
          [
            76.4831733,
            9.7350267
          ],
          [
            76.4830808,
            9.7352562
          ],
          [
            76.4830744,
            9.7353945
          ],
          [
            76.4830744,
            9.7354731
          ],
          [
            76.4830489,
            9.7355831
          ],
          [
            76.4830361,
            9.735646
          ],
          [
            76.4830201,
            9.7357498
          ],
          [
            76.4830042,
            9.7358126
          ],
          [
            76.4829468,
            9.735951
          ],
          [
            76.4829085,
            9.7361081
          ],
          [
            76.4828702,
            9.7362213
          ],
          [
            76.4828415,
            9.7363156
          ],
          [
            76.4827714,
            9.73652
          ],
          [
            76.4827522,
            9.7366049
          ],
          [
            76.4827235,
            9.7367086
          ],
          [
            76.4827044,
            9.73674
          ],
          [
            76.482622,
            9.7368803
          ]
        ]
      }
    },
    {
      "type": "Feature",
      "properties": {
        "name": "Residential Road",
        "highway": "residential",
        "surface": "asphalt",
        "osm_id": 802178357
      },
      "geometry": {
        "type": "LineString",
        "coordinates": [
          [
            76.48419,
            9.7373207
          ],
          [
            76.4841908,
            9.7374002
          ],
          [
            76.4842035,
            9.7374694
          ],
          [
            76.4842035,
            9.7375291
          ],
          [
            76.4841844,
            9.7376234
          ],
          [
            76.4841461,
            9.7377272
          ],
          [
            76.4841365,
            9.7377712
          ],
          [
            76.4841142,
            9.7378466
          ],
          [
            76.4841078,
            9.7379064
          ],
          [
            76.4840791,
            9.7380101
          ],
          [
            76.4840568,
            9.7380698
          ],
          [
            76.484044,
            9.7381201
          ],
          [
            76.4840217,
            9.7381893
          ],
          [
            76.4840153,
            9.7382207
          ],
          [
            76.4839866,
            9.7382899
          ],
          [
            76.4839643,
            9.7383245
          ],
          [
            76.4839037,
            9.7384597
          ],
          [
            76.483859,
            9.7385068
          ],
          [
            76.4838176,
            9.7385697
          ],
          [
            76.4837761,
            9.7386106
          ],
          [
            76.4837378,
            9.7386514
          ],
          [
            76.48369,
            9.7387175
          ],
          [
            76.4836708,
            9.7387458
          ],
          [
            76.4835975,
            9.7388275
          ],
          [
            76.4835847,
            9.7388558
          ],
          [
            76.4835433,
            9.7389061
          ],
          [
            76.4834412,
            9.7389815
          ],
          [
            76.483371,
            9.7390161
          ]
        ]
      }
    },
    {
      "type": "Feature",
      "properties": {
        "name": "Residential Road",
        "highway": "residential",
        "surface": "asphalt",
        "osm_id": 802178359
      },
      "geometry": {
        "type": "LineString",
        "coordinates": [
          [
            76.483371,
            9.7390161
          ],
          [
            76.4833209,
            9.7390193
          ],
          [
            76.483289,
            9.7390161
          ],
          [
            76.4832587,
            9.7390193
          ],
          [
            76.4832396,
            9.739013
          ],
          [
            76.4832141,
            9.7390098
          ],
          [
            76.4831806,
            9.7389988
          ],
          [
            76.4831535,
            9.7389941
          ],
          [
            76.4830833,
            9.7389784
          ],
          [
            76.4830163,
            9.7389595
          ],
          [
            76.4829892,
            9.7389532
          ],
          [
            76.4829158,
            9.7389422
          ],
          [
            76.4828441,
            9.7389265
          ],
          [
            76.4827563,
            9.7389092
          ],
          [
            76.4827244,
            9.7389061
          ],
          [
            76.4826511,
            9.7388888
          ],
          [
            76.482608,
            9.7388841
          ],
          [
            76.4825554,
            9.7388715
          ],
          [
            76.4825299,
            9.7388636
          ],
          [
            76.4824469,
            9.7388322
          ],
          [
            76.4824246,
            9.7388259
          ],
          [
            76.4823305,
            9.7388086
          ],
          [
            76.4822763,
            9.7387945
          ],
          [
            76.4821455,
            9.7387646
          ],
          [
            76.4821024,
            9.7387489
          ],
          [
            76.4820418,
            9.7387049
          ],
          [
            76.4819669,
            9.7386844
          ],
          [
            76.4818903,
            9.7386703
          ],
          [
            76.4817627,
            9.7386404
          ],
          [
            76.4816431,
            9.7386342
          ],
          [
            76.4815187,
            9.7386373
          ],
          [
            76.48138,
            9.7386452
          ],
          [
            76.4812731,
            9.7386514
          ],
          [
            76.4812237,
            9.7386687
          ],
          [
            76.4812652,
            9.7387615
          ],
          [
            76.4812572,
            9.7388243
          ],
          [
            76.4812572,
            9.7388746
          ],
          [
            76.4812606,
            9.7391013
          ],
          [
            76.4812606,
            9.7392547
          ],
          [
            76.4812583,
            9.7394058
          ],
          [
            76.4812786,
            9.7395481
          ],
          [
            76.4812786,
            9.7397215
          ],
          [
            76.4812809,
            9.7398327
          ],
          [
            76.4812831,
            9.7399171
          ],
          [
            76.4812809,
            9.7402083
          ],
          [
            76.4812944,
            9.7402884
          ],
          [
            76.481326,
            9.7404262
          ],
          [
            76.4814324,
            9.7407356
          ],
          [
            76.4815236,
            9.7408519
          ],
          [
            76.4816148,
            9.7409709
          ],
          [
            76.4816631,
            9.7410555
          ],
          [
            76.4817167,
            9.7411612
          ],
          [
            76.4817703,
            9.741259
          ],
          [
            76.4819071,
            9.7415419
          ],
          [
            76.4819769,
            9.741645
          ],
          [
            76.4820064,
            9.7417401
          ],
          [
            76.4820117,
            9.7418327
          ],
          [
            76.4819796,
            9.7420098
          ],
          [
            76.4819366,
            9.7421261
          ],
          [
            76.481883,
            9.7421763
          ],
          [
            76.4817355,
            9.7422292
          ],
          [
            76.4816416,
            9.7422768
          ],
          [
            76.4814351,
            9.7423111
          ],
          [
            76.4812366,
            9.7423799
          ],
          [
            76.4809228,
            9.7424222
          ],
          [
            76.4804078,
            9.7424354
          ],
          [
            76.4803595,
            9.7425411
          ],
          [
            76.4803166,
            9.7426892
          ],
          [
            76.4802549,
            9.742787
          ],
          [
            76.4801664,
            9.7428425
          ],
          [
            76.4800269,
            9.7428557
          ],
          [
            76.479866,
            9.7428425
          ],
          [
            76.4797077,
            9.7430117
          ],
          [
            76.4797292,
            9.7430592
          ],
          [
            76.4795978,
            9.7430989
          ],
          [
            76.4794797,
            9.7431095
          ],
          [
            76.4793295,
            9.7431121
          ],
          [
            76.4791664,
            9.743134
          ]
        ]
      }
    },
    {
      "type": "Feature",
      "properties": {
        "name": "Residential Road",
        "highway": "residential",
        "surface": "asphalt",
        "osm_id": 802180825
      },
      "geometry": {
        "type": "LineString",
        "coordinates": [
          [
            76.4745189,
            9.7369868
          ],
          [
            76.4746154,
            9.7369868
          ],
          [
            76.4747442,
            9.7369736
          ],
          [
            76.4748917,
            9.7369604
          ],
          [
            76.4750499,
            9.7369604
          ],
          [
            76.4751894,
            9.7369604
          ],
          [
            76.475353,
            9.7369604
          ],
          [
            76.4754898,
            9.7369842
          ],
          [
            76.4755247,
            9.7369948
          ],
          [
            76.4755703,
            9.7369948
          ],
          [
            76.4758144,
            9.7370027
          ],
          [
            76.4758653,
            9.7370027
          ],
          [
            76.475919,
            9.737
          ],
          [
            76.4759753,
            9.7369948
          ],
          [
            76.4760853,
            9.7369815
          ],
          [
            76.476214,
            9.7369815
          ],
          [
            76.476265,
            9.7369683
          ],
          [
            76.4763723,
            9.7369472
          ],
          [
            76.4764795,
            9.736934
          ],
          [
            76.4766029,
            9.7369102
          ],
          [
            76.4766753,
            9.736889
          ],
          [
            76.4767612,
            9.7368811
          ],
          [
            76.4768792,
            9.7368811
          ],
          [
            76.4769731,
            9.7368811
          ],
          [
            76.4772145,
            9.7369128
          ],
          [
            76.4772654,
            9.7369207
          ],
          [
            76.4773835,
            9.7369234
          ],
          [
            76.4775042,
            9.7369392
          ],
          [
            76.4776704,
            9.7369763
          ],
          [
            76.4778126,
            9.7369974
          ],
          [
            76.4778931,
            9.737
          ],
          [
            76.4779977,
            9.7370027
          ],
          [
            76.4781291,
            9.7370582
          ],
          [
            76.4782605,
            9.7370794
          ],
          [
            76.4785314,
            9.7371164
          ],
          [
            76.4786977,
            9.737119
          ],
          [
            76.478797,
            9.7371375
          ],
          [
            76.4789552,
            9.737156
          ],
          [
            76.4791542,
            9.7371743
          ]
        ]
      }
    },
    {
      "type": "Feature",
      "properties": {
        "name": "Residential Road",
        "highway": "residential",
        "surface": "asphalt",
        "osm_id": 802180826
      },
      "geometry": {
        "type": "LineString",
        "coordinates": [
          [
            76.4790399,
            9.738573
          ],
          [
            76.4789445,
            9.7385307
          ],
          [
            76.4788265,
            9.7384963
          ],
          [
            76.4786655,
            9.7384725
          ],
          [
            76.4785234,
            9.7384725
          ],
          [
            76.4784,
            9.7384699
          ],
          [
            76.4782953,
            9.7385159
          ],
          [
            76.4781869,
            9.7385977
          ],
          [
            76.478037,
            9.7386417
          ],
          [
            76.4778169,
            9.7386731
          ],
          [
            76.4776606,
            9.738692
          ],
          [
            76.4773927,
            9.738692
          ],
          [
            76.4768281,
            9.738714
          ]
        ]
      }
    },
    {
      "type": "Feature",
      "properties": {
        "name": "Residential Road",
        "highway": "residential",
        "surface": "asphalt",
        "osm_id": 802180827
      },
      "geometry": {
        "type": "LineString",
        "coordinates": [
          [
            76.4793525,
            9.7395122
          ],
          [
            76.479376,
            9.7395108
          ],
          [
            76.4794035,
            9.7395241
          ],
          [
            76.4794497,
            9.739526
          ],
          [
            76.4795712,
            9.7394937
          ],
          [
            76.4797116,
            9.7394591
          ],
          [
            76.4798009,
            9.7394559
          ],
          [
            76.4798902,
            9.7394402
          ],
          [
            76.4799731,
            9.7394276
          ],
          [
            76.4800273,
            9.7394276
          ],
          [
            76.4800943,
            9.7394276
          ],
          [
            76.4801932,
            9.7394276
          ],
          [
            76.4802634,
            9.7394276
          ]
        ]
      }
    },
    {
      "type": "Feature",
      "properties": {
        "name": "Residential Road",
        "highway": "residential",
        "surface": "asphalt",
        "osm_id": 802184327
      },
      "geometry": {
        "type": "LineString",
        "coordinates": [
          [
            76.4790085,
            9.7415873
          ],
          [
            76.4790194,
            9.7413422
          ],
          [
            76.4789588,
            9.7412667
          ],
          [
            76.4789428,
            9.7412258
          ],
          [
            76.4789046,
            9.7411535
          ],
          [
            76.4788854,
            9.741119
          ],
          [
            76.4788599,
            9.7410341
          ],
          [
            76.4788631,
            9.7409963
          ],
          [
            76.4788631,
            9.7409492
          ],
          [
            76.4788631,
            9.7409083
          ],
          [
            76.4788631,
            9.7408203
          ],
          [
            76.4788631,
            9.7405437
          ],
          [
            76.4788631,
            9.7404651
          ],
          [
            76.4788631,
            9.7402922
          ],
          [
            76.4788472,
            9.740201
          ],
          [
            76.4787515,
            9.7401413
          ],
          [
            76.4785505,
            9.7401538
          ],
          [
            76.4783783,
            9.7401727
          ],
          [
            76.4782411,
            9.7402041
          ],
          [
            76.4781518,
            9.7400501
          ],
          [
            76.4780752,
            9.7399369
          ],
          [
            76.4780306,
            9.7398615
          ],
          [
            76.4778807,
            9.7397954
          ],
          [
            76.4776414,
            9.7398269
          ],
          [
            76.4776064,
            9.7398363
          ],
          [
            76.4775426,
            9.7398583
          ],
          [
            76.4774373,
            9.7398866
          ],
          [
            76.4771949,
            9.7399212
          ],
          [
            76.477112,
            9.7399306
          ],
          [
            76.4769812,
            9.7399558
          ],
          [
            76.4768951,
            9.7401224
          ],
          [
            76.4768089,
            9.7402041
          ],
          [
            76.476659,
            9.7402481
          ],
          [
            76.4765059,
            9.7402796
          ],
          [
            76.4762252,
            9.7402827
          ],
          [
            76.4759254,
            9.740311
          ],
          [
            76.4756893,
            9.740399
          ],
          [
            76.4755171,
            9.7404493
          ],
          [
            76.4754565,
            9.7404776
          ],
          [
            76.4753736,
            9.7405531
          ]
        ]
      }
    },
    {
      "type": "Feature",
      "properties": {
        "name": "Residential Road",
        "highway": "residential",
        "surface": "asphalt",
        "osm_id": 802966742
      },
      "geometry": {
        "type": "LineString",
        "coordinates": [
          [
            76.4136597,
            9.6986515
          ],
          [
            76.4136617,
            9.6986972
          ],
          [
            76.4136775,
            9.6987328
          ],
          [
            76.4136866,
            9.6987817
          ],
          [
            76.4136956,
            9.6988484
          ],
          [
            76.4137069,
            9.6988929
          ],
          [
            76.4137181,
            9.6989507
          ],
          [
            76.4137226,
            9.6989907
          ],
          [
            76.4137249,
            9.6990618
          ],
          [
            76.4137272,
            9.6991041
          ],
          [
            76.4137407,
            9.699153
          ],
          [
            76.4137497,
            9.6992041
          ]
        ]
      }
    },
    {
      "type": "Feature",
      "properties": {
        "name": "Residential Road",
        "highway": "residential",
        "surface": "asphalt",
        "osm_id": 802966743
      },
      "geometry": {
        "type": "LineString",
        "coordinates": [
          [
            76.4144314,
            9.697297
          ],
          [
            76.4144321,
            9.6971353
          ],
          [
            76.4144348,
            9.6970348
          ],
          [
            76.4144348,
            9.6969767
          ],
          [
            76.4144348,
            9.6969291
          ],
          [
            76.4144348,
            9.6968815
          ],
          [
            76.4145179,
            9.6969
          ],
          [
            76.4145823,
            9.6969106
          ],
          [
            76.4146574,
            9.6969212
          ],
          [
            76.4147244,
            9.6969212
          ],
          [
            76.4148076,
            9.6969238
          ],
          [
            76.4148398,
            9.6969238
          ],
          [
            76.4148934,
            9.6969238
          ],
          [
            76.4149444,
            9.6969212
          ],
          [
            76.4150061,
            9.6969106
          ],
          [
            76.4150624,
            9.6969106
          ],
          [
            76.4151134,
            9.6969079
          ],
          [
            76.4151885,
            9.6969
          ],
          [
            76.415277,
            9.6969
          ],
          [
            76.415336,
            9.6968921
          ],
          [
            76.415403,
            9.6968789
          ],
          [
            76.4154835,
            9.6968577
          ],
          [
            76.4155506,
            9.6968471
          ],
          [
            76.4156391,
            9.6968471
          ],
          [
            76.4156766,
            9.6968471
          ],
          [
            76.4157383,
            9.6968471
          ],
          [
            76.4157839,
            9.6968471
          ],
          [
            76.4158215,
            9.6968471
          ],
          [
            76.4158644,
            9.6968524
          ],
          [
            76.4160226,
            9.6968656
          ],
          [
            76.4161299,
            9.696863
          ],
          [
            76.4162399,
            9.696863
          ],
          [
            76.4163204,
            9.696863
          ],
          [
            76.4165135,
            9.6968603
          ],
          [
            76.4166449,
            9.6968471
          ],
          [
            76.4167629,
            9.6968418
          ],
          [
            76.4168783,
            9.6968418
          ],
          [
            76.4169292,
            9.6968418
          ],
          [
            76.4170687,
            9.6968577
          ],
          [
            76.4171599,
            9.6968577
          ],
          [
            76.4173128,
            9.6968577
          ],
          [
            76.417412,
            9.6968577
          ],
          [
            76.4174844,
            9.6968709
          ],
          [
            76.4175542,
            9.6968709
          ],
          [
            76.417581,
            9.6968048
          ],
          [
            76.4175971,
            9.696744
          ],
          [
            76.4176024,
            9.6966806
          ],
          [
            76.4176051,
            9.6965986
          ],
          [
            76.4176132,
            9.6965246
          ],
          [
            76.4176534,
            9.6964505
          ],
          [
            76.4176802,
            9.6963977
          ],
          [
            76.417699,
            9.6963501
          ],
          [
            76.417699,
            9.6962205
          ],
          [
            76.4178519,
            9.6949806
          ]
        ]
      }
    },
    {
      "type": "Feature",
      "properties": {
        "name": "aratt kadav road",
        "highway": "residential",
        "surface": "asphalt",
        "osm_id": 802966744
      },
      "geometry": {
        "type": "LineString",
        "coordinates": [
          [
            76.4144348,
            9.6968815
          ],
          [
            76.4144482,
            9.6968445
          ],
          [
            76.4144884,
            9.6968075
          ],
          [
            76.4145041,
            9.696773
          ],
          [
            76.4145286,
            9.696707
          ],
          [
            76.4145662,
            9.6966409
          ],
          [
            76.414644,
            9.6965431
          ],
          [
            76.4146788,
            9.6964823
          ],
          [
            76.4147137,
            9.696403
          ],
          [
            76.4147191,
            9.6963527
          ],
          [
            76.4147191,
            9.6962972
          ],
          [
            76.4147191,
            9.6962337
          ],
          [
            76.4147083,
            9.696165
          ],
          [
            76.4147083,
            9.6961042
          ],
          [
            76.414711,
            9.6960222
          ],
          [
            76.4147083,
            9.6959746
          ],
          [
            76.4147083,
            9.6959482
          ],
          [
            76.4147083,
            9.6958821
          ],
          [
            76.4147325,
            9.6957578
          ],
          [
            76.4147459,
            9.6956917
          ],
          [
            76.4147539,
            9.6956468
          ],
          [
            76.4147674,
            9.6955886
          ],
          [
            76.4147915,
            9.6954987
          ],
          [
            76.4148022,
            9.6953507
          ],
          [
            76.4148827,
            9.6952529
          ],
          [
            76.4148827,
            9.6951683
          ],
          [
            76.4148907,
            9.6950995
          ],
          [
            76.4149095,
            9.6950176
          ],
          [
            76.4149256,
            9.6949488
          ],
          [
            76.414998,
            9.6947347
          ],
          [
            76.4150222,
            9.6946606
          ],
          [
            76.4150517,
            9.6945654
          ],
          [
            76.4150678,
            9.6944068
          ],
          [
            76.4150919,
            9.6943011
          ],
          [
            76.4151053,
            9.6942429
          ],
          [
            76.4151134,
            9.6941794
          ],
          [
            76.4151295,
            9.6941133
          ],
          [
            76.4151348,
            9.6940234
          ],
          [
            76.4151616,
            9.6939759
          ],
          [
            76.4151992,
            9.693915
          ],
          [
            76.4152072,
            9.6938833
          ],
          [
            76.4152448,
            9.6938304
          ],
          [
            76.4152636,
            9.6937908
          ],
          [
            76.4152448,
            9.6937035
          ],
          [
            76.4152448,
            9.6936718
          ],
          [
            76.4152323,
            9.6935161
          ],
          [
            76.4152502,
            9.6934286
          ],
          [
            76.4152502,
            9.6932911
          ],
          [
            76.4152502,
            9.6932488
          ],
          [
            76.4152502,
            9.6932065
          ],
          [
            76.4152636,
            9.6931166
          ],
          [
            76.4152797,
            9.6930318
          ],
          [
            76.4152808,
            9.693004
          ],
          [
            76.4152876,
            9.692915
          ],
          [
            76.4153047,
            9.6928683
          ],
          [
            76.4153559,
            9.6928627
          ],
          [
            76.4154393,
            9.6928627
          ],
          [
            76.4154886,
            9.6928627
          ],
          [
            76.4155304,
            9.6928627
          ],
          [
            76.4156176,
            9.692872
          ],
          [
            76.4156707,
            9.6928926
          ],
          [
            76.4156897,
            9.6929019
          ],
          [
            76.4157181,
            9.6929188
          ],
          [
            76.4157485,
            9.6929374
          ],
          [
            76.4157997,
            9.6929543
          ],
          [
            76.4158471,
            9.6929674
          ],
          [
            76.4159315,
            9.6929743
          ],
          [
            76.4160254,
            9.6929743
          ],
          [
            76.4160871,
            9.6929743
          ],
          [
            76.4161863,
            9.6929875
          ],
          [
            76.4162158,
            9.6929901
          ],
          [
            76.4163097,
            9.6930007
          ],
          [
            76.4163768,
            9.6930139
          ]
        ]
      }
    },
    {
      "type": "Feature",
      "properties": {
        "name": "Residential Road",
        "highway": "residential",
        "surface": "asphalt",
        "osm_id": 802966745
      },
      "geometry": {
        "type": "LineString",
        "coordinates": [
          [
            76.4163768,
            9.6930139
          ],
          [
            76.4164331,
            9.6930218
          ],
          [
            76.4164626,
            9.6930218
          ],
          [
            76.4165688,
            9.6930192
          ],
          [
            76.4166432,
            9.6930103
          ],
          [
            76.4167267,
            9.6930103
          ],
          [
            76.4168146,
            9.6930103
          ],
          [
            76.4169229,
            9.6930259
          ],
          [
            76.4169883,
            9.6930325
          ],
          [
            76.4170515,
            9.693037
          ],
          [
            76.4171259,
            9.6930392
          ],
          [
            76.4173289,
            9.6930392
          ],
          [
            76.4174394,
            9.6930392
          ],
          [
            76.4175409,
            9.6930325
          ],
          [
            76.4176244,
            9.6930325
          ],
          [
            76.4176785,
            9.6930303
          ],
          [
            76.4177529,
            9.6930303
          ],
          [
            76.4177958,
            9.6930148
          ],
          [
            76.4178476,
            9.6930348
          ],
          [
            76.4179288,
            9.6930348
          ],
          [
            76.4179785,
            9.6930348
          ],
          [
            76.4180416,
            9.6930437
          ],
          [
            76.41808,
            9.6930748
          ],
          [
            76.4180957,
            9.6931126
          ],
          [
            76.4181048,
            9.693157
          ],
          [
            76.4181138,
            9.6932171
          ],
          [
            76.4181228,
            9.6932704
          ],
          [
            76.4181544,
            9.693306
          ],
          [
            76.4181927,
            9.6933238
          ],
          [
            76.4182288,
            9.693326
          ],
          [
            76.4183348,
            9.6933282
          ],
          [
            76.4184386,
            9.6933216
          ],
          [
            76.4185671,
            9.6933082
          ],
          [
            76.4187949,
            9.6932993
          ],
          [
            76.4188919,
            9.6932882
          ],
          [
            76.4189866,
            9.6932927
          ],
          [
            76.4190904,
            9.6932927
          ],
          [
            76.419246,
            9.693306
          ],
          [
            76.4193137,
            9.6933149
          ],
          [
            76.4194017,
            9.6933149
          ],
          [
            76.4194716,
            9.6933149
          ],
          [
            76.4195686,
            9.6933149
          ],
          [
            76.4196137,
            9.6933171
          ],
          [
            76.4197039,
            9.6933371
          ],
          [
            76.4197282,
            9.6934161
          ]
        ]
      }
    },
    {
      "type": "Feature",
      "properties": {
        "name": "Residential Road",
        "highway": "residential",
        "surface": "asphalt",
        "osm_id": 802966746
      },
      "geometry": {
        "type": "LineString",
        "coordinates": [
          [
            76.4209202,
            9.6949297
          ],
          [
            76.4209534,
            9.6948712
          ],
          [
            76.4209715,
            9.6947711
          ],
          [
            76.4209669,
            9.6947022
          ],
          [
            76.4209579,
            9.6946466
          ],
          [
            76.4209579,
            9.694611
          ],
          [
            76.4209489,
            9.6945466
          ],
          [
            76.4209489,
            9.6945132
          ],
          [
            76.4209512,
            9.6944576
          ],
          [
            76.4209624,
            9.6943665
          ]
        ]
      }
    },
    {
      "type": "Feature",
      "properties": {
        "name": "Residential Road",
        "highway": "residential",
        "surface": "asphalt",
        "osm_id": 802966747
      },
      "geometry": {
        "type": "LineString",
        "coordinates": [
          [
            76.4221034,
            9.6984313
          ],
          [
            76.4221045,
            9.6985199
          ],
          [
            76.4221045,
            9.6985675
          ],
          [
            76.4220938,
            9.6986574
          ],
          [
            76.4220455,
            9.6986997
          ],
          [
            76.4219516,
            9.6987261
          ],
          [
            76.421788,
            9.6987287
          ],
          [
            76.4216458,
            9.6987235
          ],
          [
            76.4215493,
            9.6987155
          ],
          [
            76.4214768,
            9.6986917
          ],
          [
            76.4213857,
            9.6986812
          ],
          [
            76.4212757,
            9.6986679
          ],
          [
            76.4211147,
            9.6986441
          ],
          [
            76.4209833,
            9.6986389
          ],
          [
            76.4208921,
            9.6986389
          ],
          [
            76.4208304,
            9.6986415
          ],
          [
            76.4207308,
            9.6986702
          ],
          [
            76.42071,
            9.6986702
          ],
          [
            76.4206223,
            9.698656
          ],
          [
            76.4205888,
            9.6986324
          ],
          [
            76.4204834,
            9.6986045
          ],
          [
            76.4203886,
            9.6985821
          ],
          [
            76.4202861,
            9.6985466
          ],
          [
            76.4201951,
            9.6985447
          ],
          [
            76.4201041,
            9.6985353
          ]
        ]
      }
    },
    {
      "type": "Feature",
      "properties": {
        "name": "Residential Road",
        "highway": "residential",
        "surface": "asphalt",
        "osm_id": 802966748
      },
      "geometry": {
        "type": "LineString",
        "coordinates": [
          [
            76.4201041,
            9.6985353
          ],
          [
            76.4200775,
            9.6985925
          ],
          [
            76.4200566,
            9.6986411
          ],
          [
            76.4200168,
            9.6986879
          ],
          [
            76.419958,
            9.6987346
          ],
          [
            76.4199087,
            9.6987365
          ],
          [
            76.4198442,
            9.6987365
          ],
          [
            76.4197873,
            9.6987365
          ],
          [
            76.4197172,
            9.6987365
          ],
          [
            76.4196489,
            9.6987328
          ],
          [
            76.4195711,
            9.6987234
          ],
          [
            76.4194839,
            9.6987197
          ],
          [
            76.4194384,
            9.6987103
          ],
          [
            76.4193839,
            9.6987047
          ]
        ]
      }
    },
    {
      "type": "Feature",
      "properties": {
        "name": "Residential Road",
        "highway": "residential",
        "surface": "asphalt",
        "osm_id": 802966749
      },
      "geometry": {
        "type": "LineString",
        "coordinates": [
          [
            76.4220455,
            9.6986997
          ],
          [
            76.422085,
            9.6987231
          ],
          [
            76.4221594,
            9.6987231
          ],
          [
            76.422209,
            9.6987164
          ],
          [
            76.422306,
            9.6987075
          ],
          [
            76.4223917,
            9.6987075
          ],
          [
            76.4224887,
            9.6987075
          ],
          [
            76.4225541,
            9.6987075
          ],
          [
            76.4226511,
            9.6987075
          ],
          [
            76.4226736,
            9.6987075
          ],
          [
            76.4227729,
            9.6987053
          ],
          [
            76.4228789,
            9.6986986
          ],
          [
            76.4229533,
            9.6986898
          ],
          [
            76.4230165,
            9.6986898
          ],
          [
            76.4230909,
            9.698692
          ],
          [
            76.4231924,
            9.698692
          ],
          [
            76.4233412,
            9.6986898
          ],
          [
            76.4234224,
            9.6986653
          ],
          [
            76.4234542,
            9.6986607
          ],
          [
            76.42356,
            9.6986453
          ],
          [
            76.4236751,
            9.6986342
          ],
          [
            76.423736,
            9.6986342
          ],
          [
            76.423842,
            9.6986475
          ],
          [
            76.4240337,
            9.6986831
          ],
          [
            76.4241329,
            9.6987098
          ],
          [
            76.4242299,
            9.6987342
          ],
          [
            76.4243066,
            9.6987631
          ],
          [
            76.4243472,
            9.698772
          ],
          [
            76.4244374,
            9.6988076
          ],
          [
            76.4244983,
            9.6988276
          ],
          [
            76.4246066,
            9.6988454
          ],
          [
            76.4246584,
            9.6988543
          ],
          [
            76.4247532,
            9.6988543
          ],
          [
            76.424816,
            9.6988627
          ],
          [
            76.4248607,
            9.6988596
          ],
          [
            76.4248974,
            9.6988533
          ],
          [
            76.4249373,
            9.6988328
          ],
          [
            76.4249628,
            9.6988187
          ],
          [
            76.4249947,
            9.6987967
          ],
          [
            76.4250393,
            9.6987684
          ],
          [
            76.4250712,
            9.6987479
          ],
          [
            76.4251159,
            9.6987322
          ],
          [
            76.4251813,
            9.6987181
          ],
          [
            76.4253268,
            9.6986871
          ],
          [
            76.4254555,
            9.6986713
          ],
          [
            76.425595,
            9.6986686
          ],
          [
            76.425705,
            9.6986766
          ],
          [
            76.4257881,
            9.6986818
          ],
          [
            76.4258686,
            9.6986818
          ],
          [
            76.425941,
            9.6986845
          ],
          [
            76.4260241,
            9.6986739
          ],
          [
            76.4261636,
            9.6986951
          ],
          [
            76.4262441,
            9.6987717
          ],
          [
            76.4263058,
            9.6988511
          ],
          [
            76.4263782,
            9.6988643
          ],
          [
            76.4264452,
            9.6988828
          ],
          [
            76.4265069,
            9.6988986
          ],
          [
            76.4265847,
            9.6989145
          ],
          [
            76.4266732,
            9.6989251
          ],
          [
            76.4266759,
            9.6990256
          ],
          [
            76.4266652,
            9.6990467
          ],
          [
            76.426641,
            9.6991736
          ],
          [
            76.4266142,
            9.6992952
          ],
          [
            76.4266008,
            9.6993798
          ],
          [
            76.4265767,
            9.6994909
          ]
        ]
      }
    },
    {
      "type": "Feature",
      "properties": {
        "name": "Residential Road",
        "highway": "residential",
        "surface": "asphalt",
        "osm_id": 802973421
      },
      "geometry": {
        "type": "LineString",
        "coordinates": [
          [
            76.4320337,
            9.7007317
          ],
          [
            76.4321026,
            9.7007185
          ],
          [
            76.4321536,
            9.7007291
          ],
          [
            76.4321938,
            9.700745
          ],
          [
            76.4322341,
            9.7007582
          ],
          [
            76.4322555,
            9.7007608
          ],
          [
            76.4323118,
            9.700782
          ],
          [
            76.4323521,
            9.7007925
          ],
          [
            76.4323816,
            9.7008005
          ],
          [
            76.4324218,
            9.7008163
          ],
          [
            76.4324486,
            9.7008243
          ],
          [
            76.4325854,
            9.7008613
          ],
          [
            76.432631,
            9.7008719
          ],
          [
            76.4327115,
            9.7008877
          ],
          [
            76.4327705,
            9.7009009
          ],
          [
            76.4328536,
            9.7009142
          ],
          [
            76.4329448,
            9.7009274
          ],
          [
            76.4330038,
            9.7009327
          ],
          [
            76.4331621,
            9.7009327
          ],
          [
            76.4332533,
            9.7009327
          ],
          [
            76.4333552,
            9.7009327
          ],
          [
            76.4334759,
            9.7009062
          ],
          [
            76.4335188,
            9.7009089
          ],
          [
            76.4336288,
            9.7009089
          ],
          [
            76.4336932,
            9.7009089
          ],
          [
            76.4338031,
            9.7009089
          ],
          [
            76.4338809,
            9.7009221
          ],
          [
            76.4340526,
            9.7009591
          ],
          [
            76.4342484,
            9.7010093
          ],
          [
            76.4343986,
            9.7010226
          ],
          [
            76.4344496,
            9.7010464
          ],
          [
            76.4344925,
            9.7010728
          ]
        ]
      }
    },
    {
      "type": "Feature",
      "properties": {
        "name": "Residential Road",
        "highway": "residential",
        "surface": "asphalt",
        "osm_id": 802973423
      },
      "geometry": {
        "type": "LineString",
        "coordinates": [
          [
            76.4312036,
            9.7035285
          ],
          [
            76.4312738,
            9.7035607
          ],
          [
            76.431365,
            9.703595
          ],
          [
            76.4314938,
            9.7036347
          ],
          [
            76.4316171,
            9.7036505
          ],
          [
            76.4317325,
            9.7036664
          ],
          [
            76.4318129,
            9.7036955
          ],
          [
            76.4319122,
            9.7037299
          ],
          [
            76.4319739,
            9.7037457
          ],
          [
            76.4320597,
            9.7037748
          ],
          [
            76.4321536,
            9.703796
          ],
          [
            76.4322206,
            9.7038197
          ],
          [
            76.4323118,
            9.7038462
          ],
          [
            76.4323574,
            9.7038515
          ],
          [
            76.4324218,
            9.7038647
          ],
          [
            76.4325479,
            9.7038832
          ],
          [
            76.4326283,
            9.7038938
          ],
          [
            76.4327008,
            9.7039044
          ],
          [
            76.4327785,
            9.7039176
          ],
          [
            76.4328376,
            9.7039308
          ],
          [
            76.4329609,
            9.7039493
          ],
          [
            76.4330146,
            9.7039652
          ],
          [
            76.4331111,
            9.703989
          ],
          [
            76.4332077,
            9.7040075
          ],
          [
            76.4332748,
            9.7040286
          ],
          [
            76.433323,
            9.7040365
          ],
          [
            76.433425,
            9.7040577
          ],
          [
            76.433484,
            9.7040603
          ],
          [
            76.4335349,
            9.7040762
          ],
          [
            76.4336288,
            9.7040841
          ],
          [
            76.4337763,
            9.7041
          ],
          [
            76.4339963,
            9.7041529
          ],
          [
            76.4341545,
            9.7041714
          ],
          [
            76.4342511,
            9.7041846
          ],
          [
            76.4344013,
            9.7042057
          ],
          [
            76.4345113,
            9.7042322
          ],
          [
            76.43464,
            9.7042322
          ],
          [
            76.4347124,
            9.7042481
          ]
        ]
      }
    },
    {
      "type": "Feature",
      "properties": {
        "name": "Residential Road",
        "highway": "residential",
        "surface": "asphalt",
        "osm_id": 802973425
      },
      "geometry": {
        "type": "LineString",
        "coordinates": [
          [
            76.4280566,
            9.7126964
          ],
          [
            76.427997,
            9.7127025
          ],
          [
            76.4279021,
            9.7126875
          ],
          [
            76.4277921,
            9.7127277
          ],
          [
            76.427692,
            9.7127427
          ],
          [
            76.4275972,
            9.7127002
          ],
          [
            76.4274508,
            9.7126471
          ],
          [
            76.4272876,
            9.7125903
          ],
          [
            76.4271397,
            9.7125455
          ],
          [
            76.4270714,
            9.7125305
          ],
          [
            76.4269235,
            9.7124857
          ],
          [
            76.4267718,
            9.7124557
          ],
          [
            76.4266693,
            9.7124445
          ],
          [
            76.4265745,
            9.7124221
          ],
          [
            76.4264342,
            9.7123585
          ],
          [
            76.4261117,
            9.7122875
          ],
          [
            76.4259335,
            9.7122426
          ],
          [
            76.4258272,
            9.712209
          ],
          [
            76.425539,
            9.7121342
          ],
          [
            76.4254214,
            9.7120819
          ],
          [
            76.4250231,
            9.7119884
          ],
          [
            76.4248183,
            9.7119622
          ],
          [
            76.4247424,
            9.7119286
          ],
          [
            76.4246514,
            9.7119211
          ],
          [
            76.4246279,
            9.7117972
          ]
        ]
      }
    },
    {
      "type": "Feature",
      "properties": {
        "name": "Tertiary Road",
        "highway": "tertiary",
        "surface": "asphalt",
        "osm_id": 802973433
      },
      "geometry": {
        "type": "LineString",
        "coordinates": [
          [
            76.4254407,
            9.7208719
          ],
          [
            76.4256931,
            9.720922
          ],
          [
            76.4260322,
            9.7209816
          ],
          [
            76.4263998,
            9.7210747
          ],
          [
            76.4265744,
            9.7211189
          ],
          [
            76.4267356,
            9.7211686
          ],
          [
            76.427083,
            9.7211785
          ],
          [
            76.4275816,
            9.7211851
          ],
          [
            76.4279039,
            9.7212265
          ],
          [
            76.4282312,
            9.7212877
          ],
          [
            76.4283262,
            9.7213399
          ],
          [
            76.4286979,
            9.7215442
          ],
          [
            76.4290487,
            9.7217195
          ],
          [
            76.4293123,
            9.7218866
          ],
          [
            76.4295456,
            9.7219975
          ],
          [
            76.4298461,
            9.7221067
          ],
          [
            76.4301281,
            9.7221812
          ],
          [
            76.4303581,
            9.7222324
          ],
          [
            76.4307257,
            9.7222771
          ],
          [
            76.4309255,
            9.7223135
          ]
        ]
      }
    },
    {
      "type": "Feature",
      "properties": {
        "name": "Tertiary Road",
        "highway": "tertiary",
        "surface": "asphalt",
        "osm_id": 802973434
      },
      "geometry": {
        "type": "LineString",
        "coordinates": [
          [
            76.4252516,
            9.7208344
          ],
          [
            76.4254407,
            9.7208719
          ]
        ]
      }
    },
    {
      "type": "Feature",
      "properties": {
        "name": "Unclassified Road",
        "highway": "unclassified",
        "surface": "asphalt",
        "osm_id": 803543435
      },
      "geometry": {
        "type": "LineString",
        "coordinates": [
          [
            76.4201838,
            9.6845302
          ],
          [
            76.4204744,
            9.6845449
          ],
          [
            76.4207055,
            9.6845753
          ],
          [
            76.420918,
            9.6845996
          ],
          [
            76.4209797,
            9.6843293
          ],
          [
            76.421029,
            9.6842776
          ],
          [
            76.421106,
            9.684226
          ],
          [
            76.4211984,
            9.6842169
          ],
          [
            76.421334,
            9.684226
          ],
          [
            76.4214603,
            9.6842442
          ],
          [
            76.4216298,
            9.6842594
          ],
          [
            76.4218331,
            9.6842807
          ]
        ]
      }
    },
    {
      "type": "Feature",
      "properties": {
        "name": "Residential Road",
        "highway": "residential",
        "surface": "asphalt",
        "osm_id": 843582739
      },
      "geometry": {
        "type": "LineString",
        "coordinates": [
          [
            76.4137902,
            9.7345127
          ],
          [
            76.4140494,
            9.7343976
          ],
          [
            76.4142112,
            9.7343733
          ],
          [
            76.4143976,
            9.7343612
          ],
          [
            76.4145362,
            9.7342731
          ],
          [
            76.4147211,
            9.7341106
          ],
          [
            76.4150264,
            9.7339892
          ]
        ]
      }
    },
    {
      "type": "Feature",
      "properties": {
        "name": "Unclassified Road",
        "highway": "unclassified",
        "surface": "asphalt",
        "osm_id": 849389709
      },
      "geometry": {
        "type": "LineString",
        "coordinates": [
          [
            76.4854585,
            9.6942322
          ],
          [
            76.4854672,
            9.6942842
          ],
          [
            76.4855182,
            9.694535
          ],
          [
            76.4855861,
            9.6948944
          ],
          [
            76.4856117,
            9.6950743
          ],
          [
            76.485604,
            9.6951101
          ],
          [
            76.4855638,
            9.6951468
          ],
          [
            76.4855311,
            9.6951775
          ],
          [
            76.4854921,
            9.6952225
          ],
          [
            76.4854984,
            9.6952846
          ],
          [
            76.4855316,
            9.6955453
          ],
          [
            76.4855753,
            9.6959216
          ],
          [
            76.4856174,
            9.6961195
          ],
          [
            76.4856637,
            9.696428
          ],
          [
            76.4858079,
            9.6969377
          ],
          [
            76.4858776,
            9.6971995
          ],
          [
            76.4858857,
            9.6974268
          ],
          [
            76.4858776,
            9.6976886
          ],
          [
            76.4859071,
            9.6977679
          ],
          [
            76.4859715,
            9.697789
          ],
          [
            76.4862102,
            9.6977362
          ],
          [
            76.4863256,
            9.6977282
          ],
          [
            76.4863846,
            9.6977811
          ],
          [
            76.4864328,
            9.697908
          ],
          [
            76.4864677,
            9.6980852
          ],
          [
            76.4865562,
            9.6982041
          ],
          [
            76.4866018,
            9.6983998
          ],
          [
            76.4866447,
            9.6987144
          ],
          [
            76.4866474,
            9.6992723
          ],
          [
            76.4866689,
            9.6999094
          ],
          [
            76.4866716,
            9.7000601
          ],
          [
            76.4866796,
            9.7004752
          ],
          [
            76.4866421,
            9.7006365
          ],
          [
            76.4864972,
            9.7006999
          ],
          [
            76.4864516,
            9.7007581
          ],
          [
            76.4864409,
            9.7009458
          ],
          [
            76.4864463,
            9.7011045
          ]
        ]
      }
    },
    {
      "type": "Feature",
      "properties": {
        "name": "Unclassified Road",
        "highway": "unclassified",
        "surface": "asphalt",
        "osm_id": 849465079
      },
      "geometry": {
        "type": "LineString",
        "coordinates": [
          [
            76.4175407,
            9.7237377
          ],
          [
            76.417563,
            9.7236246
          ],
          [
            76.417582,
            9.7234612
          ],
          [
            76.4176009,
            9.7233165
          ],
          [
            76.4176436,
            9.7231764
          ],
          [
            76.4177146,
            9.7231204
          ],
          [
            76.4177904,
            9.7231297
          ],
          [
            76.4178079,
            9.7230774
          ],
          [
            76.4178769,
            9.723091
          ],
          [
            76.4179322,
            9.7230774
          ],
          [
            76.4179644,
            9.7230049
          ],
          [
            76.4179828,
            9.7229504
          ],
          [
            76.4180035,
            9.7228869
          ],
          [
            76.4180173,
            9.7228529
          ],
          [
            76.4180863,
            9.7228665
          ],
          [
            76.4181231,
            9.7228756
          ],
          [
            76.4181577,
            9.7228325
          ],
          [
            76.4181692,
            9.7227803
          ],
          [
            76.4181922,
            9.7227146
          ],
          [
            76.4182037,
            9.7226443
          ],
          [
            76.4182157,
            9.7225751
          ],
          [
            76.4182263,
            9.7225277
          ],
          [
            76.418237,
            9.7224738
          ],
          [
            76.418249,
            9.7224265
          ],
          [
            76.4182583,
            9.7223674
          ],
          [
            76.4182663,
            9.7223043
          ],
          [
            76.4182703,
            9.722253
          ],
          [
            76.418277,
            9.7221873
          ],
          [
            76.418281,
            9.7221308
          ],
          [
            76.4182783,
            9.7220861
          ],
          [
            76.4182823,
            9.7220361
          ],
          [
            76.4182877,
            9.721973
          ],
          [
            76.418293,
            9.7219191
          ],
          [
            76.4182957,
            9.7218481
          ],
          [
            76.4182997,
            9.7217877
          ],
          [
            76.418309,
            9.7217259
          ],
          [
            76.418313,
            9.7216746
          ],
          [
            76.418321,
            9.7216247
          ],
          [
            76.418337,
            9.7215695
          ],
          [
            76.4183477,
            9.7215143
          ],
          [
            76.4183597,
            9.7214407
          ],
          [
            76.418365,
            9.7213947
          ],
          [
            76.4183677,
            9.7213421
          ],
          [
            76.418369,
            9.7212829
          ],
          [
            76.418369,
            9.7212356
          ],
          [
            76.4183744,
            9.7211949
          ],
          [
            76.4183757,
            9.7211436
          ],
          [
            76.4183877,
            9.721066
          ],
          [
            76.4184317,
            9.7210634
          ],
          [
            76.418473,
            9.7210726
          ],
          [
            76.4185277,
            9.7210805
          ],
          [
            76.4186037,
            9.7210923
          ],
          [
            76.4186371,
            9.7210989
          ],
          [
            76.4186811,
            9.7211055
          ],
          [
            76.4187264,
            9.7211107
          ],
          [
            76.4187771,
            9.7211226
          ],
          [
            76.4188491,
            9.7211318
          ],
          [
            76.4188971,
            9.7211462
          ],
          [
            76.4189452,
            9.721158
          ],
          [
            76.4189825,
            9.7211672
          ],
          [
            76.4190372,
            9.7211764
          ],
          [
            76.4190772,
            9.7211883
          ],
          [
            76.4191305,
            9.7212014
          ],
          [
            76.4191785,
            9.7212119
          ],
          [
            76.4192212,
            9.721229
          ],
          [
            76.4192572,
            9.721233
          ],
          [
            76.4192959,
            9.7212461
          ],
          [
            76.4193359,
            9.7212579
          ],
          [
            76.4193679,
            9.7212619
          ],
          [
            76.4194053,
            9.721275
          ]
        ]
      }
    },
    {
      "type": "Feature",
      "properties": {
        "name": "Unclassified Road",
        "highway": "unclassified",
        "surface": "asphalt",
        "osm_id": 849465080
      },
      "geometry": {
        "type": "LineString",
        "coordinates": [
          [
            76.4183877,
            9.721066
          ],
          [
            76.4183504,
            9.7210555
          ],
          [
            76.4183143,
            9.7210516
          ],
          [
            76.418269,
            9.7210463
          ],
          [
            76.4182037,
            9.7210397
          ],
          [
            76.4181543,
            9.7210332
          ],
          [
            76.418109,
            9.7210253
          ],
          [
            76.418053,
            9.72102
          ]
        ]
      }
    },
    {
      "type": "Feature",
      "properties": {
        "name": "Unclassified Road",
        "highway": "unclassified",
        "surface": "asphalt",
        "osm_id": 849465081
      },
      "geometry": {
        "type": "LineString",
        "coordinates": [
          [
            76.4181231,
            9.7228756
          ],
          [
            76.4181379,
            9.7229194
          ],
          [
            76.4181776,
            9.722938
          ],
          [
            76.4182418,
            9.7229529
          ],
          [
            76.4182984,
            9.7229491
          ],
          [
            76.4183683,
            9.7229473
          ],
          [
            76.4184268,
            9.7229454
          ],
          [
            76.4185023,
            9.7229454
          ],
          [
            76.4185892,
            9.7229436
          ],
          [
            76.4186685,
            9.7229417
          ],
          [
            76.4187326,
            9.722938
          ],
          [
            76.4187968,
            9.7229305
          ],
          [
            76.4188724,
            9.7229156
          ],
          [
            76.4189366,
            9.7229026
          ],
          [
            76.4190083,
            9.7228933
          ],
          [
            76.4190593,
            9.7228821
          ],
          [
            76.4191254,
            9.7228654
          ],
          [
            76.4191839,
            9.7228431
          ],
          [
            76.4192311,
            9.7228114
          ],
          [
            76.4192643,
            9.7227859
          ],
          [
            76.4192956,
            9.7227657
          ],
          [
            76.4193236,
            9.7227392
          ],
          [
            76.4193495,
            9.7227147
          ],
          [
            76.4193818,
            9.7226914
          ],
          [
            76.4194109,
            9.7226574
          ],
          [
            76.4194443,
            9.7226329
          ],
          [
            76.4194788,
            9.7226011
          ],
          [
            76.4195122,
            9.7225788
          ],
          [
            76.4195337,
            9.7225586
          ],
          [
            76.4195618,
            9.7225384
          ],
          [
            76.4195963,
            9.7225119
          ],
          [
            76.4196286,
            9.7224895
          ],
          [
            76.4196566,
            9.7224651
          ],
          [
            76.4196857,
            9.722446
          ],
          [
            76.4197148,
            9.7224343
          ],
          [
            76.419759,
            9.7224375
          ],
          [
            76.4197967,
            9.7224375
          ],
          [
            76.4198506,
            9.7224407
          ],
          [
            76.4198915,
            9.7224407
          ],
          [
            76.4199293,
            9.7224407
          ],
          [
            76.4199562,
            9.7224428
          ],
          [
            76.4199928,
            9.7224428
          ],
          [
            76.4200252,
            9.7224439
          ],
          [
            76.4200629,
            9.7224343
          ],
          [
            76.4201038,
            9.7224088
          ],
          [
            76.4201351,
            9.7223908
          ],
          [
            76.4201685,
            9.7223801
          ]
        ]
      }
    },
    {
      "type": "Feature",
      "properties": {
        "name": "Residential Road",
        "highway": "residential",
        "surface": "asphalt",
        "osm_id": 855289729
      },
      "geometry": {
        "type": "LineString",
        "coordinates": [
          [
            76.4875287,
            9.7257562
          ],
          [
            76.4876614,
            9.7249258
          ],
          [
            76.4877286,
            9.7242232
          ],
          [
            76.4878029,
            9.7239821
          ],
          [
            76.4877179,
            9.723624
          ]
        ]
      }
    },
    {
      "type": "Feature",
      "properties": {
        "name": "Unclassified Road",
        "highway": "unclassified",
        "surface": "asphalt",
        "osm_id": 855299151
      },
      "geometry": {
        "type": "LineString",
        "coordinates": [
          [
            76.4897346,
            9.7268387
          ],
          [
            76.4900487,
            9.7260362
          ],
          [
            76.4900569,
            9.7256939
          ],
          [
            76.4899885,
            9.7254459
          ],
          [
            76.4899961,
            9.7252255
          ],
          [
            76.4900545,
            9.7235393
          ],
          [
            76.4900901,
            9.7233737
          ],
          [
            76.4901868,
            9.7232282
          ],
          [
            76.4906959,
            9.7230175
          ],
          [
            76.4907658,
            9.7230543
          ],
          [
            76.4908231,
            9.7231702
          ],
          [
            76.4909333,
            9.7231977
          ],
          [
            76.4917436,
            9.722911
          ]
        ]
      }
    },
    {
      "type": "Feature",
      "properties": {
        "name": "Residential Road",
        "highway": "residential",
        "surface": "asphalt",
        "osm_id": 855299904
      },
      "geometry": {
        "type": "LineString",
        "coordinates": [
          [
            76.4888343,
            9.7262822
          ],
          [
            76.4885473,
            9.7265889
          ],
          [
            76.488462,
            9.7267407
          ],
          [
            76.4883625,
            9.7269345
          ],
          [
            76.4883483,
            9.7272146
          ],
          [
            76.488333,
            9.7274934
          ],
          [
            76.4883225,
            9.7276113
          ],
          [
            76.4882492,
            9.7284365
          ]
        ]
      }
    },
    {
      "type": "Feature",
      "properties": {
        "name": "Unclassified Road",
        "highway": "unclassified",
        "surface": "asphalt",
        "osm_id": 855300296
      },
      "geometry": {
        "type": "LineString",
        "coordinates": [
          [
            76.4894497,
            9.7289841
          ],
          [
            76.488468,
            9.7284987
          ],
          [
            76.4882492,
            9.7284365
          ],
          [
            76.4880682,
            9.7283963
          ],
          [
            76.4871549,
            9.7281936
          ],
          [
            76.4861504,
            9.7281792
          ]
        ]
      }
    },
    {
      "type": "Feature",
      "properties": {
        "name": "Unclassified Road",
        "highway": "unclassified",
        "surface": "asphalt",
        "osm_id": 870735633
      },
      "geometry": {
        "type": "LineString",
        "coordinates": [
          [
            76.502052,
            9.7368121
          ],
          [
            76.5021501,
            9.7368076
          ],
          [
            76.5027771,
            9.7367046
          ],
          [
            76.5031376,
            9.7367719
          ],
          [
            76.503129,
            9.7368475
          ],
          [
            76.5033637,
            9.7369169
          ],
          [
            76.5035023,
            9.7369505
          ],
          [
            76.50369,
            9.7369274
          ],
          [
            76.5040291,
            9.7368307
          ],
          [
            76.5042147,
            9.7371082
          ],
          [
            76.5043704,
            9.7375791
          ]
        ]
      }
    },
    {
      "type": "Feature",
      "properties": {
        "name": "Unclassified Road",
        "highway": "unclassified",
        "surface": "asphalt",
        "osm_id": 870735634
      },
      "geometry": {
        "type": "LineString",
        "coordinates": [
          [
            76.5002945,
            9.7367928
          ],
          [
            76.5010985,
            9.736774
          ],
          [
            76.5015998,
            9.7368328
          ],
          [
            76.5019649,
            9.7368161
          ]
        ]
      }
    },
    {
      "type": "Feature",
      "properties": {
        "name": "Unclassified Road",
        "highway": "unclassified",
        "surface": "asphalt",
        "osm_id": 870735635
      },
      "geometry": {
        "type": "LineString",
        "coordinates": [
          [
            76.5019649,
            9.7368161
          ],
          [
            76.502052,
            9.7368121
          ]
        ]
      }
    },
    {
      "type": "Feature",
      "properties": {
        "name": "Unclassified Road",
        "highway": "unclassified",
        "surface": "ground",
        "osm_id": 870738383
      },
      "geometry": {
        "type": "LineString",
        "coordinates": [
          [
            76.5093567,
            9.7360333
          ],
          [
            76.5102417,
            9.7354523
          ],
          [
            76.5104384,
            9.7353492
          ],
          [
            76.5107187,
            9.7351472
          ],
          [
            76.510999,
            9.7349451
          ]
        ]
      }
    },
    {
      "type": "Feature",
      "properties": {
        "name": "Secondary Road",
        "highway": "secondary",
        "surface": "asphalt",
        "osm_id": 871041503
      },
      "geometry": {
        "type": "LineString",
        "coordinates": [
          [
            76.5099761,
            9.6482496
          ],
          [
            76.5102396,
            9.648137
          ],
          [
            76.5105486,
            9.6480833
          ],
          [
            76.5109204,
            9.648078
          ],
          [
            76.5112239,
            9.6480506
          ],
          [
            76.5112919,
            9.6480203
          ],
          [
            76.5113992,
            9.6479654
          ],
          [
            76.5115674,
            9.6478144
          ],
          [
            76.5116897,
            9.6477034
          ],
          [
            76.5118008,
            9.6476659
          ],
          [
            76.5119781,
            9.6476678
          ],
          [
            76.5120782,
            9.6476802
          ],
          [
            76.5121844,
            9.6476798
          ],
          [
            76.5123229,
            9.6477055
          ],
          [
            76.5125497,
            9.6477367
          ],
          [
            76.5127025,
            9.6477643
          ],
          [
            76.5128018,
            9.6477844
          ],
          [
            76.5129486,
            9.6478055
          ],
          [
            76.51319,
            9.6477355
          ],
          [
            76.5134158,
            9.6476178
          ],
          [
            76.5140681,
            9.647269
          ],
          [
            76.5142239,
            9.6471995
          ],
          [
            76.5143366,
            9.647168
          ],
          [
            76.5144643,
            9.6471511
          ]
        ]
      }
    },
    {
      "type": "Feature",
      "properties": {
        "name": "Kallara - Kottayam Road",
        "highway": "secondary",
        "surface": "asphalt",
        "osm_id": 877757215
      },
      "geometry": {
        "type": "LineString",
        "coordinates": [
          [
            76.5057359,
            9.6800781
          ],
          [
            76.5057286,
            9.6801942
          ],
          [
            76.5057021,
            9.6807482
          ],
          [
            76.505649,
            9.6814204
          ],
          [
            76.5055764,
            9.6823053
          ],
          [
            76.5055797,
            9.6823666
          ],
          [
            76.5056698,
            9.6830093
          ],
          [
            76.5056836,
            9.6831555
          ],
          [
            76.5056886,
            9.6839918
          ],
          [
            76.505673,
            9.6845366
          ],
          [
            76.5056371,
            9.685288
          ],
          [
            76.5056157,
            9.6853903
          ],
          [
            76.5055657,
            9.6854863
          ],
          [
            76.5051753,
            9.685986
          ],
          [
            76.5049628,
            9.6862256
          ]
        ]
      }
    },
    {
      "type": "Feature",
      "properties": {
        "name": "Residential Road",
        "highway": "residential",
        "surface": "asphalt",
        "osm_id": 884079545
      },
      "geometry": {
        "type": "LineString",
        "coordinates": [
          [
            76.4263121,
            9.6657888
          ],
          [
            76.4264203,
            9.6655042
          ],
          [
            76.4264384,
            9.6654241
          ],
          [
            76.4264925,
            9.6651841
          ],
          [
            76.4265649,
            9.6648182
          ],
          [
            76.4266154,
            9.6643979
          ],
          [
            76.4267057,
            9.6640493
          ],
          [
            76.426818,
            9.6636794
          ],
          [
            76.4268837,
            9.6635765
          ],
          [
            76.4269633,
            9.6634458
          ],
          [
            76.4269926,
            9.6632874
          ]
        ]
      }
    },
    {
      "type": "Feature",
      "properties": {
        "name": "Unclassified Road",
        "highway": "unclassified",
        "surface": "asphalt",
        "osm_id": 884082437
      },
      "geometry": {
        "type": "LineString",
        "coordinates": [
          [
            76.4300655,
            9.6358134
          ],
          [
            76.4302531,
            9.6356759
          ],
          [
            76.430595,
            9.6353791
          ],
          [
            76.4308604,
            9.6351677
          ],
          [
            76.431191,
            9.6349838
          ],
          [
            76.4314269,
            9.6350007
          ],
          [
            76.4317422,
            9.6350887
          ],
          [
            76.4320405,
            9.6350529
          ],
          [
            76.4322904,
            9.6349419
          ],
          [
            76.4323765,
            9.6348714
          ],
          [
            76.4325796,
            9.6346979
          ],
          [
            76.4326888,
            9.6347346
          ],
          [
            76.4330516,
            9.6349457
          ],
          [
            76.4332275,
            9.6349318
          ],
          [
            76.4333856,
            9.6348191
          ],
          [
            76.4335496,
            9.6346254
          ],
          [
            76.433721,
            9.6345935
          ],
          [
            76.433968,
            9.6346545
          ],
          [
            76.4341728,
            9.6346742
          ],
          [
            76.4346542,
            9.6345989
          ]
        ]
      }
    },
    {
      "type": "Feature",
      "properties": {
        "name": "Residential Road",
        "highway": "residential",
        "surface": "asphalt",
        "osm_id": 886209595
      },
      "geometry": {
        "type": "LineString",
        "coordinates": [
          [
            76.4344038,
            9.6365724
          ],
          [
            76.4346899,
            9.636521
          ],
          [
            76.435427,
            9.6363567
          ],
          [
            76.4356792,
            9.6363184
          ],
          [
            76.436663,
            9.6360984
          ],
          [
            76.4371135,
            9.6359867
          ],
          [
            76.4372405,
            9.6359763
          ],
          [
            76.4372572,
            9.6360471
          ],
          [
            76.4372726,
            9.6361421
          ],
          [
            76.4372856,
            9.6361417
          ]
        ]
      }
    },
    {
      "type": "Feature",
      "properties": {
        "name": "Residential Road",
        "highway": "residential",
        "surface": "asphalt",
        "osm_id": 886209600
      },
      "geometry": {
        "type": "LineString",
        "coordinates": [
          [
            76.4816907,
            9.6299535
          ],
          [
            76.4822478,
            9.6295758
          ],
          [
            76.4824339,
            9.6295134
          ],
          [
            76.4827005,
            9.629424
          ],
          [
            76.4833824,
            9.6292344
          ],
          [
            76.4838174,
            9.6291056
          ],
          [
            76.4839407,
            9.6291067
          ],
          [
            76.4840323,
            9.6291125
          ],
          [
            76.4841422,
            9.629131
          ],
          [
            76.4842656,
            9.6291919
          ],
          [
            76.4844961,
            9.6293534
          ],
          [
            76.4847167,
            9.6295947
          ]
        ]
      }
    },
    {
      "type": "Feature",
      "properties": {
        "name": "Residential Road",
        "highway": "residential",
        "surface": "asphalt",
        "osm_id": 886209601
      },
      "geometry": {
        "type": "LineString",
        "coordinates": [
          [
            76.484822,
            9.6293917
          ],
          [
            76.4848799,
            9.6292328
          ],
          [
            76.4848846,
            9.629141
          ]
        ]
      }
    },
    {
      "type": "Feature",
      "properties": {
        "name": "Secondary Road",
        "highway": "secondary",
        "surface": "asphalt",
        "osm_id": 886217264
      },
      "geometry": {
        "type": "LineString",
        "coordinates": [
          [
            76.4938551,
            9.6190771
          ],
          [
            76.4938614,
            9.6191452
          ],
          [
            76.4938638,
            9.6191702
          ],
          [
            76.493884,
            9.6193038
          ],
          [
            76.4939014,
            9.6194301
          ],
          [
            76.4939171,
            9.6195666
          ],
          [
            76.4939363,
            9.6198719
          ],
          [
            76.4939706,
            9.6201067
          ],
          [
            76.4939967,
            9.6203055
          ],
          [
            76.4939959,
            9.6204846
          ],
          [
            76.4939817,
            9.6206157
          ],
          [
            76.4939751,
            9.6206766
          ],
          [
            76.4939471,
            9.6209354
          ],
          [
            76.4939309,
            9.6210535
          ],
          [
            76.4939288,
            9.6211087
          ],
          [
            76.4939248,
            9.6211605
          ],
          [
            76.493896,
            9.6211914
          ],
          [
            76.4938373,
            9.6212493
          ],
          [
            76.4936804,
            9.6212995
          ],
          [
            76.493439,
            9.6213445
          ],
          [
            76.4931976,
            9.6213973
          ],
          [
            76.4928905,
            9.6214754
          ],
          [
            76.4928475,
            9.6215375
          ],
          [
            76.4928502,
            9.6218443
          ],
          [
            76.4928757,
            9.6221021
          ],
          [
            76.4928744,
            9.622303
          ],
          [
            76.4928771,
            9.6226967
          ],
          [
            76.4928671,
            9.6227892
          ],
          [
            76.4928575,
            9.6229508
          ],
          [
            76.4928341,
            9.6231957
          ],
          [
            76.492816,
            9.6232642
          ],
          [
            76.492799,
            9.6232739
          ],
          [
            76.4927349,
            9.6233038
          ],
          [
            76.4924895,
            9.6233905
          ]
        ]
      }
    },
    {
      "type": "Feature",
      "properties": {
        "name": "Secondary Road",
        "highway": "secondary",
        "surface": "asphalt",
        "osm_id": 886217265
      },
      "geometry": {
        "type": "LineString",
        "coordinates": [
          [
            76.4938404,
            9.6189702
          ],
          [
            76.4938551,
            9.6190771
          ]
        ]
      }
    },
    {
      "type": "Feature",
      "properties": {
        "name": "Secondary Road",
        "highway": "secondary",
        "surface": "asphalt",
        "osm_id": 886466632
      },
      "geometry": {
        "type": "LineString",
        "coordinates": [
          [
            76.4961151,
            9.6339755
          ],
          [
            76.4961025,
            9.6338807
          ],
          [
            76.4960921,
            9.6337765
          ],
          [
            76.4960657,
            9.6336809
          ],
          [
            76.4959929,
            9.6335907
          ],
          [
            76.4959396,
            9.6334744
          ],
          [
            76.495935,
            9.6333603
          ],
          [
            76.4959579,
            9.6329103
          ],
          [
            76.4959685,
            9.6323798
          ],
          [
            76.4959416,
            9.6322657
          ],
          [
            76.4958091,
            9.6321492
          ],
          [
            76.4957018,
            9.6321019
          ],
          [
            76.495422,
            9.6319889
          ],
          [
            76.4954158,
            9.6319859
          ]
        ]
      }
    },
    {
      "type": "Feature",
      "properties": {
        "name": "Maniaparambu - Cheepunkal Road",
        "highway": "unclassified",
        "surface": "ground",
        "osm_id": 886466638
      },
      "geometry": {
        "type": "LineString",
        "coordinates": [
          [
            76.4514809,
            9.6437172
          ],
          [
            76.4513126,
            9.6437042
          ],
          [
            76.449582,
            9.6435798
          ],
          [
            76.4478765,
            9.6436002
          ],
          [
            76.4466782,
            9.6434688
          ],
          [
            76.4456119,
            9.6432833
          ],
          [
            76.4453354,
            9.6432545
          ],
          [
            76.443024,
            9.6434017
          ],
          [
            76.4421811,
            9.6434276
          ],
          [
            76.4413271,
            9.6433557
          ],
          [
            76.440787,
            9.643322
          ],
          [
            76.43977,
            9.6432525
          ],
          [
            76.4392361,
            9.6432087
          ],
          [
            76.4380197,
            9.6431046
          ],
          [
            76.4373134,
            9.6430587
          ],
          [
            76.4362474,
            9.6429809
          ],
          [
            76.4352721,
            9.6427701
          ]
        ]
      }
    },
    {
      "type": "Feature",
      "properties": {
        "name": "Unclassified Road",
        "highway": "unclassified",
        "surface": "asphalt",
        "osm_id": 886466639
      },
      "geometry": {
        "type": "LineString",
        "coordinates": [
          [
            76.4803821,
            9.6446452
          ],
          [
            76.4804113,
            9.6449258
          ],
          [
            76.4804475,
            9.6453
          ],
          [
            76.4804468,
            9.6456688
          ],
          [
            76.4804254,
            9.6459366
          ],
          [
            76.4803308,
            9.6462089
          ],
          [
            76.4801873,
            9.6465838
          ],
          [
            76.4800559,
            9.646905
          ],
          [
            76.4799727,
            9.6470055
          ],
          [
            76.4795865,
            9.6471576
          ],
          [
            76.4792722,
            9.6472758
          ],
          [
            76.478957,
            9.6473239
          ]
        ]
      }
    },
    {
      "type": "Feature",
      "properties": {
        "name": "Maniyaparambu Bridge",
        "highway": "unclassified",
        "surface": "asphalt",
        "osm_id": 886466640
      },
      "geometry": {
        "type": "LineString",
        "coordinates": [
          [
            76.478957,
            9.6473239
          ],
          [
            76.4787683,
            9.6473458
          ],
          [
            76.4785667,
            9.6473692
          ]
        ]
      }
    },
    {
      "type": "Feature",
      "properties": {
        "name": "Unclassified Road",
        "highway": "unclassified",
        "surface": "asphalt",
        "osm_id": 887429780
      },
      "geometry": {
        "type": "LineString",
        "coordinates": [
          [
            76.5061754,
            9.7081085
          ],
          [
            76.5063015,
            9.7079566
          ],
          [
            76.5063996,
            9.7076298
          ],
          [
            76.506479,
            9.7074917
          ],
          [
            76.5068386,
            9.7072983
          ],
          [
            76.5074643,
            9.7068979
          ],
          [
            76.5077679,
            9.706792
          ],
          [
            76.5080294,
            9.7067091
          ],
          [
            76.5082863,
            9.7066447
          ],
          [
            76.5086335,
            9.7066327
          ],
          [
            76.5089849,
            9.7067464
          ],
          [
            76.5092209,
            9.7067675
          ]
        ]
      }
    },
    {
      "type": "Feature",
      "properties": {
        "name": "Residential Road",
        "highway": "residential",
        "surface": "asphalt",
        "osm_id": 887875451
      },
      "geometry": {
        "type": "LineString",
        "coordinates": [
          [
            76.5044108,
            9.619666
          ],
          [
            76.504448,
            9.6195206
          ],
          [
            76.5044532,
            9.6193889
          ],
          [
            76.5044646,
            9.619282
          ],
          [
            76.5044813,
            9.6191725
          ],
          [
            76.5045036,
            9.619032
          ],
          [
            76.5045032,
            9.6189723
          ],
          [
            76.5044805,
            9.6189348
          ],
          [
            76.5043715,
            9.6189258
          ],
          [
            76.5042845,
            9.6189002
          ],
          [
            76.5042625,
            9.6188516
          ],
          [
            76.5041976,
            9.6185753
          ],
          [
            76.5041133,
            9.6183131
          ],
          [
            76.5040575,
            9.618157
          ],
          [
            76.5040432,
            9.6181045
          ],
          [
            76.5040588,
            9.6180598
          ],
          [
            76.504099,
            9.6180304
          ],
          [
            76.504173,
            9.618015
          ],
          [
            76.5042002,
            9.6179856
          ],
          [
            76.5042184,
            9.6179165
          ],
          [
            76.5042067,
            9.6178142
          ],
          [
            76.5041613,
            9.6177105
          ],
          [
            76.5041457,
            9.6176811
          ],
          [
            76.5041548,
            9.6176325
          ],
          [
            76.5041613,
            9.6175583
          ],
          [
            76.5041055,
            9.6174112
          ],
          [
            76.5040562,
            9.6172679
          ],
          [
            76.5040354,
            9.6171733
          ],
          [
            76.5040186,
            9.6171004
          ],
          [
            76.5039978,
            9.6170479
          ],
          [
            76.5039687,
            9.6169673
          ],
          [
            76.5039666,
            9.616938
          ],
          [
            76.5040006,
            9.6169079
          ],
          [
            76.5040432,
            9.6168982
          ],
          [
            76.5041353,
            9.6168739
          ],
          [
            76.5042065,
            9.6168447
          ],
          [
            76.5042319,
            9.6168336
          ],
          [
            76.5042506,
            9.6168255
          ],
          [
            76.5042597,
            9.6167398
          ],
          [
            76.5042584,
            9.6165325
          ],
          [
            76.5042415,
            9.6163816
          ],
          [
            76.5042571,
            9.6163317
          ],
          [
            76.5042713,
            9.616223
          ],
          [
            76.504261,
            9.6161078
          ],
          [
            76.5042934,
            9.6159863
          ],
          [
            76.5043349,
            9.6158878
          ],
          [
            76.5043726,
            9.6158328
          ],
          [
            76.5044815,
            9.6158341
          ],
          [
            76.5045853,
            9.6158405
          ],
          [
            76.5046502,
            9.6158251
          ],
          [
            76.5046826,
            9.6157829
          ],
          [
            76.50468,
            9.6157509
          ],
          [
            76.504658,
            9.6156524
          ],
          [
            76.504623,
            9.6154823
          ],
          [
            76.5045827,
            9.6153006
          ],
          [
            76.5045762,
            9.6151073
          ],
          [
            76.5045062,
            9.6148631
          ],
          [
            76.5044905,
            9.6147802
          ],
          [
            76.5044569,
            9.6146022
          ],
          [
            76.5044556,
            9.6144474
          ],
          [
            76.5044445,
            9.6143539
          ],
          [
            76.5044387,
            9.6143054
          ],
          [
            76.5044365,
            9.6141194
          ],
          [
            76.5044296,
            9.6139395
          ],
          [
            76.5044309,
            9.6137963
          ],
          [
            76.5044232,
            9.6137246
          ],
          [
            76.5044075,
            9.6136566
          ],
          [
            76.5042275,
            9.6136347
          ],
          [
            76.5040285,
            9.6136394
          ],
          [
            76.5039391,
            9.6136457
          ],
          [
            76.5039079,
            9.6136434
          ],
          [
            76.5038787,
            9.6136056
          ],
          [
            76.5038694,
            9.6135228
          ],
          [
            76.5038333,
            9.613417
          ],
          [
            76.5038122,
            9.6133739
          ],
          [
            76.5037644,
            9.6133531
          ],
          [
            76.5036041,
            9.6133363
          ]
        ]
      }
    },
    {
      "type": "Feature",
      "properties": {
        "name": "Secondary Road",
        "highway": "secondary",
        "surface": "asphalt",
        "osm_id": 887878570
      },
      "geometry": {
        "type": "LineString",
        "coordinates": [
          [
            76.47576,
            9.6191659
          ],
          [
            76.4758274,
            9.6190054
          ],
          [
            76.4757727,
            9.6186359
          ],
          [
            76.4757649,
            9.6185875
          ],
          [
            76.4757228,
            9.6183258
          ],
          [
            76.4757178,
            9.6179185
          ],
          [
            76.4757442,
            9.6175403
          ],
          [
            76.4757727,
            9.6172394
          ],
          [
            76.4758462,
            9.6170432
          ],
          [
            76.4759481,
            9.6169453
          ],
          [
            76.4760883,
            9.6166846
          ],
          [
            76.476219,
            9.6164376
          ],
          [
            76.4763436,
            9.6162573
          ],
          [
            76.4763885,
            9.6161924
          ],
          [
            76.476564,
            9.615816
          ],
          [
            76.4765762,
            9.6157243
          ],
          [
            76.476631,
            9.6153121
          ],
          [
            76.4766937,
            9.614972
          ],
          [
            76.4767586,
            9.6147605
          ],
          [
            76.4768303,
            9.614568
          ]
        ]
      }
    },
    {
      "type": "Feature",
      "properties": {
        "name": "Parippu - Thollayiram Road",
        "highway": "tertiary",
        "surface": "asphalt",
        "osm_id": 887878571
      },
      "geometry": {
        "type": "LineString",
        "coordinates": [
          [
            76.460439,
            9.6174077
          ],
          [
            76.4613556,
            9.6172316
          ],
          [
            76.4622567,
            9.617235
          ],
          [
            76.4629539,
            9.6173345
          ],
          [
            76.4642865,
            9.6176104
          ],
          [
            76.4648625,
            9.6177836
          ],
          [
            76.4652707,
            9.6178525
          ],
          [
            76.4655974,
            9.6179132
          ],
          [
            76.4660615,
            9.6178683
          ],
          [
            76.4665573,
            9.6178296
          ],
          [
            76.4669117,
            9.6178656
          ],
          [
            76.467298,
            9.6179
          ],
          [
            76.4677163,
            9.6178587
          ],
          [
            76.4678746,
            9.6179026
          ],
          [
            76.4679268,
            9.6179341
          ],
          [
            76.4683869,
            9.6182121
          ],
          [
            76.4685425,
            9.6183601
          ],
          [
            76.4689476,
            9.6185808
          ],
          [
            76.4696932,
            9.6189657
          ],
          [
            76.4701921,
            9.6192275
          ],
          [
            76.4705734,
            9.6193743
          ],
          [
            76.4709806,
            9.6194841
          ],
          [
            76.4714393,
            9.6195793
          ],
          [
            76.471855,
            9.6196983
          ],
          [
            76.4723602,
            9.6198161
          ],
          [
            76.4726678,
            9.6199257
          ],
          [
            76.4730835,
            9.6200315
          ],
          [
            76.4736814,
            9.6200335
          ],
          [
            76.4739137,
            9.6200283
          ],
          [
            76.4741148,
            9.6199745
          ],
          [
            76.4742826,
            9.6199295
          ],
          [
            76.4745667,
            9.619906
          ],
          [
            76.474596,
            9.6199036
          ],
          [
            76.4747446,
            9.6198757
          ],
          [
            76.4749124,
            9.6198742
          ],
          [
            76.4751858,
            9.6199193
          ],
          [
            76.4753196,
            9.619914
          ],
          [
            76.4754401,
            9.6198936
          ],
          [
            76.475509,
            9.619866
          ],
          [
            76.4755095,
            9.6198611
          ]
        ]
      }
    },
    {
      "type": "Feature",
      "properties": {
        "name": "Residential Road",
        "highway": "residential",
        "surface": "asphalt",
        "osm_id": 887878576
      },
      "geometry": {
        "type": "LineString",
        "coordinates": [
          [
            76.4767925,
            9.619198
          ],
          [
            76.4767979,
            9.6188971
          ],
          [
            76.4768199,
            9.6186796
          ],
          [
            76.4768264,
            9.6184839
          ],
          [
            76.4767966,
            9.6183355
          ],
          [
            76.476786,
            9.6183011
          ],
          [
            76.4767742,
            9.6182567
          ]
        ]
      }
    },
    {
      "type": "Feature",
      "properties": {
        "name": "Residential Road",
        "highway": "residential",
        "surface": "asphalt",
        "osm_id": 887880715
      },
      "geometry": {
        "type": "LineString",
        "coordinates": [
          [
            76.493972,
            9.6175683
          ],
          [
            76.4940566,
            9.6175814
          ],
          [
            76.4941227,
            9.6175901
          ],
          [
            76.49418,
            9.6176147
          ],
          [
            76.4942226,
            9.6176625
          ],
          [
            76.4944224,
            9.6176553
          ],
          [
            76.4945987,
            9.6176625
          ],
          [
            76.4947941,
            9.617761
          ],
          [
            76.4949557,
            9.617803
          ]
        ]
      }
    },
    {
      "type": "Feature",
      "properties": {
        "name": "Unclassified Road",
        "highway": "unclassified",
        "surface": "asphalt",
        "osm_id": 889418782
      },
      "geometry": {
        "type": "LineString",
        "coordinates": [
          [
            76.5154041,
            9.7226056
          ],
          [
            76.5139792,
            9.7227234
          ],
          [
            76.5135969,
            9.7227759
          ],
          [
            76.5131915,
            9.7226709
          ],
          [
            76.5127236,
            9.7224631
          ],
          [
            76.5123969,
            9.7223626
          ],
          [
            76.5120726,
            9.7223489
          ],
          [
            76.5117228,
            9.7223352
          ],
          [
            76.5115398,
            9.7220224
          ],
          [
            76.5112595,
            9.7218124
          ],
          [
            76.5109768,
            9.7216891
          ],
          [
            76.5105112,
            9.7216617
          ],
          [
            76.5097907,
            9.7216754
          ],
          [
            76.5092796,
            9.7216916
          ],
          [
            76.5092162,
            9.7216936
          ],
          [
            76.5089197,
            9.7217872
          ],
          [
            76.5085259,
            9.7219585
          ],
          [
            76.5079628,
            9.7221896
          ],
          [
            76.5079208,
            9.7222068
          ],
          [
            76.5074854,
            9.7224421
          ],
          [
            76.5071837,
            9.7225455
          ],
          [
            76.5069308,
            9.7225975
          ]
        ]
      }
    },
    {
      "type": "Feature",
      "properties": {
        "name": "Unclassified Road",
        "highway": "unclassified",
        "surface": "asphalt",
        "osm_id": 889418783
      },
      "geometry": {
        "type": "LineString",
        "coordinates": [
          [
            76.5131586,
            9.6898583
          ],
          [
            76.5129801,
            9.6898081
          ],
          [
            76.5127615,
            9.6897341
          ],
          [
            76.5126068,
            9.6896885
          ],
          [
            76.5124137,
            9.6895532
          ],
          [
            76.5122477,
            9.6894903
          ],
          [
            76.5119302,
            9.6893708
          ],
          [
            76.5117562,
            9.6892434
          ],
          [
            76.5114802,
            9.689149
          ],
          [
            76.5111993,
            9.6890908
          ],
          [
            76.5108978,
            9.6889791
          ],
          [
            76.5102909,
            9.6890067
          ],
          [
            76.5099015,
            9.6890265
          ],
          [
            76.5097162,
            9.689111
          ],
          [
            76.5094799,
            9.6891293
          ],
          [
            76.509334,
            9.6888941
          ],
          [
            76.5092899,
            9.6887662
          ],
          [
            76.509239,
            9.688499
          ],
          [
            76.5090119,
            9.6883711
          ],
          [
            76.5088127,
            9.6884282
          ],
          [
            76.5085255,
            9.6884762
          ],
          [
            76.5084325,
            9.6885359
          ],
          [
            76.5083726,
            9.6885744
          ],
          [
            76.5079926,
            9.688604
          ],
          [
            76.5076266,
            9.6885926
          ],
          [
            76.5070915,
            9.6886132
          ],
          [
            76.5067069,
            9.6886292
          ],
          [
            76.5063918,
            9.68862
          ],
          [
            76.506093,
            9.6887296
          ],
          [
            76.5059674,
            9.6887937
          ],
          [
            76.5059084,
            9.6888202
          ],
          [
            76.5058554,
            9.6888449
          ],
          [
            76.5058011,
            9.6888712
          ],
          [
            76.5057455,
            9.6890813
          ],
          [
            76.5057282,
            9.689331
          ],
          [
            76.5052093,
            9.6894439
          ],
          [
            76.5050306,
            9.6895069
          ]
        ]
      }
    },
    {
      "type": "Feature",
      "properties": {
        "name": "Residential Road",
        "highway": "residential",
        "surface": "asphalt",
        "osm_id": 889418784
      },
      "geometry": {
        "type": "LineString",
        "coordinates": [
          [
            76.5095742,
            9.6684309
          ],
          [
            76.5093359,
            9.6684484
          ],
          [
            76.50922,
            9.6685128
          ],
          [
            76.5090656,
            9.6686358
          ],
          [
            76.5090036,
            9.6687342
          ],
          [
            76.5090032,
            9.668829
          ],
          [
            76.5090231,
            9.6690291
          ],
          [
            76.5090263,
            9.6690872
          ],
          [
            76.5090336,
            9.6692232
          ],
          [
            76.5090378,
            9.6692784
          ],
          [
            76.5090303,
            9.6694112
          ],
          [
            76.5089878,
            9.6696836
          ],
          [
            76.5088998,
            9.6699485
          ],
          [
            76.5087839,
            9.6702248
          ],
          [
            76.5087052,
            9.6705034
          ],
          [
            76.5085245,
            9.6707386
          ],
          [
            76.5082997,
            9.6711246
          ],
          [
            76.5081978,
            9.6713872
          ],
          [
            76.5081458,
            9.6715476
          ],
          [
            76.5081768,
            9.6716438
          ],
          [
            76.5082974,
            9.6718188
          ],
          [
            76.5082931,
            9.6722396
          ],
          [
            76.5082905,
            9.6724971
          ],
          [
            76.5083229,
            9.672698
          ],
          [
            76.5083553,
            9.6730748
          ],
          [
            76.5082858,
            9.6731936
          ],
          [
            76.5081329,
            9.6731753
          ],
          [
            76.5080194,
            9.6731365
          ],
          [
            76.5079931,
            9.6733185
          ],
          [
            76.507965,
            9.6734477
          ],
          [
            76.5079706,
            9.6736241
          ],
          [
            76.507886,
            9.6738242
          ],
          [
            76.5078593,
            9.6740395
          ],
          [
            76.5078211,
            9.6742544
          ],
          [
            76.5079346,
            9.6742864
          ],
          [
            76.5081547,
            9.6742452
          ],
          [
            76.5083353,
            9.674259
          ],
          [
            76.5083593,
            9.6742568
          ],
          [
            76.5086064,
            9.6742338
          ],
          [
            76.5089724,
            9.6742041
          ],
          [
            76.50935,
            9.6742338
          ],
          [
            76.5099871,
            9.6742909
          ],
          [
            76.5107724,
            9.67438
          ],
          [
            76.5111477,
            9.6744165
          ],
          [
            76.5115416,
            9.6743891
          ],
          [
            76.5115114,
            9.6746403
          ],
          [
            76.5118612,
            9.6747362
          ],
          [
            76.5122041,
            9.6748436
          ],
          [
            76.5125516,
            9.6749258
          ],
          [
            76.5129477,
            9.6750217
          ],
          [
            76.5130091,
            9.675047
          ],
          [
            76.5130474,
            9.6750628
          ],
          [
            76.513096,
            9.6752569
          ],
          [
            76.513096,
            9.6754807
          ],
          [
            76.5131496,
            9.6757899
          ]
        ]
      }
    },
    {
      "type": "Feature",
      "properties": {
        "name": "Unclassified Road",
        "highway": "unclassified",
        "surface": "asphalt",
        "osm_id": 889418786
      },
      "geometry": {
        "type": "LineString",
        "coordinates": [
          [
            76.505673,
            9.6845366
          ],
          [
            76.5059284,
            9.684535
          ],
          [
            76.5062948,
            9.6845475
          ],
          [
            76.5066928,
            9.6845692
          ],
          [
            76.5068796,
            9.6845794
          ],
          [
            76.5072488,
            9.6846072
          ],
          [
            76.5076122,
            9.6845373
          ],
          [
            76.5076405,
            9.6844687
          ],
          [
            76.5081733,
            9.6843669
          ],
          [
            76.5085693,
            9.6842933
          ],
          [
            76.5089582,
            9.6842502
          ],
          [
            76.5094561,
            9.6841297
          ],
          [
            76.509765,
            9.6840269
          ],
          [
            76.509559,
            9.6835991
          ],
          [
            76.5097541,
            9.6835385
          ],
          [
            76.509821,
            9.683478
          ],
          [
            76.5098351,
            9.6833335
          ],
          [
            76.5097984,
            9.6831765
          ],
          [
            76.5096716,
            9.683114
          ],
          [
            76.5094856,
            9.6831515
          ],
          [
            76.5094433,
            9.6830682
          ],
          [
            76.5095363,
            9.683021
          ],
          [
            76.5094532,
            9.6828223
          ],
          [
            76.5093447,
            9.6825459
          ],
          [
            76.5093066,
            9.6824264
          ],
          [
            76.5092841,
            9.6821472
          ],
          [
            76.5092953,
            9.6820763
          ],
          [
            76.5094687,
            9.6820416
          ],
          [
            76.5095089,
            9.6819606
          ],
          [
            76.5095701,
            9.6818374
          ],
          [
            76.5096011,
            9.6815221
          ],
          [
            76.509628,
            9.681332
          ]
        ]
      }
    },
    {
      "type": "Feature",
      "properties": {
        "name": "Unclassified Road",
        "highway": "unclassified",
        "surface": "asphalt",
        "osm_id": 889422571
      },
      "geometry": {
        "type": "LineString",
        "coordinates": [
          [
            76.5163246,
            9.686229
          ],
          [
            76.5161556,
            9.6860748
          ],
          [
            76.515968,
            9.6859297
          ],
          [
            76.5158708,
            9.6858442
          ],
          [
            76.5157977,
            9.6857777
          ],
          [
            76.5157514,
            9.6857121
          ],
          [
            76.5157072,
            9.685518
          ],
          [
            76.5156574,
            9.6853383
          ],
          [
            76.5154037,
            9.6850551
          ],
          [
            76.5152186,
            9.6847657
          ],
          [
            76.5149904,
            9.6845266
          ],
          [
            76.5147159,
            9.6842687
          ],
          [
            76.5144494,
            9.6839572
          ],
          [
            76.5142372,
            9.6837401
          ],
          [
            76.5139659,
            9.6835593
          ],
          [
            76.513867,
            9.6834885
          ],
          [
            76.5138075,
            9.6835545
          ],
          [
            76.5135734,
            9.6838141
          ],
          [
            76.5133883,
            9.6840815
          ],
          [
            76.5133229,
            9.6842403
          ],
          [
            76.5133691,
            9.6844055
          ],
          [
            76.5132303,
            9.6845188
          ],
          [
            76.5130101,
            9.6846037
          ],
          [
            76.5128156,
            9.6846443
          ],
          [
            76.5127037,
            9.684761
          ],
          [
            76.5125442,
            9.6848994
          ],
          [
            76.512174,
            9.685041
          ],
          [
            76.5117862,
            9.6852345
          ],
          [
            76.5116554,
            9.6853162
          ],
          [
            76.5114384,
            9.6852688
          ],
          [
            76.5113027,
            9.6852392
          ],
          [
            76.5110522,
            9.6852439
          ],
          [
            76.5109533,
            9.6852439
          ],
          [
            76.5107022,
            9.6853395
          ],
          [
            76.5106843,
            9.6850342
          ],
          [
            76.5106336,
            9.6847042
          ],
          [
            76.5106245,
            9.68447
          ],
          [
            76.5106037,
            9.6843736
          ],
          [
            76.5105862,
            9.6842923
          ],
          [
            76.5104809,
            9.6842985
          ],
          [
            76.5104123,
            9.6841601
          ],
          [
            76.5103421,
            9.6839037
          ],
          [
            76.5103022,
            9.6835152
          ],
          [
            76.5102831,
            9.6832478
          ],
          [
            76.5102671,
            9.683133
          ],
          [
            76.5101458,
            9.6829231
          ],
          [
            76.5098912,
            9.6824007
          ],
          [
            76.5096836,
            9.6820324
          ],
          [
            76.5096463,
            9.6819751
          ],
          [
            76.5095089,
            9.6819606
          ]
        ]
      }
    },
    {
      "type": "Feature",
      "properties": {
        "name": "Residential Road",
        "highway": "residential",
        "surface": "asphalt",
        "osm_id": 894819206
      },
      "geometry": {
        "type": "LineString",
        "coordinates": [
          [
            76.505649,
            9.6814204
          ],
          [
            76.5058209,
            9.6814145
          ],
          [
            76.5059834,
            9.6814307
          ],
          [
            76.5064101,
            9.6813907
          ],
          [
            76.506425,
            9.6813373
          ],
          [
            76.5064769,
            9.6810786
          ],
          [
            76.506454,
            9.6806255
          ],
          [
            76.5064426,
            9.6803891
          ],
          [
            76.5064571,
            9.680083
          ]
        ]
      }
    },
    {
      "type": "Feature",
      "properties": {
        "name": "Alphonsabhavan Road",
        "highway": "residential",
        "surface": "asphalt",
        "osm_id": 894852836
      },
      "geometry": {
        "type": "LineString",
        "coordinates": [
          [
            76.5092932,
            9.6262023
          ],
          [
            76.5098,
            9.6262077
          ],
          [
            76.5098325,
            9.6262086
          ],
          [
            76.5098955,
            9.6262129
          ],
          [
            76.5099598,
            9.6262169
          ],
          [
            76.5100282,
            9.6262479
          ],
          [
            76.5100779,
            9.6263524
          ],
          [
            76.5100879,
            9.6264668
          ],
          [
            76.5100893,
            9.6265283
          ],
          [
            76.5101007,
            9.6265878
          ],
          [
            76.510128,
            9.6266248
          ],
          [
            76.5101575,
            9.6266259
          ]
        ]
      }
    },
    {
      "type": "Feature",
      "properties": {
        "name": "School Road",
        "highway": "unclassified",
        "surface": "asphalt",
        "osm_id": 894857205
      },
      "geometry": {
        "type": "LineString",
        "coordinates": [
          [
            76.5095374,
            9.640843
          ],
          [
            76.5092742,
            9.6408394
          ],
          [
            76.5089264,
            9.6407924
          ],
          [
            76.5086429,
            9.6407361
          ],
          [
            76.5085884,
            9.6407259
          ],
          [
            76.5082928,
            9.6406703
          ],
          [
            76.5080597,
            9.6406447
          ],
          [
            76.5080015,
            9.6409452
          ],
          [
            76.507665,
            9.640955
          ],
          [
            76.5075401,
            9.6409563
          ],
          [
            76.5075262,
            9.6411538
          ],
          [
            76.5075359,
            9.6415442
          ],
          [
            76.5075335,
            9.6418401
          ],
          [
            76.5075083,
            9.6420497
          ],
          [
            76.5074064,
            9.6424386
          ]
        ]
      }
    },
    {
      "type": "Feature",
      "properties": {
        "name": "Unclassified Road",
        "highway": "unclassified",
        "surface": "asphalt",
        "osm_id": 894864613
      },
      "geometry": {
        "type": "LineString",
        "coordinates": [
          [
            76.5070542,
            9.7214151
          ],
          [
            76.5073004,
            9.7213835
          ],
          [
            76.5074399,
            9.7213703
          ],
          [
            76.5076464,
            9.7213386
          ],
          [
            76.5078476,
            9.7212831
          ],
          [
            76.5080595,
            9.7212408
          ],
          [
            76.5081534,
            9.7211826
          ],
          [
            76.508199,
            9.7211826
          ],
          [
            76.508266,
            9.7211429
          ],
          [
            76.5083653,
            9.7211271
          ],
          [
            76.5083975,
            9.7211535
          ],
          [
            76.5085262,
            9.7211033
          ],
          [
            76.5086469,
            9.721098
          ],
          [
            76.5087596,
            9.7210821
          ],
          [
            76.5088105,
            9.7210874
          ],
          [
            76.5088722,
            9.7210372
          ],
          [
            76.5089044,
            9.7210504
          ],
          [
            76.5090036,
            9.7209975
          ],
          [
            76.5090546,
            9.7210293
          ]
        ]
      }
    },
    {
      "type": "Feature",
      "properties": {
        "name": "Unclassified Road",
        "highway": "unclassified",
        "surface": "asphalt",
        "osm_id": 894864614
      },
      "geometry": {
        "type": "LineString",
        "coordinates": [
          [
            76.5090546,
            9.7210293
          ],
          [
            76.5091166,
            9.7209829
          ],
          [
            76.5091425,
            9.7209993
          ],
          [
            76.5091554,
            9.721012
          ]
        ]
      }
    },
    {
      "type": "Feature",
      "properties": {
        "name": "Unclassified Road",
        "highway": "unclassified",
        "surface": "asphalt",
        "osm_id": 894864615
      },
      "geometry": {
        "type": "LineString",
        "coordinates": [
          [
            76.5091554,
            9.721012
          ],
          [
            76.5091591,
            9.7210885
          ],
          [
            76.5092644,
            9.7210867
          ],
          [
            76.509318,
            9.7211705
          ],
          [
            76.50927,
            9.7212142
          ],
          [
            76.5093051,
            9.7212961
          ],
          [
            76.5093254,
            9.7213307
          ],
          [
            76.5092796,
            9.7216916
          ]
        ]
      }
    }
  ]
}